Latitude,Longitude,DateTime,Image Index
-18.699759,-45.1999408,2021:05:05 14:43:23, _Campo2021-05-TM_0000SET_000_IMG_0005
-18.6991291,-45.1998007,2021:05:05 14:43:37, _Campo2021-05-TM_0000SET_000_IMG_0010
-18.699525,-45.199486,2021:05:05 14:43:53, _Campo2021-05-TM_0000SET_000_IMG_0015
-18.7003994,-45.1993251,2021:05:05 14:44:04, _Campo2021-05-TM_0000SET_000_IMG_0020
-18.6996187,-45.1990796,2021:05:05 14:44:23, _Campo2021-05-TM_0000SET_000_IMG_0025
-18.6986388,-45.1986095,2021:05:05 14:44:36, _Campo2021-05-TM_0000SET_000_IMG_0030
-18.6998645,-45.1987717,2021:05:05 14:44:56, _Campo2021-05-TM_0000SET_000_IMG_0035
-18.7006379,-45.1988679,2021:05:05 14:45:05, _Campo2021-05-TM_0000SET_000_IMG_0040
-18.7007368,-45.1985905,2021:05:05 14:45:22, _Campo2021-05-TM_0000SET_000_IMG_0045
-18.699787,-45.1984546,2021:05:05 14:45:33, _Campo2021-05-TM_0000SET_000_IMG_0050
-18.6987467,-45.1983123,2021:05:05 14:45:44, _Campo2021-05-TM_0000SET_000_IMG_0055
-18.6982865,-45.1979056,2021:05:05 14:46:03, _Campo2021-05-TM_0000SET_000_IMG_0060
-18.6998031,-45.1981482,2021:05:05 14:46:20, _Campo2021-05-TM_0000SET_000_IMG_0065
-18.7008618,-45.1983137,2021:05:05 14:46:31, _Campo2021-05-TM_0000SET_000_IMG_0070
-18.7014688,-45.198104,2021:05:05 14:46:50, _Campo2021-05-TM_0000SET_000_IMG_0075
-18.7005634,-45.1979795,2021:05:05 14:47:01, _Campo2021-05-TM_0000SET_000_IMG_0080
-18.699559,-45.1978443,2021:05:05 14:47:11, _Campo2021-05-TM_0000SET_000_IMG_0085
-18.6987229,-45.1977176,2021:05:05 14:47:27, _Campo2021-05-TM_0000SET_000_IMG_0090
-18.6979989,-45.1972458,2021:05:05 14:47:45, _Campo2021-05-TM_0000SET_000_IMG_0095
-18.6988494,-45.1973844,2021:05:05 14:47:54, _Campo2021-05-TM_0000SET_000_IMG_0100
-18.6997966,-45.1975085,2021:05:05 14:48:04, _Campo2021-05-TM_0000SET_000_IMG_0105
-18.7008109,-45.1976723,2021:05:05 14:48:14, _Campo2021-05-TM_0000SET_000_IMG_0110
-18.7018945,-45.1978093,2021:05:05 14:48:25, _Campo2021-05-TM_0000SET_000_IMG_0115
-18.7017116,-45.1975381,2021:05:05 14:48:44, _Campo2021-05-TM_0000SET_000_IMG_0120
-18.7007092,-45.1974074,2021:05:05 14:48:55, _Campo2021-05-TM_0000SET_000_IMG_0125
-18.6996733,-45.1972585,2021:05:05 14:49:05, _Campo2021-05-TM_0000SET_000_IMG_0130
-18.698637,-45.1970946,2021:05:05 14:49:16, _Campo2021-05-TM_0000SET_000_IMG_0135
-18.6976538,-45.1969161,2021:05:05 14:49:26, _Campo2021-05-TM_0000SET_000_IMG_0140
-18.6970858,-45.1964799,2021:05:05 14:49:43, _Campo2021-05-TM_0000SET_000_IMG_0145
-18.6983523,-45.1966838,2021:05:05 14:49:55, _Campo2021-05-TM_0000SET_000_IMG_0150
-18.6994539,-45.1968487,2021:05:05 14:50:06, _Campo2021-05-TM_0000SET_000_IMG_0155
-18.7004961,-45.1970149,2021:05:05 14:50:16, _Campo2021-05-TM_0000SET_000_IMG_0160
-18.7014846,-45.1971817,2021:05:05 14:50:27, _Campo2021-05-TM_0000SET_000_IMG_0165
-18.7025794,-45.1972477,2021:05:05 14:50:38, _Campo2021-05-TM_0000SET_000_IMG_0170
-18.702586,-45.1970396,2021:05:05 14:50:52, _Campo2021-05-TM_0000SET_000_IMG_0175
-18.7018056,-45.1969405,2021:05:05 14:51:01, _Campo2021-05-TM_0000SET_000_IMG_0180
-18.7009934,-45.1968432,2021:05:05 14:51:09, _Campo2021-05-TM_0000SET_000_IMG_0185
-18.700061,-45.1967028,2021:05:05 14:51:18, _Campo2021-05-TM_0000SET_000_IMG_0190
-18.6990397,-45.1965451,2021:05:05 14:51:29, _Campo2021-05-TM_0000SET_000_IMG_0195
-18.698078,-45.1963708,2021:05:05 14:51:39, _Campo2021-05-TM_0000SET_001_IMG_0200
-18.6973772,-45.1961449,2021:05:05 14:51:54, _Campo2021-05-TM_0000SET_001_IMG_0205
-18.6990152,-45.1962211,2021:05:05 14:52:13, _Campo2021-05-TM_0000SET_001_IMG_0210
-18.7002875,-45.1964336,2021:05:05 14:52:26, _Campo2021-05-TM_0000SET_001_IMG_0215
-18.7013315,-45.1965885,2021:05:05 14:52:37, _Campo2021-05-TM_0000SET_001_IMG_0220
-18.7023422,-45.1967593,2021:05:05 14:52:48, _Campo2021-05-TM_0000SET_001_IMG_0225
-18.7033293,-45.1966668,2021:05:05 14:52:59, _Campo2021-05-TM_0000SET_001_IMG_0230
-18.7026348,-45.1964885,2021:05:05 14:53:16, _Campo2021-05-TM_0000SET_001_IMG_0235
-18.701799,-45.1963693,2021:05:05 14:53:24, _Campo2021-05-TM_0000SET_001_IMG_0240
-18.7009473,-45.1962405,2021:05:05 14:53:33, _Campo2021-05-TM_0000SET_001_IMG_0245
-18.7000989,-45.1960996,2021:05:05 14:53:41, _Campo2021-05-TM_0000SET_001_IMG_0250
-18.6988323,-45.1958833,2021:05:05 14:53:57, _Campo2021-05-TM_0000SET_001_IMG_0255
-18.6978528,-45.1956588,2021:05:05 14:54:14, _Campo2021-05-TM_0000SET_001_IMG_0260
-18.6990073,-45.1956202,2021:05:05 14:54:27, _Campo2021-05-TM_0000SET_001_IMG_0265
-18.7000919,-45.1957872,2021:05:05 14:54:38, _Campo2021-05-TM_0000SET_001_IMG_0270
-18.7010998,-45.1959297,2021:05:05 14:54:48, _Campo2021-05-TM_0000SET_001_IMG_0275
-18.7021868,-45.1960965,2021:05:05 14:54:59, _Campo2021-05-TM_0000SET_001_IMG_0280
-18.7032066,-45.1962424,2021:05:05 14:55:09, _Campo2021-05-TM_0000SET_001_IMG_0285
-18.7039748,-45.1960896,2021:05:05 14:55:19, _Campo2021-05-TM_0000SET_001_IMG_0290
-18.7032364,-45.1959772,2021:05:05 14:55:33, _Campo2021-05-TM_0000SET_001_IMG_0295
-18.7021975,-45.1958391,2021:05:05 14:55:44, _Campo2021-05-TM_0000SET_001_IMG_0300
-18.7011728,-45.1956825,2021:05:05 14:55:54, _Campo2021-05-TM_0000SET_001_IMG_0305
-18.700143,-45.195508,2021:05:05 14:56:05, _Campo2021-05-TM_0000SET_001_IMG_0310
-18.6985258,-45.1952083,2021:05:05 14:56:24, _Campo2021-05-TM_0000SET_001_IMG_0315
-18.6991083,-45.1949996,2021:05:05 14:56:39, _Campo2021-05-TM_0000SET_001_IMG_0320
-18.7000859,-45.1951693,2021:05:05 14:56:49, _Campo2021-05-TM_0000SET_001_IMG_0325
-18.701076,-45.1953285,2021:05:05 14:57:00, _Campo2021-05-TM_0000SET_001_IMG_0330
-18.7021107,-45.1954765,2021:05:05 14:57:10, _Campo2021-05-TM_0000SET_001_IMG_0335
-18.7031231,-45.1956389,2021:05:05 14:57:20, _Campo2021-05-TM_0000SET_001_IMG_0340
-18.7041931,-45.1957287,2021:05:05 14:57:31, _Campo2021-05-TM_0000SET_001_IMG_0345
-18.704098,-45.1955006,2021:05:05 14:57:47, _Campo2021-05-TM_0000SET_001_IMG_0350
-18.7031418,-45.1953745,2021:05:05 14:57:58, _Campo2021-05-TM_0000SET_001_IMG_0355
-18.7021164,-45.1952265,2021:05:05 14:58:08, _Campo2021-05-TM_0000SET_001_IMG_0360
-18.7010973,-45.195062,2021:05:05 14:58:18, _Campo2021-05-TM_0000SET_001_IMG_0365
-18.7000733,-45.1948844,2021:05:05 14:58:29, _Campo2021-05-TM_0000SET_001_IMG_0370
-18.699151,-45.1945034,2021:05:05 14:58:54, _Campo2021-05-TM_0000SET_001_IMG_0375
-18.7004991,-45.1946156,2021:05:05 14:59:05, _Campo2021-05-TM_0000SET_001_IMG_0380
-18.7014536,-45.1947727,2021:05:05 14:59:15, _Campo2021-05-TM_0000SET_001_IMG_0385
-18.7024488,-45.1949334,2021:05:05 14:59:25, _Campo2021-05-TM_0000SET_001_IMG_0390
-18.7034469,-45.1951011,2021:05:05 14:59:36, _Campo2021-05-TM_0000SET_001_IMG_0395
-18.7044482,-45.1952523,2021:05:05 14:59:46, _Campo2021-05-TM_0000SET_002_IMG_0400
-18.70509,-45.1950528,2021:05:05 14:59:57, _Campo2021-05-TM_0000SET_002_IMG_0405
-18.7041469,-45.1949133,2021:05:05 15:00:11, _Campo2021-05-TM_0000SET_002_IMG_0410
-18.7031191,-45.1947688,2021:05:05 15:00:22, _Campo2021-05-TM_0000SET_002_IMG_0415
-18.7020968,-45.1946196,2021:05:05 15:00:32, _Campo2021-05-TM_0000SET_002_IMG_0420
-18.7010724,-45.1944522,2021:05:05 15:00:43, _Campo2021-05-TM_0000SET_002_IMG_0425
-18.6999243,-45.1942444,2021:05:05 15:01:01, _Campo2021-05-TM_0000SET_002_IMG_0430
-18.7003263,-45.1939798,2021:05:05 15:01:16, _Campo2021-05-TM_0000SET_002_IMG_0435
-18.7014525,-45.1941426,2021:05:05 15:01:28, _Campo2021-05-TM_0000SET_002_IMG_0440
-18.7023698,-45.1942796,2021:05:05 15:01:38, _Campo2021-05-TM_0000SET_002_IMG_0445
-18.7033181,-45.1944402,2021:05:05 15:01:47, _Campo2021-05-TM_0000SET_002_IMG_0450
-18.7043306,-45.1946123,2021:05:05 15:01:58, _Campo2021-05-TM_0000SET_002_IMG_0455
-18.7052605,-45.1947071,2021:05:05 15:02:07, _Campo2021-05-TM_0000SET_002_IMG_0460
-18.7050047,-45.194434,2021:05:05 15:02:26, _Campo2021-05-TM_0000SET_002_IMG_0465
-18.7040276,-45.1943171,2021:05:05 15:02:36, _Campo2021-05-TM_0000SET_002_IMG_0470
-18.703,-45.1941652,2021:05:05 15:02:46, _Campo2021-05-TM_0000SET_002_IMG_0475
-18.7018524,-45.193966,2021:05:05 15:03:02, _Campo2021-05-TM_0000SET_002_IMG_0480
-18.7001661,-45.193647,2021:05:05 15:03:17, _Campo2021-05-TM_0000SET_002_IMG_0485
-18.700596,-45.1934115,2021:05:05 15:03:31, _Campo2021-05-TM_0000SET_002_IMG_0490
-18.7015641,-45.1935593,2021:05:05 15:03:42, _Campo2021-05-TM_0000SET_002_IMG_0495
-18.702479,-45.1936926,2021:05:05 15:03:51, _Campo2021-05-TM_0000SET_002_IMG_0500
-18.7034606,-45.1938454,2021:05:05 15:04:01, _Campo2021-05-TM_0000SET_002_IMG_0505
-18.7044852,-45.1940225,2021:05:05 15:04:12, _Campo2021-05-TM_0000SET_002_IMG_0510
-18.7054776,-45.1941894,2021:05:05 15:04:22, _Campo2021-05-TM_0000SET_002_IMG_0515
-18.7057939,-45.1939561,2021:05:05 15:04:36, _Campo2021-05-TM_0000SET_002_IMG_0520
-18.7048866,-45.1938376,2021:05:05 15:04:47, _Campo2021-05-TM_0000SET_002_IMG_0525
-18.7038472,-45.1936872,2021:05:05 15:04:57, _Campo2021-05-TM_0000SET_002_IMG_0530
-18.7024315,-45.1934533,2021:05:05 15:05:15, _Campo2021-05-TM_0000SET_002_IMG_0535
-18.7012008,-45.1932077,2021:05:05 15:05:24, _Campo2021-05-TM_0000SET_002_IMG_0540
-18.7009597,-45.1928869,2021:05:05 15:05:42, _Campo2021-05-TM_0000SET_002_IMG_0545
-18.7017857,-45.1930102,2021:05:05 15:05:52, _Campo2021-05-TM_0000SET_002_IMG_0550
-18.7027541,-45.1931738,2021:05:05 15:06:03, _Campo2021-05-TM_0000SET_002_IMG_0555
-18.7037225,-45.1933301,2021:05:05 15:06:13, _Campo2021-05-TM_0000SET_002_IMG_0560
-18.7047602,-45.193498,2021:05:05 15:06:23, _Campo2021-05-TM_0000SET_002_IMG_0565
-18.7056445,-45.1936381,2021:05:05 15:06:35, _Campo2021-05-TM_0000SET_002_IMG_0570
-18.7049742,-45.1932353,2021:05:05 15:06:49, _Campo2021-05-TM_0000SET_002_IMG_0575
-18.7039906,-45.1930726,2021:05:05 15:06:59, _Campo2021-05-TM_0000SET_002_IMG_0580
-18.7029201,-45.1929028,2021:05:05 15:07:10, _Campo2021-05-TM_0000SET_002_IMG_0585
-18.7016452,-45.1926769,2021:05:05 15:07:24, _Campo2021-05-TM_0000SET_002_IMG_0590
-18.7015676,-45.1923725,2021:05:05 15:07:43, _Campo2021-05-TM_0000SET_002_IMG_0595
-18.7024996,-45.1925322,2021:05:05 15:07:53, _Campo2021-05-TM_0000SET_003_IMG_0600
-18.7035356,-45.1926971,2021:05:05 15:08:04, _Campo2021-05-TM_0000SET_003_IMG_0605
-18.7045885,-45.1928655,2021:05:05 15:08:15, _Campo2021-05-TM_0000SET_003_IMG_0610
-18.7049583,-45.1927784,2021:05:05 15:08:29, _Campo2021-05-TM_0000SET_003_IMG_0615
-18.7041329,-45.1925017,2021:05:05 15:08:40, _Campo2021-05-TM_0000SET_003_IMG_0620
-18.7028833,-45.1922952,2021:05:05 15:08:53, _Campo2021-05-TM_0000SET_003_IMG_0625
-18.7019009,-45.1921231,2021:05:05 15:09:04, _Campo2021-05-TM_0000SET_003_IMG_0630
-18.7019629,-45.1918801,2021:05:05 15:09:17, _Campo2021-05-TM_0000SET_003_IMG_0635
-18.702867,-45.1919973,2021:05:05 15:09:28, _Campo2021-05-TM_0000SET_003_IMG_0640
-18.7038685,-45.1921537,2021:05:05 15:09:46, _Campo2021-05-TM_0000SET_003_IMG_0645
-18.7042427,-45.1919356,2021:05:05 15:10:01, _Campo2021-05-TM_0000SET_003_IMG_0650
-18.7031586,-45.1917217,2021:05:05 15:10:11, _Campo2021-05-TM_0000SET_003_IMG_0655
-18.7023369,-45.1915743,2021:05:05 15:10:20, _Campo2021-05-TM_0000SET_003_IMG_0660
-18.7027978,-45.191358,2021:05:05 15:10:35, _Campo2021-05-TM_0000SET_003_IMG_0665
-18.7037427,-45.1915009,2021:05:05 15:10:46, _Campo2021-05-TM_0000SET_003_IMG_0670
-18.7037006,-45.1911969,2021:05:05 15:11:01, _Campo2021-05-TM_0000SET_003_IMG_0675
-18.702817,-45.1910027,2021:05:05 15:11:13, _Campo2021-05-TM_0000SET_003_IMG_0680
-18.7030878,-45.1912157,2021:05:05 16:34:04, _Campo2021-05-TM_0002SET_000_IMG_0001
-18.7039371,-45.1906914,2021:05:05 16:34:15, _Campo2021-05-TM_0002SET_000_IMG_0006
-18.7041398,-45.1907456,2021:05:05 16:34:34, _Campo2021-05-TM_0002SET_000_IMG_0011
-18.7033988,-45.1912772,2021:05:05 16:34:44, _Campo2021-05-TM_0002SET_000_IMG_0016
-18.703518,-45.1916093,2021:05:05 16:35:01, _Campo2021-05-TM_0002SET_000_IMG_0021
-18.7042524,-45.1910711,2021:05:05 16:35:11, _Campo2021-05-TM_0002SET_000_IMG_0026
-18.7052798,-45.1903234,2021:05:05 16:35:24, _Campo2021-05-TM_0002SET_000_IMG_0031
-18.7061938,-45.1899405,2021:05:05 16:35:36, _Campo2021-05-TM_0002SET_000_IMG_0036
-18.7059142,-45.1902159,2021:05:05 16:35:50, _Campo2021-05-TM_0002SET_000_IMG_0041
-18.705096,-45.1908188,2021:05:05 16:36:01, _Campo2021-05-TM_0002SET_000_IMG_0046
-18.7041998,-45.1915027,2021:05:05 16:36:12, _Campo2021-05-TM_0002SET_000_IMG_0051
-18.7034718,-45.1923508,2021:05:05 16:36:25, _Campo2021-05-TM_0002SET_000_IMG_0056
-18.704131,-45.1919584,2021:05:05 16:36:42, _Campo2021-05-TM_0002SET_000_IMG_0061
-18.7057069,-45.1907485,2021:05:05 16:36:59, _Campo2021-05-TM_0002SET_000_IMG_0066
-18.7064329,-45.1902007,2021:05:05 16:37:08, _Campo2021-05-TM_0002SET_000_IMG_0071
-18.7073118,-45.1895895,2021:05:05 16:37:19, _Campo2021-05-TM_0002SET_000_IMG_0076
-18.7081646,-45.1892579,2021:05:05 16:37:30, _Campo2021-05-TM_0002SET_000_IMG_0081
-18.7074313,-45.1898063,2021:05:05 16:37:48, _Campo2021-05-TM_0002SET_000_IMG_0086
-18.706597,-45.1904332,2021:05:05 16:37:58, _Campo2021-05-TM_0002SET_000_IMG_0091
-18.7056994,-45.1911148,2021:05:05 16:38:09, _Campo2021-05-TM_0002SET_000_IMG_0096
-18.704944,-45.1916954,2021:05:05 16:38:18, _Campo2021-05-TM_0002SET_000_IMG_0101
-18.7039795,-45.1924294,2021:05:05 16:38:30, _Campo2021-05-TM_0002SET_000_IMG_0106
-18.7039006,-45.1928663,2021:05:05 16:38:46, _Campo2021-05-TM_0002SET_000_IMG_0111
-18.7046877,-45.1922675,2021:05:05 16:38:57, _Campo2021-05-TM_0002SET_000_IMG_0116
-18.7064468,-45.1909026,2021:05:05 16:39:20, _Campo2021-05-TM_0002SET_000_IMG_0121
-18.7070809,-45.1904266,2021:05:05 16:39:30, _Campo2021-05-TM_0002SET_000_IMG_0126
-18.7081186,-45.1896386,2021:05:05 16:39:40, _Campo2021-05-TM_0002SET_000_IMG_0131
-18.7089482,-45.1890392,2021:05:05 16:39:50, _Campo2021-05-TM_0002SET_000_IMG_0136
-18.7100286,-45.1886216,2021:05:05 16:40:05, _Campo2021-05-TM_0002SET_000_IMG_0141
-18.7094581,-45.1890738,2021:05:05 16:40:17, _Campo2021-05-TM_0002SET_000_IMG_0146
-18.7085004,-45.1897751,2021:05:05 16:40:29, _Campo2021-05-TM_0002SET_000_IMG_0151
-18.7076028,-45.1904708,2021:05:05 16:40:40, _Campo2021-05-TM_0002SET_000_IMG_0156
-18.706878,-45.1910117,2021:05:05 16:40:49, _Campo2021-05-TM_0002SET_000_IMG_0161
-18.7060292,-45.1916453,2021:05:05 16:41:00, _Campo2021-05-TM_0002SET_000_IMG_0166
-18.7053381,-45.1921539,2021:05:05 16:41:09, _Campo2021-05-TM_0002SET_000_IMG_0171
-18.7044753,-45.1928058,2021:05:05 16:41:20, _Campo2021-05-TM_0002SET_000_IMG_0176
-18.7041271,-45.193428,2021:05:05 16:41:37, _Campo2021-05-TM_0002SET_000_IMG_0181
-18.7060091,-45.1920003,2021:05:05 16:42:02, _Campo2021-05-TM_0002SET_000_IMG_0186
-18.7070409,-45.1912136,2021:05:05 16:42:14, _Campo2021-05-TM_0002SET_000_IMG_0191
-18.7077867,-45.1906773,2021:05:05 16:42:23, _Campo2021-05-TM_0002SET_000_IMG_0196
-18.7085627,-45.1901139,2021:05:05 16:42:33, _Campo2021-05-TM_0002SET_001_IMG_0201
-18.7093242,-45.1895654,2021:05:05 16:42:42, _Campo2021-05-TM_0002SET_001_IMG_0206
-18.7101786,-45.1889447,2021:05:05 16:42:53, _Campo2021-05-TM_0002SET_001_IMG_0211
-18.7111234,-45.1883378,2021:05:05 16:43:05, _Campo2021-05-TM_0002SET_001_IMG_0216
-18.7118709,-45.1880477,2021:05:05 16:43:15, _Campo2021-05-TM_0002SET_001_IMG_0221
-18.7110474,-45.188652,2021:05:05 16:43:31, _Campo2021-05-TM_0002SET_001_IMG_0226
-18.7101462,-45.1893212,2021:05:05 16:43:43, _Campo2021-05-TM_0002SET_001_IMG_0231
-18.7092572,-45.189976,2021:05:05 16:43:54, _Campo2021-05-TM_0002SET_001_IMG_0236
-18.7084033,-45.1906233,2021:05:05 16:44:05, _Campo2021-05-TM_0002SET_001_IMG_0241
-18.7073589,-45.1914156,2021:05:05 16:44:18, _Campo2021-05-TM_0002SET_001_IMG_0246
-18.7061205,-45.1923522,2021:05:05 16:44:41, _Campo2021-05-TM_0002SET_001_IMG_0251
-18.7046696,-45.1933893,2021:05:05 16:44:53, _Campo2021-05-TM_0002SET_001_IMG_0256
-18.704392,-45.1939438,2021:05:05 16:45:04, _Campo2021-05-TM_0002SET_001_IMG_0261
-18.7050985,-45.1934222,2021:05:05 16:45:16, _Campo2021-05-TM_0002SET_001_IMG_0266
-18.7058992,-45.1928137,2021:05:05 16:45:27, _Campo2021-05-TM_0002SET_001_IMG_0271
-18.7068448,-45.1921147,2021:05:05 16:45:39, _Campo2021-05-TM_0002SET_001_IMG_0276
-18.7076697,-45.1915065,2021:05:05 16:45:49, _Campo2021-05-TM_0002SET_001_IMG_0281
-18.708507,-45.1908797,2021:05:05 16:45:59, _Campo2021-05-TM_0002SET_001_IMG_0286
-18.7093886,-45.1902288,2021:05:05 16:46:10, _Campo2021-05-TM_0002SET_001_IMG_0291
-18.7100685,-45.1897232,2021:05:05 16:46:19, _Campo2021-05-TM_0002SET_001_IMG_0296
-18.7108013,-45.1891971,2021:05:05 16:46:28, _Campo2021-05-TM_0002SET_001_IMG_0301
-18.7117023,-45.188544,2021:05:05 16:46:40, _Campo2021-05-TM_0002SET_001_IMG_0306
-18.7125189,-45.187944,2021:05:05 16:46:50, _Campo2021-05-TM_0002SET_001_IMG_0311
-18.713239,-45.187597,2021:05:05 16:46:58, _Campo2021-05-TM_0002SET_001_IMG_0316
-18.7133381,-45.1876995,2021:05:05 16:47:16, _Campo2021-05-TM_0002SET_001_IMG_0321
-18.7121239,-45.1885872,2021:05:05 16:47:31, _Campo2021-05-TM_0002SET_001_IMG_0326
-18.7111504,-45.1893298,2021:05:05 16:47:43, _Campo2021-05-TM_0002SET_001_IMG_0331
-18.7102759,-45.1900047,2021:05:05 16:47:54, _Campo2021-05-TM_0002SET_001_IMG_0336
-18.7094748,-45.1906065,2021:05:05 16:48:04, _Campo2021-05-TM_0002SET_001_IMG_0341
-18.7085336,-45.1913106,2021:05:05 16:48:16, _Campo2021-05-TM_0002SET_001_IMG_0346
-18.7076409,-45.1919535,2021:05:05 16:48:28, _Campo2021-05-TM_0002SET_001_IMG_0351
-18.706865,-45.1924991,2021:05:05 16:48:37, _Campo2021-05-TM_0002SET_001_IMG_0356
-18.7060557,-45.1931019,2021:05:05 16:48:48, _Campo2021-05-TM_0002SET_001_IMG_0361
-18.7052617,-45.1936952,2021:05:05 16:48:58, _Campo2021-05-TM_0002SET_001_IMG_0366
-18.7045518,-45.1942265,2021:05:05 16:49:10, _Campo2021-05-TM_0002SET_001_IMG_0371
-18.7054122,-45.1939314,2021:05:05 16:49:29, _Campo2021-05-TM_0002SET_001_IMG_0376
-18.7063177,-45.1932624,2021:05:05 16:49:39, _Campo2021-05-TM_0002SET_001_IMG_0381
-18.7077897,-45.1921686,2021:05:05 16:49:56, _Campo2021-05-TM_0002SET_001_IMG_0386
-18.7085676,-45.191597,2021:05:05 16:50:05, _Campo2021-05-TM_0002SET_001_IMG_0391
-18.7093852,-45.1909865,2021:05:05 16:50:15, _Campo2021-05-TM_0002SET_001_IMG_0396
-18.710272,-45.190343,2021:05:05 16:50:26, _Campo2021-05-TM_0002SET_002_IMG_0401
-18.7110275,-45.1897882,2021:05:05 16:50:36, _Campo2021-05-TM_0002SET_002_IMG_0406
-18.7118031,-45.1892279,2021:05:05 16:50:46, _Campo2021-05-TM_0002SET_002_IMG_0411
-18.712637,-45.1886232,2021:05:05 16:50:56, _Campo2021-05-TM_0002SET_002_IMG_0416
-18.713562,-45.1879446,2021:05:05 16:51:08, _Campo2021-05-TM_0002SET_002_IMG_0421
-18.7142998,-45.1873955,2021:05:05 16:51:18, _Campo2021-05-TM_0002SET_002_IMG_0426
-18.7144827,-45.1876291,2021:05:05 16:51:31, _Campo2021-05-TM_0002SET_002_IMG_0431
-18.7136671,-45.1882309,2021:05:05 16:51:42, _Campo2021-05-TM_0002SET_002_IMG_0436
-18.7127257,-45.1889247,2021:05:05 16:51:54, _Campo2021-05-TM_0002SET_002_IMG_0441
-18.7117906,-45.1896281,2021:05:05 16:52:11, _Campo2021-05-TM_0002SET_002_IMG_0446
-18.7104581,-45.190596,2021:05:05 16:52:24, _Campo2021-05-TM_0002SET_002_IMG_0451
-18.7093873,-45.1914058,2021:05:05 16:52:36, _Campo2021-05-TM_0002SET_002_IMG_0456
-18.7084843,-45.1920588,2021:05:05 16:52:47, _Campo2021-05-TM_0002SET_002_IMG_0461
-18.7076659,-45.1926601,2021:05:05 16:52:58, _Campo2021-05-TM_0002SET_002_IMG_0466
-18.7068486,-45.1932598,2021:05:05 16:53:08, _Campo2021-05-TM_0002SET_002_IMG_0471
-18.70603,-45.1938552,2021:05:05 16:53:19, _Campo2021-05-TM_0002SET_002_IMG_0476
-18.7062661,-45.1938597,2021:05:05 16:53:33, _Campo2021-05-TM_0002SET_002_IMG_0481
-18.7070624,-45.1934381,2021:05:05 16:53:44, _Campo2021-05-TM_0002SET_002_IMG_0486
-18.7078724,-45.1928328,2021:05:05 16:53:54, _Campo2021-05-TM_0002SET_002_IMG_0491
-18.7087085,-45.1922017,2021:05:05 16:54:04, _Campo2021-05-TM_0002SET_002_IMG_0496
-18.7099074,-45.1913175,2021:05:05 16:54:21, _Campo2021-05-TM_0002SET_002_IMG_0501
-18.7115071,-45.1901259,2021:05:05 16:54:39, _Campo2021-05-TM_0002SET_002_IMG_0506
-18.7122102,-45.1896065,2021:05:05 16:54:48, _Campo2021-05-TM_0002SET_002_IMG_0511
-18.7129649,-45.189032,2021:05:05 16:54:57, _Campo2021-05-TM_0002SET_002_IMG_0516
-18.7137903,-45.1884272,2021:05:05 16:55:08, _Campo2021-05-TM_0002SET_002_IMG_0521
-18.7146624,-45.1877982,2021:05:05 16:55:19, _Campo2021-05-TM_0002SET_002_IMG_0526
-18.7145051,-45.1883234,2021:05:05 16:55:34, _Campo2021-05-TM_0002SET_002_IMG_0531
-18.7137421,-45.1888861,2021:05:05 16:55:44, _Campo2021-05-TM_0002SET_002_IMG_0536
-18.7127427,-45.1896335,2021:05:05 16:55:56, _Campo2021-05-TM_0002SET_002_IMG_0541
-18.7119218,-45.1902383,2021:05:05 16:56:06, _Campo2021-05-TM_0002SET_002_IMG_0546
-18.7110778,-45.190867,2021:05:05 16:56:17, _Campo2021-05-TM_0002SET_002_IMG_0551
-18.7100733,-45.191611,2021:05:05 16:56:30, _Campo2021-05-TM_0002SET_002_IMG_0556
-18.7091636,-45.1922838,2021:05:05 16:56:41, _Campo2021-05-TM_0002SET_002_IMG_0561
-18.7080426,-45.1931199,2021:05:05 16:56:55, _Campo2021-05-TM_0002SET_002_IMG_0566
-18.7077048,-45.1933852,2021:05:05 16:57:12, _Campo2021-05-TM_0002SET_002_IMG_0571
-18.7089528,-45.1927872,2021:05:05 16:57:22, _Campo2021-05-TM_0002SET_002_IMG_0576
-18.7098355,-45.1921491,2021:05:05 16:57:33, _Campo2021-05-TM_0002SET_002_IMG_0581
-18.7108014,-45.1914158,2021:05:05 16:57:46, _Campo2021-05-TM_0002SET_002_IMG_0586
-18.7116729,-45.190762,2021:05:05 16:57:57, _Campo2021-05-TM_0002SET_002_IMG_0591
-18.7125554,-45.190102,2021:05:05 16:58:08, _Campo2021-05-TM_0002SET_002_IMG_0596
-18.7134099,-45.1894543,2021:05:05 16:58:18, _Campo2021-05-TM_0002SET_003_IMG_0601
-18.7142352,-45.1888366,2021:05:05 16:58:29, _Campo2021-05-TM_0002SET_003_IMG_0606
-18.7149761,-45.1883145,2021:05:05 16:58:40, _Campo2021-05-TM_0002SET_003_IMG_0611
-18.7147185,-45.1888855,2021:05:05 16:58:54, _Campo2021-05-TM_0002SET_003_IMG_0616
-18.7136891,-45.1896413,2021:05:05 16:59:07, _Campo2021-05-TM_0002SET_003_IMG_0621
0.0,0.0,2021:05:05 16:59:27, _Campo2021-05-TM_0002SET_003_IMG_0626
-18.7108174,-45.1917797,2021:05:05 16:59:42, _Campo2021-05-TM_0002SET_003_IMG_0631
-18.7099105,-45.1924434,2021:05:05 16:59:54, _Campo2021-05-TM_0002SET_003_IMG_0636
-18.7097312,-45.19266,2021:05:05 17:00:08, _Campo2021-05-TM_0002SET_003_IMG_0641
-18.7105641,-45.1923053,2021:05:05 17:00:19, _Campo2021-05-TM_0002SET_003_IMG_0646
-18.7115795,-45.1915656,2021:05:05 17:00:31, _Campo2021-05-TM_0002SET_003_IMG_0651
-18.7124276,-45.1909446,2021:05:05 17:00:42, _Campo2021-05-TM_0002SET_003_IMG_0656
-18.7131265,-45.1904317,2021:05:05 17:00:50, _Campo2021-05-TM_0002SET_003_IMG_0661
-18.7140282,-45.1897587,2021:05:05 17:01:02, _Campo2021-05-TM_0002SET_003_IMG_0666
-18.7149201,-45.1890737,2021:05:05 17:01:13, _Campo2021-05-TM_0002SET_003_IMG_0671
-18.7153198,-45.189153,2021:05:05 17:01:26, _Campo2021-05-TM_0002SET_003_IMG_0676
-18.7143222,-45.1899271,2021:05:05 17:01:43, _Campo2021-05-TM_0002SET_003_IMG_0681
-18.7130031,-45.190906,2021:05:05 17:01:57, _Campo2021-05-TM_0002SET_003_IMG_0686
-18.7120518,-45.1916042,2021:05:05 17:02:09, _Campo2021-05-TM_0002SET_003_IMG_0691
-18.711394,-45.1920793,2021:05:05 17:02:19, _Campo2021-05-TM_0002SET_003_IMG_0696
-18.7122965,-45.1917353,2021:05:05 17:02:36, _Campo2021-05-TM_0002SET_003_IMG_0701
-18.7131837,-45.19112,2021:05:05 17:02:47, _Campo2021-05-TM_0002SET_003_IMG_0706
-18.7141488,-45.1903978,2021:05:05 17:03:01, _Campo2021-05-TM_0002SET_003_IMG_0711
-18.7151248,-45.1896817,2021:05:05 17:03:11, _Campo2021-05-TM_0002SET_003_IMG_0716
-18.7155945,-45.1897008,2021:05:05 17:03:25, _Campo2021-05-TM_0002SET_003_IMG_0721
-18.7148464,-45.1902849,2021:05:05 17:03:37, _Campo2021-05-TM_0002SET_003_IMG_0726
-18.7140341,-45.1908855,2021:05:05 17:03:47, _Campo2021-05-TM_0002SET_003_IMG_0731
-18.7132979,-45.1914303,2021:05:05 17:04:03, _Campo2021-05-TM_0002SET_003_IMG_0736
-18.7148606,-45.190616,2021:05:05 17:04:23, _Campo2021-05-TM_0002SET_003_IMG_0741
-18.7157212,-45.1900101,2021:05:05 17:04:37, _Campo2021-05-TM_0002SET_003_IMG_0746
-18.7155229,-45.1905051,2021:05:05 17:04:50, _Campo2021-05-TM_0002SET_003_IMG_0751
-18.5893074,-45.221799,2021:05:06 11:47:15, _Campo2021-05-TM_0006SET_000_IMG_0007
-18.5893965,-45.221474,2021:05:06 11:47:36, _Campo2021-05-TM_0006SET_000_IMG_0012
-18.5901009,-45.2220535,2021:05:06 11:47:53, _Campo2021-05-TM_0006SET_000_IMG_0017
-18.5896665,-45.2213345,2021:05:06 11:48:04, _Campo2021-05-TM_0006SET_000_IMG_0022
-18.5894236,-45.2204498,2021:05:06 11:48:16, _Campo2021-05-TM_0006SET_000_IMG_0027
-18.5899278,-45.2212161,2021:05:06 11:48:33, _Campo2021-05-TM_0006SET_000_IMG_0032
-18.5904419,-45.2218598,2021:05:06 11:48:42, _Campo2021-05-TM_0006SET_000_IMG_0037
-18.5905814,-45.2217045,2021:05:06 11:48:53, _Campo2021-05-TM_0006SET_000_IMG_0042
-18.5901023,-45.220942,2021:05:06 11:49:03, _Campo2021-05-TM_0006SET_000_IMG_0047
-18.5898054,-45.2200503,2021:05:06 11:49:15, _Campo2021-05-TM_0006SET_000_IMG_0052
-18.5900766,-45.2203186,2021:05:06 11:49:27, _Campo2021-05-TM_0006SET_000_IMG_0057
-18.5905609,-45.2211312,2021:05:06 11:49:37, _Campo2021-05-TM_0006SET_000_IMG_0062
-18.5911967,-45.2216423,2021:05:06 11:49:49, _Campo2021-05-TM_0006SET_000_IMG_0067
-18.5901557,-45.2197276,2021:05:06 11:50:18, _Campo2021-05-TM_0006SET_000_IMG_0072
-18.590479,-45.2198494,2021:05:06 11:50:32, _Campo2021-05-TM_0006SET_000_IMG_0077
-18.591151,-45.2209539,2021:05:06 11:50:45, _Campo2021-05-TM_0006SET_000_IMG_0082
-18.5917894,-45.2214442,2021:05:06 11:50:58, _Campo2021-05-TM_0006SET_000_IMG_0087
-18.5916105,-45.2211202,2021:05:06 11:51:07, _Campo2021-05-TM_0006SET_000_IMG_0092
-18.5911238,-45.2203446,2021:05:06 11:51:17, _Campo2021-05-TM_0006SET_000_IMG_0097
-18.5904478,-45.2192116,2021:05:06 11:51:30, _Campo2021-05-TM_0006SET_000_IMG_0102
-18.5899951,-45.2181953,2021:05:06 11:51:41, _Campo2021-05-TM_0006SET_000_IMG_0107
-18.5897126,-45.2175446,2021:05:06 11:51:50, _Campo2021-05-TM_0006SET_000_IMG_0112
-18.5899054,-45.2178251,2021:05:06 11:52:00, _Campo2021-05-TM_0006SET_000_IMG_0117
-18.5903379,-45.2185352,2021:05:06 11:52:09, _Campo2021-05-TM_0006SET_000_IMG_0122
-18.5909744,-45.2195815,2021:05:06 11:52:21, _Campo2021-05-TM_0006SET_000_IMG_0127
-18.5915017,-45.2204201,2021:05:06 11:52:37, _Campo2021-05-TM_0006SET_000_IMG_0132
-18.5922884,-45.2211411,2021:05:06 11:52:51, _Campo2021-05-TM_0006SET_000_IMG_0137
-18.5918798,-45.2204889,2021:05:06 11:53:01, _Campo2021-05-TM_0006SET_000_IMG_0142
-18.591329,-45.219607,2021:05:06 11:53:12, _Campo2021-05-TM_0006SET_000_IMG_0147
-18.5906083,-45.2184522,2021:05:06 11:53:25, _Campo2021-05-TM_0006SET_000_IMG_0152
-18.5900437,-45.2175437,2021:05:06 11:53:37, _Campo2021-05-TM_0006SET_000_IMG_0157
-18.5903482,-45.2174761,2021:05:06 11:53:48, _Campo2021-05-TM_0006SET_000_IMG_0162
-18.5908508,-45.2182634,2021:05:06 11:53:59, _Campo2021-05-TM_0006SET_000_IMG_0167
-18.5913932,-45.2191464,2021:05:06 11:54:09, _Campo2021-05-TM_0006SET_000_IMG_0172
-18.5920007,-45.2201438,2021:05:06 11:54:21, _Campo2021-05-TM_0006SET_000_IMG_0177
-18.5925048,-45.2209498,2021:05:06 11:54:30, _Campo2021-05-TM_0006SET_000_IMG_0182
-18.5927561,-45.2207981,2021:05:06 11:54:46, _Campo2021-05-TM_0006SET_000_IMG_0187
-18.5918329,-45.2193774,2021:05:06 11:55:04, _Campo2021-05-TM_0006SET_000_IMG_0192
-18.5911751,-45.2183292,2021:05:06 11:55:16, _Campo2021-05-TM_0006SET_000_IMG_0197
-18.5906531,-45.2174688,2021:05:06 11:55:26, _Campo2021-05-TM_0006SET_001_IMG_0202
-18.5909891,-45.2174163,2021:05:06 11:55:38, _Campo2021-05-TM_0006SET_001_IMG_0207
-18.5915224,-45.2182608,2021:05:06 11:55:50, _Campo2021-05-TM_0006SET_001_IMG_0212
-18.5921618,-45.2193066,2021:05:06 11:56:02, _Campo2021-05-TM_0006SET_001_IMG_0217
-18.5927222,-45.2202304,2021:05:06 11:56:13, _Campo2021-05-TM_0006SET_001_IMG_0222
-18.5933371,-45.2208219,2021:05:06 11:56:24, _Campo2021-05-TM_0006SET_001_IMG_0227
-18.5931847,-45.2204173,2021:05:06 11:56:36, _Campo2021-05-TM_0006SET_001_IMG_0232
-18.5926703,-45.2196034,2021:05:06 11:56:47, _Campo2021-05-TM_0006SET_001_IMG_0237
-18.5920725,-45.2186448,2021:05:06 11:56:58, _Campo2021-05-TM_0006SET_001_IMG_0242
-18.5913391,-45.2174874,2021:05:06 11:57:12, _Campo2021-05-TM_0006SET_001_IMG_0247
-18.5914618,-45.2172189,2021:05:06 11:57:28, _Campo2021-05-TM_0006SET_001_IMG_0252
-18.5922674,-45.2183619,2021:05:06 11:57:40, _Campo2021-05-TM_0006SET_001_IMG_0257
-18.5927888,-45.2192327,2021:05:06 11:57:50, _Campo2021-05-TM_0006SET_001_IMG_0262
-18.5933766,-45.2201914,2021:05:06 11:58:01, _Campo2021-05-TM_0006SET_001_IMG_0267
-18.5939854,-45.2206293,2021:05:06 11:58:13, _Campo2021-05-TM_0006SET_001_IMG_0272
-18.5936416,-45.2200371,2021:05:06 11:58:25, _Campo2021-05-TM_0006SET_001_IMG_0277
-18.5930938,-45.2191936,2021:05:06 11:58:35, _Campo2021-05-TM_0006SET_001_IMG_0282
-18.5924841,-45.2182236,2021:05:06 11:58:47, _Campo2021-05-TM_0006SET_001_IMG_0287
-18.5919445,-45.2173382,2021:05:06 11:58:57, _Campo2021-05-TM_0006SET_001_IMG_0292
-18.5920217,-45.2170975,2021:05:06 11:59:07, _Campo2021-05-TM_0006SET_001_IMG_0297
-18.5927293,-45.2179962,2021:05:06 11:59:22, _Campo2021-05-TM_0006SET_001_IMG_0302
-18.593781,-45.2197222,2021:05:06 11:59:42, _Campo2021-05-TM_0006SET_001_IMG_0307
-18.594476,-45.2204162,2021:05:06 11:59:54, _Campo2021-05-TM_0006SET_001_IMG_0312
-18.594335,-45.2200264,2021:05:06 12:00:06, _Campo2021-05-TM_0006SET_001_IMG_0317
-18.5937438,-45.2190925,2021:05:06 12:00:17, _Campo2021-05-TM_0006SET_001_IMG_0322
-18.5932289,-45.218282,2021:05:06 12:00:27, _Campo2021-05-TM_0006SET_001_IMG_0327
-18.5926076,-45.2172933,2021:05:06 12:00:39, _Campo2021-05-TM_0006SET_001_IMG_0332
-18.5925803,-45.2170108,2021:05:06 12:00:48, _Campo2021-05-TM_0006SET_001_IMG_0337
-18.5930285,-45.21739,2021:05:06 12:00:58, _Campo2021-05-TM_0006SET_001_IMG_0342
-18.5935702,-45.2182334,2021:05:06 12:01:09, _Campo2021-05-TM_0006SET_001_IMG_0347
-18.5941287,-45.2191373,2021:05:06 12:01:19, _Campo2021-05-TM_0006SET_001_IMG_0352
-18.5943162,-45.2194425,2021:05:06 12:01:28, _Campo2021-05-TM_0006SET_001_IMG_0357
-18.5938314,-45.2181394,2021:05:06 12:01:46, _Campo2021-05-TM_0006SET_001_IMG_0362
-18.5931406,-45.2169985,2021:05:06 12:02:00, _Campo2021-05-TM_0006SET_001_IMG_0367
-18.593454,-45.2169608,2021:05:06 12:02:12, _Campo2021-05-TM_0006SET_001_IMG_0372
-18.5938245,-45.2175236,2021:05:06 12:02:24, _Campo2021-05-TM_0006SET_001_IMG_0377
-18.5937313,-45.2168442,2021:05:06 12:02:36, _Campo2021-05-TM_0006SET_001_IMG_0382
-18.5932403,-45.2171271,2021:05:06 12:02:47, _Campo2021-05-TM_0006SET_001_IMG_0387
-18.5925056,-45.2176159,2021:05:06 12:02:56, _Campo2021-05-TM_0006SET_001_IMG_0392
-18.5916053,-45.2182126,2021:05:06 12:03:07, _Campo2021-05-TM_0006SET_001_IMG_0397
-18.5905783,-45.2188942,2021:05:06 12:03:19, _Campo2021-05-TM_0006SET_002_IMG_0402
-18.5896657,-45.2195033,2021:05:06 12:03:31, _Campo2021-05-TM_0006SET_002_IMG_0407
-18.5893963,-45.2196871,2021:05:06 12:03:45, _Campo2021-05-TM_0006SET_002_IMG_0412
-18.5894168,-45.2196684,2021:05:06 12:04:02, _Campo2021-05-TM_0006SET_002_IMG_0417
-18.5894383,-45.2196494,2021:05:06 12:04:15, _Campo2021-05-TM_0006SET_002_IMG_0422
-18.5894375,-45.2196569,2021:05:06 12:04:25, _Campo2021-05-TM_0006SET_002_IMG_0427
-18.5894347,-45.2196475,2021:05:06 12:04:37, _Campo2021-05-TM_0006SET_002_IMG_0432
-18.5894432,-45.2196276,2021:05:06 12:04:48, _Campo2021-05-TM_0006SET_002_IMG_0437
-18.5894299,-45.2196193,2021:05:06 12:05:00, _Campo2021-05-TM_0006SET_002_IMG_0442
-18.5894193,-45.2196277,2021:05:06 12:05:11, _Campo2021-05-TM_0006SET_002_IMG_0447
-18.5894196,-45.2196257,2021:05:06 12:05:22, _Campo2021-05-TM_0006SET_002_IMG_0452
-18.5894206,-45.2196332,2021:05:06 12:05:34, _Campo2021-05-TM_0006SET_002_IMG_0457
-18.5894206,-45.2196336,2021:05:06 12:05:42, _Campo2021-05-TM_0006SET_002_IMG_0462
-18.5894215,-45.2196308,2021:05:06 12:05:53, _Campo2021-05-TM_0006SET_002_IMG_0467
-18.589412,-45.219631,2021:05:06 12:10:09, _Campo2021-05-TM_0006SET_002_IMG_0472
-18.5893476,-45.2220789,2021:05:06 12:12:17, _Campo2021-05-TM_0006SET_002_IMG_0477
-18.589434,-45.2215775,2021:05:06 12:12:35, _Campo2021-05-TM_0006SET_002_IMG_0482
-18.5902332,-45.222005,2021:05:06 12:12:49, _Campo2021-05-TM_0006SET_002_IMG_0487
-18.5895896,-45.2212898,2021:05:06 12:13:06, _Campo2021-05-TM_0006SET_002_IMG_0492
-18.589301,-45.2205924,2021:05:06 12:13:19, _Campo2021-05-TM_0006SET_002_IMG_0497
-18.5899152,-45.221203,2021:05:06 12:13:32, _Campo2021-05-TM_0006SET_002_IMG_0502
-18.5907907,-45.221745,2021:05:06 12:13:44, _Campo2021-05-TM_0006SET_002_IMG_0507
-18.5902326,-45.2210701,2021:05:06 12:14:03, _Campo2021-05-TM_0006SET_002_IMG_0512
-18.5895856,-45.2203723,2021:05:06 12:14:13, _Campo2021-05-TM_0006SET_002_IMG_0517
-18.5899761,-45.2203738,2021:05:06 12:14:32, _Campo2021-05-TM_0006SET_002_IMG_0522
-18.5912283,-45.2215285,2021:05:06 12:14:46, _Campo2021-05-TM_0006SET_002_IMG_0527
-18.5911135,-45.2211495,2021:05:06 12:15:01, _Campo2021-05-TM_0006SET_002_IMG_0532
-18.5903727,-45.2203698,2021:05:06 12:15:12, _Campo2021-05-TM_0006SET_002_IMG_0537
-18.5900779,-45.2197155,2021:05:06 12:15:23, _Campo2021-05-TM_0006SET_002_IMG_0542
-18.5905199,-45.2200839,2021:05:06 12:15:34, _Campo2021-05-TM_0006SET_002_IMG_0547
-18.5910833,-45.2206735,2021:05:06 12:15:44, _Campo2021-05-TM_0006SET_002_IMG_0552
-18.5920219,-45.2213043,2021:05:06 12:15:56, _Campo2021-05-TM_0006SET_002_IMG_0557
-18.591859,-45.2210814,2021:05:06 12:16:07, _Campo2021-05-TM_0006SET_002_IMG_0562
-18.5912834,-45.2204756,2021:05:06 12:16:16, _Campo2021-05-TM_0006SET_002_IMG_0567
-18.5906256,-45.219787,2021:05:06 12:16:28, _Campo2021-05-TM_0006SET_002_IMG_0572
-18.5907824,-45.2194976,2021:05:06 12:16:45, _Campo2021-05-TM_0006SET_002_IMG_0577
-18.5919698,-45.2207455,2021:05:06 12:17:02, _Campo2021-05-TM_0006SET_002_IMG_0582
-18.5926697,-45.221072,2021:05:06 12:17:15, _Campo2021-05-TM_0006SET_002_IMG_0587
-18.5921576,-45.2205436,2021:05:06 12:17:28, _Campo2021-05-TM_0006SET_002_IMG_0592
-18.5915301,-45.2198728,2021:05:06 12:17:37, _Campo2021-05-TM_0006SET_002_IMG_0597
-18.5907712,-45.2190374,2021:05:06 12:17:48, _Campo2021-05-TM_0006SET_003_IMG_0602
-18.5900478,-45.2181468,2021:05:06 12:17:59, _Campo2021-05-TM_0006SET_003_IMG_0607
-18.5897401,-45.2175125,2021:05:06 12:18:08, _Campo2021-05-TM_0006SET_003_IMG_0612
-18.5904553,-45.2182495,2021:05:06 12:18:26, _Campo2021-05-TM_0006SET_003_IMG_0617
-18.5913383,-45.2191903,2021:05:06 12:18:39, _Campo2021-05-TM_0006SET_003_IMG_0622
-18.5920845,-45.2199811,2021:05:06 12:18:50, _Campo2021-05-TM_0006SET_003_IMG_0627
-18.5925823,-45.2205191,2021:05:06 12:19:00, _Campo2021-05-TM_0006SET_003_IMG_0632
-18.592874,-45.2204205,2021:05:06 12:19:21, _Campo2021-05-TM_0006SET_003_IMG_0637
-18.5919036,-45.2193928,2021:05:06 12:19:35, _Campo2021-05-TM_0006SET_003_IMG_0642
-18.5911258,-45.2185439,2021:05:06 12:19:46, _Campo2021-05-TM_0006SET_003_IMG_0647
-18.590239,-45.2176246,2021:05:06 12:19:59, _Campo2021-05-TM_0006SET_003_IMG_0652
-18.5904224,-45.2174405,2021:05:06 12:20:13, _Campo2021-05-TM_0006SET_003_IMG_0657
-18.5910942,-45.2181004,2021:05:06 12:20:24, _Campo2021-05-TM_0006SET_003_IMG_0662
-18.5917963,-45.2188366,2021:05:06 12:20:35, _Campo2021-05-TM_0006SET_003_IMG_0667
-18.5925425,-45.2196248,2021:05:06 12:20:46, _Campo2021-05-TM_0006SET_003_IMG_0672
-18.5933165,-45.2204441,2021:05:06 12:20:57, _Campo2021-05-TM_0006SET_003_IMG_0677
-18.5938938,-45.2206462,2021:05:06 12:21:06, _Campo2021-05-TM_0006SET_003_IMG_0682
-18.5936636,-45.2203769,2021:05:06 12:21:15, _Campo2021-05-TM_0006SET_003_IMG_0687
-18.5929089,-45.2195937,2021:05:06 12:21:33, _Campo2021-05-TM_0006SET_003_IMG_0692
-18.5915629,-45.2181743,2021:05:06 12:21:46, _Campo2021-05-TM_0006SET_003_IMG_0697
-18.5908177,-45.2173784,2021:05:06 12:21:59, _Campo2021-05-TM_0006SET_003_IMG_0702
-18.5912261,-45.2173983,2021:05:06 12:22:11, _Campo2021-05-TM_0006SET_003_IMG_0707
-18.5919124,-45.2181004,2021:05:06 12:22:22, _Campo2021-05-TM_0006SET_003_IMG_0712
-18.5925678,-45.2187845,2021:05:06 12:22:32, _Campo2021-05-TM_0006SET_003_IMG_0717
-18.5932146,-45.2194497,2021:05:06 12:22:41, _Campo2021-05-TM_0006SET_003_IMG_0722
-18.5938718,-45.2201343,2021:05:06 12:22:50, _Campo2021-05-TM_0006SET_003_IMG_0727
-18.5944759,-45.2204146,2021:05:06 12:22:59, _Campo2021-05-TM_0006SET_003_IMG_0732
-18.5941481,-45.2200151,2021:05:06 12:23:12, _Campo2021-05-TM_0006SET_003_IMG_0737
-18.5933976,-45.219248,2021:05:06 12:23:23, _Campo2021-05-TM_0006SET_003_IMG_0742
-18.5921399,-45.217929,2021:05:06 12:23:41, _Campo2021-05-TM_0006SET_003_IMG_0747
-18.5916418,-45.2171449,2021:05:06 12:24:00, _Campo2021-05-TM_0006SET_003_IMG_0752
-18.5923448,-45.2177259,2021:05:06 12:24:12, _Campo2021-05-TM_0006SET_003_IMG_0757
-18.6003646,-45.2507117,2021:05:06 13:44:40, _Campo2021-05-TM_0012SET_000_IMG_0000
-18.5994884,-45.2502839,2021:05:06 13:44:53, _Campo2021-05-TM_0012SET_000_IMG_0005
-18.5983266,-45.2496873,2021:05:06 13:45:06, _Campo2021-05-TM_0012SET_000_IMG_0010
-18.5975639,-45.2492838,2021:05:06 13:45:15, _Campo2021-05-TM_0012SET_000_IMG_0015
-18.5967364,-45.2488581,2021:05:06 13:45:24, _Campo2021-05-TM_0012SET_000_IMG_0020
-18.5960101,-45.2482927,2021:05:06 13:45:37, _Campo2021-05-TM_0012SET_000_IMG_0025
-18.596783,-45.2485211,2021:05:06 13:46:01, _Campo2021-05-TM_0012SET_000_IMG_0030
-18.5986358,-45.2494573,2021:05:06 13:46:14, _Campo2021-05-TM_0012SET_000_IMG_0035
-18.5993366,-45.2497995,2021:05:06 13:46:22, _Campo2021-05-TM_0012SET_000_IMG_0040
-18.6002708,-45.25027,2021:05:06 13:46:33, _Campo2021-05-TM_0012SET_000_IMG_0045
-18.6005522,-45.2500921,2021:05:06 13:46:51, _Campo2021-05-TM_0012SET_000_IMG_0050
-18.5994231,-45.2495595,2021:05:06 13:47:04, _Campo2021-05-TM_0012SET_000_IMG_0055
-18.5983796,-45.2490367,2021:05:06 13:47:16, _Campo2021-05-TM_0012SET_000_IMG_0060
-18.597217,-45.2484253,2021:05:06 13:47:29, _Campo2021-05-TM_0012SET_000_IMG_0065
-18.5962871,-45.2479368,2021:05:06 13:47:40, _Campo2021-05-TM_0012SET_000_IMG_0070
-18.5963288,-45.2476109,2021:05:06 13:47:54, _Campo2021-05-TM_0012SET_000_IMG_0075
-18.5972589,-45.2480846,2021:05:06 13:48:06, _Campo2021-05-TM_0012SET_000_IMG_0080
-18.5980251,-45.2484775,2021:05:06 13:48:14, _Campo2021-05-TM_0012SET_000_IMG_0085
-18.598907,-45.2489314,2021:05:06 13:48:24, _Campo2021-05-TM_0012SET_000_IMG_0090
-18.5997386,-45.249355,2021:05:06 13:48:35, _Campo2021-05-TM_0012SET_000_IMG_0095
-18.6011453,-45.2497587,2021:05:06 13:48:54, _Campo2021-05-TM_0012SET_000_IMG_0100
-18.6004961,-45.2494168,2021:05:06 13:49:05, _Campo2021-05-TM_0012SET_000_IMG_0105
-18.5994339,-45.2488868,2021:05:06 13:49:18, _Campo2021-05-TM_0012SET_000_IMG_0110
-18.5984067,-45.2483723,2021:05:06 13:49:29, _Campo2021-05-TM_0012SET_000_IMG_0115
-18.5971925,-45.2477596,2021:05:06 13:49:43, _Campo2021-05-TM_0012SET_000_IMG_0120
-18.5963539,-45.2473089,2021:05:06 13:49:53, _Campo2021-05-TM_0012SET_000_IMG_0125
-18.5965868,-45.2470881,2021:05:06 13:50:08, _Campo2021-05-TM_0012SET_000_IMG_0130
-18.5974169,-45.2475074,2021:05:06 13:50:18, _Campo2021-05-TM_0012SET_000_IMG_0135
-18.59824,-45.2479314,2021:05:06 13:50:28, _Campo2021-05-TM_0012SET_000_IMG_0140
-18.5992397,-45.2484624,2021:05:06 13:50:39, _Campo2021-05-TM_0012SET_000_IMG_0145
-18.60042,-45.249055,2021:05:06 13:50:54, _Campo2021-05-TM_0012SET_000_IMG_0150
-18.6012388,-45.2491445,2021:05:06 13:51:14, _Campo2021-05-TM_0012SET_000_IMG_0155
-18.6003357,-45.2486989,2021:05:06 13:51:24, _Campo2021-05-TM_0012SET_000_IMG_0160
-18.5992689,-45.2481511,2021:05:06 13:51:37, _Campo2021-05-TM_0012SET_000_IMG_0165
-18.5983101,-45.247674,2021:05:06 13:51:48, _Campo2021-05-TM_0012SET_000_IMG_0170
-18.5972908,-45.2471554,2021:05:06 13:51:59, _Campo2021-05-TM_0012SET_000_IMG_0175
-18.5964205,-45.2464011,2021:05:06 13:52:14, _Campo2021-05-TM_0012SET_000_IMG_0180
-18.5967732,-45.2465141,2021:05:06 13:52:24, _Campo2021-05-TM_0012SET_000_IMG_0185
-18.5974545,-45.2468579,2021:05:06 13:52:33, _Campo2021-05-TM_0012SET_000_IMG_0190
-18.5981917,-45.2472361,2021:05:06 13:52:41, _Campo2021-05-TM_0012SET_000_IMG_0195
-18.5988467,-45.2475655,2021:05:06 13:52:49, _Campo2021-05-TM_0012SET_001_IMG_0200
-18.5997146,-45.2480071,2021:05:06 13:52:59, _Campo2021-05-TM_0012SET_001_IMG_0205
-18.601302,-45.2488233,2021:05:06 13:53:17, _Campo2021-05-TM_0012SET_001_IMG_0210
-18.601309,-45.2484951,2021:05:06 13:53:35, _Campo2021-05-TM_0012SET_001_IMG_0215
-18.6002761,-45.2479918,2021:05:06 13:53:47, _Campo2021-05-TM_0012SET_001_IMG_0220
-18.5992098,-45.2474488,2021:05:06 13:53:59, _Campo2021-05-TM_0012SET_001_IMG_0225
-18.5983982,-45.2470434,2021:05:06 13:54:09, _Campo2021-05-TM_0012SET_001_IMG_0230
-18.5974867,-45.246589,2021:05:06 13:54:19, _Campo2021-05-TM_0012SET_001_IMG_0235
-18.5965982,-45.2460095,2021:05:06 13:54:31, _Campo2021-05-TM_0012SET_001_IMG_0240
-18.5968491,-45.2458816,2021:05:06 13:54:41, _Campo2021-05-TM_0012SET_001_IMG_0245
-18.597587,-45.246259,2021:05:06 13:54:52, _Campo2021-05-TM_0012SET_001_IMG_0250
-18.598234,-45.2465935,2021:05:06 13:55:01, _Campo2021-05-TM_0012SET_001_IMG_0255
-18.5992964,-45.2471485,2021:05:06 13:55:12, _Campo2021-05-TM_0012SET_001_IMG_0260
-18.6002218,-45.2476218,2021:05:06 13:55:23, _Campo2021-05-TM_0012SET_001_IMG_0265
-18.6010359,-45.2480253,2021:05:06 13:55:32, _Campo2021-05-TM_0012SET_001_IMG_0270
-18.601709,-45.2480049,2021:05:06 13:55:56, _Campo2021-05-TM_0012SET_001_IMG_0275
-18.6007721,-45.2475418,2021:05:06 13:56:07, _Campo2021-05-TM_0012SET_001_IMG_0280
-18.5997748,-45.2470426,2021:05:06 13:56:18, _Campo2021-05-TM_0012SET_001_IMG_0285
-18.5987516,-45.2465393,2021:05:06 13:56:30, _Campo2021-05-TM_0012SET_001_IMG_0290
-18.5978859,-45.2461177,2021:05:06 13:56:40, _Campo2021-05-TM_0012SET_001_IMG_0295
-18.5969085,-45.2456239,2021:05:06 13:56:51, _Campo2021-05-TM_0012SET_001_IMG_0300
-18.5967824,-45.2451958,2021:05:06 13:57:02, _Campo2021-05-TM_0012SET_001_IMG_0305
-18.5973929,-45.2454906,2021:05:06 13:57:12, _Campo2021-05-TM_0012SET_001_IMG_0310
-18.5982149,-45.2459149,2021:05:06 13:57:22, _Campo2021-05-TM_0012SET_001_IMG_0315
-18.5990596,-45.24636,2021:05:06 13:57:31, _Campo2021-05-TM_0012SET_001_IMG_0320
-18.5999026,-45.2467954,2021:05:06 13:57:41, _Campo2021-05-TM_0012SET_001_IMG_0325
-18.6015154,-45.2476084,2021:05:06 13:58:00, _Campo2021-05-TM_0012SET_001_IMG_0330
-18.6023706,-45.2476927,2021:05:06 13:58:14, _Campo2021-05-TM_0012SET_001_IMG_0335
-18.6016334,-45.247313,2021:05:06 13:58:26, _Campo2021-05-TM_0012SET_001_IMG_0340
-18.6006721,-45.2468336,2021:05:06 13:58:37, _Campo2021-05-TM_0012SET_001_IMG_0345
-18.5997384,-45.2463583,2021:05:06 13:58:48, _Campo2021-05-TM_0012SET_001_IMG_0350
-18.5987825,-45.2458847,2021:05:06 13:58:59, _Campo2021-05-TM_0012SET_001_IMG_0355
-18.5978789,-45.2454215,2021:05:06 13:59:10, _Campo2021-05-TM_0012SET_001_IMG_0360
-18.5969403,-45.2449069,2021:05:06 13:59:21, _Campo2021-05-TM_0012SET_001_IMG_0365
-18.5970139,-45.2446321,2021:05:06 13:59:31, _Campo2021-05-TM_0012SET_001_IMG_0370
-18.5976221,-45.2449278,2021:05:06 13:59:40, _Campo2021-05-TM_0012SET_001_IMG_0375
-18.5990425,-45.2456494,2021:05:06 13:59:57, _Campo2021-05-TM_0012SET_001_IMG_0380
-18.5996745,-45.2459727,2021:05:06 14:00:10, _Campo2021-05-TM_0012SET_001_IMG_0385
-18.6013125,-45.2467952,2021:05:06 14:00:23, _Campo2021-05-TM_0012SET_001_IMG_0390
-18.602301,-45.2472954,2021:05:06 14:00:34, _Campo2021-05-TM_0012SET_001_IMG_0395
-18.6025204,-45.2470564,2021:05:06 14:00:47, _Campo2021-05-TM_0012SET_002_IMG_0400
-18.6017409,-45.2466829,2021:05:06 14:00:57, _Campo2021-05-TM_0012SET_002_IMG_0405
-18.6008868,-45.2462578,2021:05:06 14:01:07, _Campo2021-05-TM_0012SET_002_IMG_0410
-18.5999589,-45.2457942,2021:05:06 14:01:18, _Campo2021-05-TM_0012SET_002_IMG_0415
-18.599133,-45.2453835,2021:05:06 14:01:28, _Campo2021-05-TM_0012SET_002_IMG_0420
-18.598275,-45.2449548,2021:05:06 14:01:37, _Campo2021-05-TM_0012SET_002_IMG_0425
-18.5974536,-45.2445265,2021:05:06 14:01:47, _Campo2021-05-TM_0012SET_002_IMG_0430
-18.5970513,-45.2440027,2021:05:06 14:01:56, _Campo2021-05-TM_0012SET_002_IMG_0435
-18.5976683,-45.2442725,2021:05:06 14:02:09, _Campo2021-05-TM_0012SET_002_IMG_0440
-18.5984864,-45.2446784,2021:05:06 14:02:20, _Campo2021-05-TM_0012SET_002_IMG_0445
-18.5995681,-45.2452274,2021:05:06 14:02:34, _Campo2021-05-TM_0012SET_002_IMG_0450
-18.6012463,-45.2460791,2021:05:06 14:02:50, _Campo2021-05-TM_0012SET_002_IMG_0455
-18.6021212,-45.2465147,2021:05:06 14:03:00, _Campo2021-05-TM_0012SET_002_IMG_0460
-18.6029458,-45.2466609,2021:05:06 14:03:12, _Campo2021-05-TM_0012SET_002_IMG_0465
-18.6023985,-45.2463301,2021:05:06 14:03:26, _Campo2021-05-TM_0012SET_002_IMG_0470
-18.6015158,-45.2459057,2021:05:06 14:03:36, _Campo2021-05-TM_0012SET_002_IMG_0475
-18.6007597,-45.2455255,2021:05:06 14:03:45, _Campo2021-05-TM_0012SET_002_IMG_0480
-18.5998627,-45.2450873,2021:05:06 14:03:55, _Campo2021-05-TM_0012SET_002_IMG_0485
-18.598947,-45.2446324,2021:05:06 14:04:05, _Campo2021-05-TM_0012SET_002_IMG_0490
-18.5981808,-45.2442321,2021:05:06 14:04:14, _Campo2021-05-TM_0012SET_002_IMG_0495
-18.5973348,-45.2437932,2021:05:06 14:04:24, _Campo2021-05-TM_0012SET_002_IMG_0500
-18.5973029,-45.2434288,2021:05:06 14:04:43, _Campo2021-05-TM_0012SET_002_IMG_0505
-18.5989844,-45.244247,2021:05:06 14:04:58, _Campo2021-05-TM_0012SET_002_IMG_0510
-18.6000213,-45.2447742,2021:05:06 14:05:09, _Campo2021-05-TM_0012SET_002_IMG_0515
-18.600912,-45.2452216,2021:05:06 14:05:19, _Campo2021-05-TM_0012SET_002_IMG_0520
-18.6017377,-45.2456338,2021:05:06 14:05:29, _Campo2021-05-TM_0012SET_002_IMG_0525
-18.6026321,-45.2460992,2021:05:06 14:05:39, _Campo2021-05-TM_0012SET_002_IMG_0530
-18.5999439,-45.250569,2021:05:06 14:17:46, _Campo2021-05-TM_0013SET_000_IMG_0003
-18.5991211,-45.2501984,2021:05:06 14:17:56, _Campo2021-05-TM_0013SET_000_IMG_0008
-18.5983612,-45.2498151,2021:05:06 14:18:07, _Campo2021-05-TM_0013SET_000_IMG_0013
-18.5987337,-45.2498055,2021:05:06 14:18:31, _Campo2021-05-TM_0013SET_000_IMG_0018
-18.5996784,-45.2500901,2021:05:06 14:18:41, _Campo2021-05-TM_0013SET_000_IMG_0023
-18.600755,-45.2502485,2021:05:06 14:18:53, _Campo2021-05-TM_0013SET_000_IMG_0028
-18.6001354,-45.2498915,2021:05:06 14:19:10, _Campo2021-05-TM_0013SET_000_IMG_0033
-18.599267,-45.2496063,2021:05:06 14:19:20, _Campo2021-05-TM_0013SET_000_IMG_0038
-18.5983865,-45.2493197,2021:05:06 14:19:29, _Campo2021-05-TM_0013SET_000_IMG_0043
-18.5972097,-45.2489327,2021:05:06 14:19:41, _Campo2021-05-TM_0013SET_000_IMG_0048
-18.5962595,-45.2486229,2021:05:06 14:19:52, _Campo2021-05-TM_0013SET_000_IMG_0053
-18.5959711,-45.2482236,2021:05:06 14:20:01, _Campo2021-05-TM_0013SET_000_IMG_0058
-18.5968646,-45.2485318,2021:05:06 14:20:15, _Campo2021-05-TM_0013SET_000_IMG_0063
-18.5979261,-45.24888,2021:05:06 14:20:26, _Campo2021-05-TM_0013SET_000_IMG_0068
-18.5987119,-45.2491453,2021:05:06 14:20:35, _Campo2021-05-TM_0013SET_000_IMG_0073
-18.6005365,-45.2497393,2021:05:06 14:20:56, _Campo2021-05-TM_0013SET_000_IMG_0078
-18.6010012,-45.2495598,2021:05:06 14:21:12, _Campo2021-05-TM_0013SET_000_IMG_0083
-18.6001767,-45.2492887,2021:05:06 14:21:23, _Campo2021-05-TM_0013SET_000_IMG_0088
-18.5992928,-45.2489919,2021:05:06 14:21:32, _Campo2021-05-TM_0013SET_000_IMG_0093
-18.5985365,-45.2487372,2021:05:06 14:21:40, _Campo2021-05-TM_0013SET_000_IMG_0098
-18.5977314,-45.2484665,2021:05:06 14:21:49, _Campo2021-05-TM_0013SET_000_IMG_0103
-18.5967952,-45.2481462,2021:05:06 14:21:59, _Campo2021-05-TM_0013SET_000_IMG_0108
-18.5960528,-45.2477648,2021:05:06 14:22:09, _Campo2021-05-TM_0013SET_000_IMG_0113
-18.5965214,-45.2477446,2021:05:06 14:22:20, _Campo2021-05-TM_0013SET_000_IMG_0118
-18.5972963,-45.2480147,2021:05:06 14:22:29, _Campo2021-05-TM_0013SET_000_IMG_0123
-18.5980787,-45.2482877,2021:05:06 14:22:38, _Campo2021-05-TM_0013SET_000_IMG_0128
-18.5990607,-45.2486061,2021:05:06 14:22:48, _Campo2021-05-TM_0013SET_000_IMG_0133
-18.6007558,-45.2491508,2021:05:06 14:23:08, _Campo2021-05-TM_0013SET_000_IMG_0138
-18.6014485,-45.2490373,2021:05:06 14:23:22, _Campo2021-05-TM_0013SET_000_IMG_0143
-18.6005881,-45.248738,2021:05:06 14:23:34, _Campo2021-05-TM_0013SET_000_IMG_0148
-18.5995293,-45.2483784,2021:05:06 14:23:45, _Campo2021-05-TM_0013SET_000_IMG_0153
-18.5985433,-45.2480429,2021:05:06 14:23:56, _Campo2021-05-TM_0013SET_000_IMG_0158
-18.5973591,-45.2476473,2021:05:06 14:24:07, _Campo2021-05-TM_0013SET_000_IMG_0163
-18.5964581,-45.2473547,2021:05:06 14:24:18, _Campo2021-05-TM_0013SET_000_IMG_0168
-18.596166,-45.2469437,2021:05:06 14:24:31, _Campo2021-05-TM_0013SET_000_IMG_0173
-18.5968921,-45.2472004,2021:05:06 14:24:40, _Campo2021-05-TM_0013SET_000_IMG_0178
-18.5977911,-45.2475247,2021:05:06 14:24:49, _Campo2021-05-TM_0013SET_000_IMG_0183
-18.5988375,-45.2478703,2021:05:06 14:25:02, _Campo2021-05-TM_0013SET_000_IMG_0188
-18.600879,-45.2485455,2021:05:06 14:25:24, _Campo2021-05-TM_0013SET_000_IMG_0193
-18.6018387,-45.2485638,2021:05:06 14:25:36, _Campo2021-05-TM_0013SET_000_IMG_0198
-18.6013038,-45.2483705,2021:05:06 14:25:47, _Campo2021-05-TM_0013SET_001_IMG_0203
-18.6002657,-45.2479909,2021:05:06 14:25:58, _Campo2021-05-TM_0013SET_001_IMG_0208
-18.5992315,-45.2476365,2021:05:06 14:26:09, _Campo2021-05-TM_0013SET_001_IMG_0213
-18.598211,-45.2472902,2021:05:06 14:26:20, _Campo2021-05-TM_0013SET_001_IMG_0218
-18.5971489,-45.2469433,2021:05:06 14:26:31, _Campo2021-05-TM_0013SET_001_IMG_0223
-18.5962002,-45.2466125,2021:05:06 14:26:42, _Campo2021-05-TM_0013SET_001_IMG_0228
-18.5963082,-45.246349,2021:05:06 14:26:53, _Campo2021-05-TM_0013SET_001_IMG_0233
-18.5973314,-45.2467346,2021:05:06 14:27:03, _Campo2021-05-TM_0013SET_001_IMG_0238
-18.5983843,-45.2471034,2021:05:06 14:27:15, _Campo2021-05-TM_0013SET_001_IMG_0243
-18.5993043,-45.2474238,2021:05:06 14:27:24, _Campo2021-05-TM_0013SET_001_IMG_0248
-18.6009445,-45.2479549,2021:05:06 14:27:47, _Campo2021-05-TM_0013SET_001_IMG_0253
-18.6021844,-45.2480341,2021:05:06 14:27:59, _Campo2021-05-TM_0013SET_001_IMG_0258
-18.6015475,-45.2478032,2021:05:06 14:28:10, _Campo2021-05-TM_0013SET_001_IMG_0263
-18.6005545,-45.2474347,2021:05:06 14:28:21, _Campo2021-05-TM_0013SET_001_IMG_0268
-18.5995557,-45.2470781,2021:05:06 14:28:32, _Campo2021-05-TM_0013SET_001_IMG_0273
-18.5985911,-45.246748,2021:05:06 14:28:42, _Campo2021-05-TM_0013SET_001_IMG_0278
-18.5976398,-45.2464279,2021:05:06 14:28:52, _Campo2021-05-TM_0013SET_001_IMG_0283
-18.5966943,-45.2461078,2021:05:06 14:29:02, _Campo2021-05-TM_0013SET_001_IMG_0288
-18.5963064,-45.2456865,2021:05:06 14:29:14, _Campo2021-05-TM_0013SET_001_IMG_0293
-18.5969214,-45.2459142,2021:05:06 14:29:22, _Campo2021-05-TM_0013SET_001_IMG_0298
-18.5978876,-45.2462703,2021:05:06 14:29:39, _Campo2021-05-TM_0013SET_001_IMG_0303
-18.600124,-45.2470208,2021:05:06 14:29:56, _Campo2021-05-TM_0013SET_001_IMG_0308
-18.6012486,-45.2474065,2021:05:06 14:30:08, _Campo2021-05-TM_0013SET_001_IMG_0313
-18.6023406,-45.2477399,2021:05:06 14:30:20, _Campo2021-05-TM_0013SET_001_IMG_0318
-18.6024229,-45.247498,2021:05:06 14:30:30, _Campo2021-05-TM_0013SET_001_IMG_0323
-18.6014967,-45.2471662,2021:05:06 14:30:42, _Campo2021-05-TM_0013SET_001_IMG_0328
-18.600573,-45.2468186,2021:05:06 14:30:51, _Campo2021-05-TM_0013SET_001_IMG_0333
-18.5996086,-45.2464574,2021:05:06 14:31:02, _Campo2021-05-TM_0013SET_001_IMG_0338
-18.5986914,-45.2461422,2021:05:06 14:31:11, _Campo2021-05-TM_0013SET_001_IMG_0343
-18.5977893,-45.2458321,2021:05:06 14:31:21, _Campo2021-05-TM_0013SET_001_IMG_0348
-18.5968591,-45.2455295,2021:05:06 14:31:31, _Campo2021-05-TM_0013SET_001_IMG_0353
-18.5968046,-45.2452358,2021:05:06 14:31:48, _Campo2021-05-TM_0013SET_001_IMG_0358
-18.5984361,-45.2458498,2021:05:06 14:32:06, _Campo2021-05-TM_0013SET_001_IMG_0363
-18.5996347,-45.2462951,2021:05:06 14:32:17, _Campo2021-05-TM_0013SET_001_IMG_0368
-18.600618,-45.2466402,2021:05:06 14:32:28, _Campo2021-05-TM_0013SET_001_IMG_0373
-18.6015981,-45.2469813,2021:05:06 14:32:39, _Campo2021-05-TM_0013SET_001_IMG_0378
-18.6026336,-45.2473031,2021:05:06 14:32:50, _Campo2021-05-TM_0013SET_001_IMG_0383
-18.6028015,-45.2470231,2021:05:06 14:33:01, _Campo2021-05-TM_0013SET_001_IMG_0388
-18.6019513,-45.2467098,2021:05:06 14:33:12, _Campo2021-05-TM_0013SET_001_IMG_0393
-18.60092,-45.2463018,2021:05:06 14:33:23, _Campo2021-05-TM_0013SET_001_IMG_0398
-18.5999211,-45.2459221,2021:05:06 14:33:33, _Campo2021-05-TM_0013SET_002_IMG_0403
-18.5989172,-45.2455611,2021:05:06 14:33:44, _Campo2021-05-TM_0013SET_002_IMG_0408
-18.5978871,-45.245211,2021:05:06 14:33:55, _Campo2021-05-TM_0013SET_002_IMG_0413
-18.5965855,-45.2445421,2021:05:06 14:34:15, _Campo2021-05-TM_0013SET_002_IMG_0418
-18.5976796,-45.2448996,2021:05:06 14:34:29, _Campo2021-05-TM_0013SET_002_IMG_0423
-18.5988506,-45.245353,2021:05:06 14:34:42, _Campo2021-05-TM_0013SET_002_IMG_0428
-18.5999407,-45.2457617,2021:05:06 14:34:53, _Campo2021-05-TM_0013SET_002_IMG_0433
-18.6010106,-45.2461586,2021:05:06 14:35:05, _Campo2021-05-TM_0013SET_002_IMG_0438
-18.6019751,-45.2464998,2021:05:06 14:35:15, _Campo2021-05-TM_0013SET_002_IMG_0443
-18.6029049,-45.2467995,2021:05:06 14:35:25, _Campo2021-05-TM_0013SET_002_IMG_0448
-18.6030539,-45.2464611,2021:05:06 14:35:38, _Campo2021-05-TM_0013SET_002_IMG_0453
-18.6023082,-45.2461964,2021:05:06 14:35:47, _Campo2021-05-TM_0013SET_002_IMG_0458
-18.6014669,-45.2458571,2021:05:06 14:35:56, _Campo2021-05-TM_0013SET_002_IMG_0463
-18.6004489,-45.245452,2021:05:06 14:36:07, _Campo2021-05-TM_0013SET_002_IMG_0468
-18.5991241,-45.2449752,2021:05:06 14:36:24, _Campo2021-05-TM_0013SET_002_IMG_0473
-18.597341,-45.2443762,2021:05:06 14:36:38, _Campo2021-05-TM_0013SET_002_IMG_0478
-18.5967449,-45.2438373,2021:05:06 14:36:53, _Campo2021-05-TM_0013SET_002_IMG_0483
-18.5975221,-45.2441555,2021:05:06 14:37:04, _Campo2021-05-TM_0013SET_002_IMG_0488
-18.5985485,-45.2445762,2021:05:06 14:37:15, _Campo2021-05-TM_0013SET_002_IMG_0493
-18.5995872,-45.2449875,2021:05:06 14:37:26, _Campo2021-05-TM_0013SET_002_IMG_0498
-18.6005564,-45.2453674,2021:05:06 14:37:36, _Campo2021-05-TM_0013SET_002_IMG_0503
-18.6014281,-45.2456733,2021:05:06 14:37:46, _Campo2021-05-TM_0013SET_002_IMG_0508
-18.6023563,-45.2459872,2021:05:06 14:37:56, _Campo2021-05-TM_0013SET_002_IMG_0513
-18.6021095,-45.2458109,2021:05:06 14:38:08, _Campo2021-05-TM_0013SET_002_IMG_0518
-18.601288,-45.2453637,2021:05:06 14:38:18, _Campo2021-05-TM_0013SET_002_IMG_0523
-18.5996593,-45.2446523,2021:05:06 14:38:35, _Campo2021-05-TM_0013SET_002_IMG_0528
-18.5983619,-45.2441514,2021:05:06 14:38:48, _Campo2021-05-TM_0013SET_002_IMG_0533
-18.5972899,-45.2437705,2021:05:06 14:39:00, _Campo2021-05-TM_0013SET_002_IMG_0538
-18.5971226,-45.2434075,2021:05:06 14:39:12, _Campo2021-05-TM_0013SET_002_IMG_0543
-18.5978329,-45.2436806,2021:05:06 14:39:23, _Campo2021-05-TM_0013SET_002_IMG_0548
-18.5987998,-45.2440713,2021:05:06 14:39:33, _Campo2021-05-TM_0013SET_002_IMG_0553
-18.5991308,-45.2442026,2021:05:06 14:39:48, _Campo2021-05-TM_0013SET_002_IMG_0558
-18.59835,-45.2438101,2021:05:06 14:39:59, _Campo2021-05-TM_0013SET_002_IMG_0563
-18.2089826,-45.2955925,2021:05:07 11:43:08, _Campo2021-05-TM_0015SET_000_IMG_0000
-18.2083856,-45.2948275,2021:05:07 11:43:20, _Campo2021-05-TM_0015SET_000_IMG_0005
-18.20779,-45.2940273,2021:05:07 11:43:30, _Campo2021-05-TM_0015SET_000_IMG_0010
-18.2069824,-45.2928729,2021:05:07 11:43:42, _Campo2021-05-TM_0015SET_000_IMG_0015
-18.2062578,-45.2918154,2021:05:07 11:43:58, _Campo2021-05-TM_0015SET_000_IMG_0020
-18.2054847,-45.2907259,2021:05:07 11:44:09, _Campo2021-05-TM_0015SET_000_IMG_0025
-18.2048399,-45.2898244,2021:05:07 11:44:19, _Campo2021-05-TM_0015SET_000_IMG_0030
-18.2042569,-45.2889893,2021:05:07 11:44:32, _Campo2021-05-TM_0015SET_000_IMG_0035
-18.2036939,-45.2886806,2021:05:07 11:44:42, _Campo2021-05-TM_0015SET_000_IMG_0040
-18.2040309,-45.289182,2021:05:07 11:44:52, _Campo2021-05-TM_0015SET_000_IMG_0045
-18.2046286,-45.2900436,2021:05:07 11:45:02, _Campo2021-05-TM_0015SET_000_IMG_0050
-18.2052111,-45.2908687,2021:05:07 11:45:12, _Campo2021-05-TM_0015SET_000_IMG_0055
-18.2058294,-45.2917713,2021:05:07 11:45:23, _Campo2021-05-TM_0015SET_000_IMG_0060
-18.2064791,-45.2927107,2021:05:07 11:45:34, _Campo2021-05-TM_0015SET_000_IMG_0065
-18.2070579,-45.2935412,2021:05:07 11:45:44, _Campo2021-05-TM_0015SET_000_IMG_0070
-18.2076955,-45.2944645,2021:05:07 11:45:55, _Campo2021-05-TM_0015SET_000_IMG_0075
-18.2083526,-45.2954276,2021:05:07 11:46:16, _Campo2021-05-TM_0015SET_000_IMG_0080
-18.2081167,-45.295612,2021:05:07 11:46:31, _Campo2021-05-TM_0015SET_000_IMG_0085
-18.2073873,-45.2945522,2021:05:07 11:46:43, _Campo2021-05-TM_0015SET_000_IMG_0090
-18.2067744,-45.2936645,2021:05:07 11:46:54, _Campo2021-05-TM_0015SET_000_IMG_0095
-18.2061117,-45.2927284,2021:05:07 11:47:04, _Campo2021-05-TM_0015SET_000_IMG_0100
-18.2054925,-45.2918144,2021:05:07 11:47:15, _Campo2021-05-TM_0015SET_000_IMG_0105
-18.2048246,-45.2908109,2021:05:07 11:47:27, _Campo2021-05-TM_0015SET_000_IMG_0110
-18.2042598,-45.2900041,2021:05:07 11:47:36, _Campo2021-05-TM_0015SET_000_IMG_0115
-18.2036069,-45.2890861,2021:05:07 11:47:49, _Campo2021-05-TM_0015SET_000_IMG_0120
-18.2031973,-45.2889939,2021:05:07 11:47:58, _Campo2021-05-TM_0015SET_000_IMG_0125
-18.2036306,-45.2896358,2021:05:07 11:48:08, _Campo2021-05-TM_0015SET_000_IMG_0130
-18.2046192,-45.2910426,2021:05:07 11:48:26, _Campo2021-05-TM_0015SET_000_IMG_0135
-18.2051548,-45.2918125,2021:05:07 11:48:38, _Campo2021-05-TM_0015SET_000_IMG_0140
-18.2062461,-45.2934079,2021:05:07 11:48:54, _Campo2021-05-TM_0015SET_000_IMG_0145
-18.2068986,-45.2943388,2021:05:07 11:49:05, _Campo2021-05-TM_0015SET_000_IMG_0150
-18.2075649,-45.2952918,2021:05:07 11:49:17, _Campo2021-05-TM_0015SET_000_IMG_0155
-18.2080696,-45.29603,2021:05:07 11:49:29, _Campo2021-05-TM_0015SET_000_IMG_0160
-18.2076188,-45.2958883,2021:05:07 11:49:39, _Campo2021-05-TM_0015SET_000_IMG_0165
-18.2070089,-45.2950109,2021:05:07 11:49:51, _Campo2021-05-TM_0015SET_000_IMG_0170
-18.2063624,-45.2940773,2021:05:07 11:50:02, _Campo2021-05-TM_0015SET_000_IMG_0175
-18.2057926,-45.2932793,2021:05:07 11:50:11, _Campo2021-05-TM_0015SET_000_IMG_0180
-18.2051963,-45.2924128,2021:05:07 11:50:22, _Campo2021-05-TM_0015SET_000_IMG_0185
-18.2045365,-45.2914814,2021:05:07 11:50:33, _Campo2021-05-TM_0015SET_000_IMG_0190
-18.203848,-45.2904844,2021:05:07 11:50:45, _Campo2021-05-TM_0015SET_000_IMG_0195
-18.2030963,-45.2893948,2021:05:07 11:51:03, _Campo2021-05-TM_0015SET_001_IMG_0200
-18.2030666,-45.2898378,2021:05:07 11:51:18, _Campo2021-05-TM_0015SET_001_IMG_0205
-18.2038461,-45.2909547,2021:05:07 11:51:31, _Campo2021-05-TM_0015SET_001_IMG_0210
-18.2045754,-45.2919988,2021:05:07 11:51:44, _Campo2021-05-TM_0015SET_001_IMG_0215
-18.2052306,-45.2929391,2021:05:07 11:51:55, _Campo2021-05-TM_0015SET_001_IMG_0220
-18.2057567,-45.2937049,2021:05:07 11:52:04, _Campo2021-05-TM_0015SET_001_IMG_0225
-18.206342,-45.2945553,2021:05:07 11:52:15, _Campo2021-05-TM_0015SET_001_IMG_0230
-18.2070118,-45.2955341,2021:05:07 11:52:26, _Campo2021-05-TM_0015SET_001_IMG_0235
-18.2074255,-45.2961136,2021:05:07 11:52:37, _Campo2021-05-TM_0015SET_001_IMG_0240
-18.2070324,-45.2960006,2021:05:07 11:52:47, _Campo2021-05-TM_0015SET_001_IMG_0245
-18.2064424,-45.2951886,2021:05:07 11:52:58, _Campo2021-05-TM_0015SET_001_IMG_0250
-18.2059117,-45.2944325,2021:05:07 11:53:07, _Campo2021-05-TM_0015SET_001_IMG_0255
-18.2054398,-45.2937858,2021:05:07 11:53:25, _Campo2021-05-TM_0015SET_001_IMG_0260
-18.2039006,-45.2916187,2021:05:07 11:53:41, _Campo2021-05-TM_0015SET_001_IMG_0265
-18.2032335,-45.2906433,2021:05:07 11:53:53, _Campo2021-05-TM_0015SET_001_IMG_0270
-18.2026685,-45.2898572,2021:05:07 11:54:04, _Campo2021-05-TM_0015SET_001_IMG_0275
-18.202708,-45.2902947,2021:05:07 11:54:15, _Campo2021-05-TM_0015SET_001_IMG_0280
-18.2032981,-45.2911955,2021:05:07 11:54:26, _Campo2021-05-TM_0015SET_001_IMG_0285
-18.2038426,-45.291961,2021:05:07 11:54:36, _Campo2021-05-TM_0015SET_001_IMG_0290
-18.2044786,-45.2928756,2021:05:07 11:54:47, _Campo2021-05-TM_0015SET_001_IMG_0295
-18.2050366,-45.293693,2021:05:07 11:54:57, _Campo2021-05-TM_0015SET_001_IMG_0300
-18.2056105,-45.2945168,2021:05:07 11:55:07, _Campo2021-05-TM_0015SET_001_IMG_0305
-18.2061798,-45.2953323,2021:05:07 11:55:17, _Campo2021-05-TM_0015SET_001_IMG_0310
-18.2067253,-45.296171,2021:05:07 11:55:34, _Campo2021-05-TM_0015SET_001_IMG_0315
-18.2059158,-45.2954747,2021:05:07 11:55:51, _Campo2021-05-TM_0015SET_001_IMG_0320
-18.2050256,-45.2942295,2021:05:07 11:56:03, _Campo2021-05-TM_0015SET_001_IMG_0325
-18.2042785,-45.2932003,2021:05:07 11:56:16, _Campo2021-05-TM_0015SET_001_IMG_0330
-18.2036173,-45.2922173,2021:05:07 11:56:27, _Campo2021-05-TM_0015SET_001_IMG_0335
-18.2030835,-45.2914297,2021:05:07 11:56:37, _Campo2021-05-TM_0015SET_001_IMG_0340
-18.2024343,-45.2905259,2021:05:07 11:56:49, _Campo2021-05-TM_0015SET_001_IMG_0345
-18.2023089,-45.2908321,2021:05:07 11:56:59, _Campo2021-05-TM_0015SET_001_IMG_0350
-18.2028643,-45.2916279,2021:05:07 11:57:11, _Campo2021-05-TM_0015SET_001_IMG_0355
-18.2034452,-45.2924344,2021:05:07 11:57:21, _Campo2021-05-TM_0015SET_001_IMG_0360
-18.2040507,-45.2932862,2021:05:07 11:57:31, _Campo2021-05-TM_0015SET_001_IMG_0365
-18.2046741,-45.2941707,2021:05:07 11:57:42, _Campo2021-05-TM_0015SET_001_IMG_0370
-18.205142,-45.2948411,2021:05:07 11:57:58, _Campo2021-05-TM_0015SET_001_IMG_0375
-18.2060713,-45.2962635,2021:05:07 11:58:14, _Campo2021-05-TM_0015SET_001_IMG_0380
-18.2053413,-45.2956592,2021:05:07 11:58:27, _Campo2021-05-TM_0015SET_001_IMG_0385
-18.2046898,-45.2947334,2021:05:07 11:58:39, _Campo2021-05-TM_0015SET_001_IMG_0390
-18.2040023,-45.2937957,2021:05:07 11:58:50, _Campo2021-05-TM_0015SET_001_IMG_0395
-18.2033626,-45.2928862,2021:05:07 11:59:01, _Campo2021-05-TM_0015SET_002_IMG_0400
-18.2027613,-45.2920335,2021:05:07 11:59:12, _Campo2021-05-TM_0015SET_002_IMG_0405
-18.2021551,-45.2911933,2021:05:07 11:59:23, _Campo2021-05-TM_0015SET_002_IMG_0410
-18.2020765,-45.2914599,2021:05:07 11:59:33, _Campo2021-05-TM_0015SET_002_IMG_0415
-18.2024742,-45.2921538,2021:05:07 11:59:42, _Campo2021-05-TM_0015SET_002_IMG_0420
-18.203038,-45.2929564,2021:05:07 11:59:52, _Campo2021-05-TM_0015SET_002_IMG_0425
-18.2036581,-45.2938072,2021:05:07 12:00:03, _Campo2021-05-TM_0015SET_002_IMG_0430
-18.2046573,-45.2952272,2021:05:07 12:00:22, _Campo2021-05-TM_0015SET_002_IMG_0435
-18.2055,-45.2965281,2021:05:07 12:00:36, _Campo2021-05-TM_0015SET_002_IMG_0440
-18.2052669,-45.2966218,2021:05:07 12:00:48, _Campo2021-05-TM_0015SET_002_IMG_0445
-18.2047208,-45.2958623,2021:05:07 12:00:59, _Campo2021-05-TM_0015SET_002_IMG_0450
-18.2041179,-45.2950014,2021:05:07 12:01:09, _Campo2021-05-TM_0015SET_002_IMG_0455
-18.2035133,-45.2941719,2021:05:07 12:01:19, _Campo2021-05-TM_0015SET_002_IMG_0460
-18.2028156,-45.2932247,2021:05:07 12:01:30, _Campo2021-05-TM_0015SET_002_IMG_0465
-18.2022685,-45.2924109,2021:05:07 12:01:40, _Campo2021-05-TM_0015SET_002_IMG_0470
-18.2019197,-45.2919112,2021:05:07 12:01:50, _Campo2021-05-TM_0015SET_002_IMG_0475
-18.2019052,-45.2923189,2021:05:07 12:01:59, _Campo2021-05-TM_0015SET_002_IMG_0480
-18.2024229,-45.2931041,2021:05:07 12:02:10, _Campo2021-05-TM_0015SET_002_IMG_0485
-18.2032362,-45.2942736,2021:05:07 12:02:26, _Campo2021-05-TM_0015SET_002_IMG_0490
-18.2043162,-45.2957921,2021:05:07 12:02:43, _Campo2021-05-TM_0015SET_002_IMG_0495
-18.205025,-45.2967972,2021:05:07 12:02:56, _Campo2021-05-TM_0015SET_002_IMG_0500
-18.2048527,-45.2970628,2021:05:07 12:03:08, _Campo2021-05-TM_0015SET_002_IMG_0505
-18.2042925,-45.2962742,2021:05:07 12:03:19, _Campo2021-05-TM_0015SET_002_IMG_0510
-18.2036581,-45.2953516,2021:05:07 12:03:30, _Campo2021-05-TM_0015SET_002_IMG_0515
-18.2030454,-45.2944812,2021:05:07 12:03:40, _Campo2021-05-TM_0015SET_002_IMG_0520
-18.2023495,-45.2934597,2021:05:07 12:03:53, _Campo2021-05-TM_0015SET_002_IMG_0525
-18.2017722,-45.2926464,2021:05:07 12:04:03, _Campo2021-05-TM_0015SET_002_IMG_0530
-18.2011832,-45.2923229,2021:05:07 12:04:13, _Campo2021-05-TM_0015SET_002_IMG_0535
-18.2015134,-45.2928219,2021:05:07 12:04:24, _Campo2021-05-TM_0015SET_002_IMG_0540
-18.2021415,-45.2937094,2021:05:07 12:04:37, _Campo2021-05-TM_0015SET_002_IMG_0545
-18.2033768,-45.2954595,2021:05:07 12:04:57, _Campo2021-05-TM_0015SET_002_IMG_0550
-18.2040566,-45.296417,2021:05:07 12:05:09, _Campo2021-05-TM_0015SET_002_IMG_0555
-18.2046558,-45.2973587,2021:05:07 12:05:20, _Campo2021-05-TM_0015SET_002_IMG_0560
-18.204409,-45.2974504,2021:05:07 12:05:31, _Campo2021-05-TM_0015SET_002_IMG_0565
-18.203845,-45.2966486,2021:05:07 12:05:43, _Campo2021-05-TM_0015SET_002_IMG_0570
-18.2031811,-45.295714,2021:05:07 12:05:53, _Campo2021-05-TM_0015SET_002_IMG_0575
-18.2026369,-45.2949077,2021:05:07 12:06:03, _Campo2021-05-TM_0015SET_002_IMG_0580
-18.2019848,-45.2939814,2021:05:07 12:06:15, _Campo2021-05-TM_0015SET_002_IMG_0585
-18.2014446,-45.2932342,2021:05:07 12:06:24, _Campo2021-05-TM_0015SET_002_IMG_0590
-18.2009107,-45.2925409,2021:05:07 12:06:36, _Campo2021-05-TM_0015SET_002_IMG_0595
-18.2008885,-45.2929169,2021:05:07 12:06:45, _Campo2021-05-TM_0015SET_003_IMG_0600
-18.2018727,-45.29431,2021:05:07 12:07:03, _Campo2021-05-TM_0015SET_003_IMG_0605
-18.202723,-45.2955426,2021:05:07 12:07:19, _Campo2021-05-TM_0015SET_003_IMG_0610
-18.2034263,-45.2965336,2021:05:07 12:07:31, _Campo2021-05-TM_0015SET_003_IMG_0615
-18.204131,-45.297542,2021:05:07 12:07:43, _Campo2021-05-TM_0015SET_003_IMG_0620
-18.2040829,-45.2979905,2021:05:07 12:07:53, _Campo2021-05-TM_0015SET_003_IMG_0625
-18.2037246,-45.2974741,2021:05:07 12:08:03, _Campo2021-05-TM_0015SET_003_IMG_0630
-18.2031607,-45.296642,2021:05:07 12:08:13, _Campo2021-05-TM_0015SET_003_IMG_0635
-18.2026139,-45.2958452,2021:05:07 12:08:23, _Campo2021-05-TM_0015SET_003_IMG_0640
-18.2020659,-45.2950243,2021:05:07 12:08:32, _Campo2021-05-TM_0015SET_003_IMG_0645
-18.2014336,-45.2941286,2021:05:07 12:08:43, _Campo2021-05-TM_0015SET_003_IMG_0650
-18.2006385,-45.293083,2021:05:07 12:08:58, _Campo2021-05-TM_0015SET_003_IMG_0655
-18.2005526,-45.2934541,2021:05:07 12:09:13, _Campo2021-05-TM_0015SET_003_IMG_0660
-18.2012879,-45.2944934,2021:05:07 12:09:26, _Campo2021-05-TM_0015SET_003_IMG_0665
-18.2019815,-45.2955026,2021:05:07 12:09:38, _Campo2021-05-TM_0015SET_003_IMG_0670
-18.2026564,-45.2964724,2021:05:07 12:09:50, _Campo2021-05-TM_0015SET_003_IMG_0675
-18.2033207,-45.297414,2021:05:07 12:10:01, _Campo2021-05-TM_0015SET_003_IMG_0680
-18.2037628,-45.2982604,2021:05:07 12:10:13, _Campo2021-05-TM_0015SET_003_IMG_0685
-18.2035351,-45.2982288,2021:05:07 12:10:23, _Campo2021-05-TM_0015SET_003_IMG_0690
-18.2029958,-45.2974454,2021:05:07 12:10:34, _Campo2021-05-TM_0015SET_003_IMG_0695
-18.2024188,-45.2966233,2021:05:07 12:10:43, _Campo2021-05-TM_0015SET_003_IMG_0700
-18.2018439,-45.2958005,2021:05:07 12:10:53, _Campo2021-05-TM_0015SET_003_IMG_0705
-18.2012619,-45.2949863,2021:05:07 12:11:03, _Campo2021-05-TM_0015SET_003_IMG_0710
-18.2006849,-45.2941968,2021:05:07 12:11:14, _Campo2021-05-TM_0015SET_003_IMG_0715
0.0,0.0,2021:05:07 12:11:30, _Campo2021-05-TM_0015SET_003_IMG_0720
-18.2006198,-45.29456,2021:05:07 12:11:47, _Campo2021-05-TM_0015SET_003_IMG_0725
-18.2013032,-45.2955418,2021:05:07 12:12:00, _Campo2021-05-TM_0015SET_003_IMG_0730
-18.2019306,-45.2964442,2021:05:07 12:12:11, _Campo2021-05-TM_0015SET_003_IMG_0735
-18.2026181,-45.2974247,2021:05:07 12:12:23, _Campo2021-05-TM_0015SET_003_IMG_0740
-18.2033444,-45.2984542,2021:05:07 12:12:36, _Campo2021-05-TM_0015SET_003_IMG_0745
-18.2032198,-45.298763,2021:05:07 12:12:46, _Campo2021-05-TM_0015SET_003_IMG_0750
-18.2027752,-45.2981239,2021:05:07 12:12:56, _Campo2021-05-TM_0015SET_003_IMG_0755
-18.2021686,-45.2972337,2021:05:07 12:13:08, _Campo2021-05-TM_0015SET_003_IMG_0760
-18.2016403,-45.296472,2021:05:07 12:13:16, _Campo2021-05-TM_0015SET_003_IMG_0765
-18.201072,-45.2956826,2021:05:07 12:13:26, _Campo2021-05-TM_0015SET_003_IMG_0770
-18.2005549,-45.2949789,2021:05:07 12:13:39, _Campo2021-05-TM_0015SET_003_IMG_0775
-18.1995055,-45.2939454,2021:05:07 12:13:58, _Campo2021-05-TM_0015SET_003_IMG_0780
-18.2000495,-45.2947598,2021:05:07 12:14:10, _Campo2021-05-TM_0015SET_003_IMG_0785
-18.2007754,-45.2958076,2021:05:07 12:14:22, _Campo2021-05-TM_0015SET_003_IMG_0790
-18.2014005,-45.2967192,2021:05:07 12:14:33, _Campo2021-05-TM_0015SET_003_IMG_0795
-18.2020886,-45.2977014,2021:05:07 12:14:46, _Campo2021-05-TM_0015SET_004_IMG_0800
-18.202809,-45.298737,2021:05:07 12:15:00, _Campo2021-05-TM_0015SET_004_IMG_0805
-18.2028082,-45.2992411,2021:05:07 12:15:09, _Campo2021-05-TM_0015SET_004_IMG_0810
-18.2024745,-45.2987531,2021:05:07 12:15:20, _Campo2021-05-TM_0015SET_004_IMG_0815
-18.2018981,-45.2979122,2021:05:07 12:15:30, _Campo2021-05-TM_0015SET_004_IMG_0820
-18.2012929,-45.2970306,2021:05:07 12:15:41, _Campo2021-05-TM_0015SET_004_IMG_0825
-18.2007226,-45.2962113,2021:05:07 12:15:50, _Campo2021-05-TM_0015SET_004_IMG_0830
-18.2002137,-45.2955057,2021:05:07 12:16:08, _Campo2021-05-TM_0015SET_004_IMG_0835
-18.1991211,-45.2942552,2021:05:07 12:16:23, _Campo2021-05-TM_0015SET_004_IMG_0840
-18.1995666,-45.2950478,2021:05:07 12:16:35, _Campo2021-05-TM_0015SET_004_IMG_0845
-18.2001528,-45.2959229,2021:05:07 12:16:46, _Campo2021-05-TM_0015SET_004_IMG_0850
-18.2007654,-45.2968276,2021:05:07 12:16:57, _Campo2021-05-TM_0015SET_004_IMG_0855
-18.2014073,-45.2977551,2021:05:07 12:17:08, _Campo2021-05-TM_0015SET_004_IMG_0860
-18.2020991,-45.2987548,2021:05:07 12:17:21, _Campo2021-05-TM_0015SET_004_IMG_0865
-18.2024844,-45.2994838,2021:05:07 12:17:31, _Campo2021-05-TM_0015SET_004_IMG_0870
-18.2021613,-45.2993486,2021:05:07 12:17:43, _Campo2021-05-TM_0015SET_004_IMG_0875
-18.2015699,-45.2984789,2021:05:07 12:17:54, _Campo2021-05-TM_0015SET_004_IMG_0880
-18.201021,-45.2976811,2021:05:07 12:18:04, _Campo2021-05-TM_0015SET_004_IMG_0885
-18.2001375,-45.2964376,2021:05:07 12:18:24, _Campo2021-05-TM_0015SET_004_IMG_0890
-18.1992483,-45.2951266,2021:05:07 12:18:35, _Campo2021-05-TM_0015SET_004_IMG_0895
-18.1987916,-45.2945658,2021:05:07 12:18:47, _Campo2021-05-TM_0015SET_004_IMG_0900
-18.1989178,-45.2951333,2021:05:07 12:18:58, _Campo2021-05-TM_0015SET_004_IMG_0905
-18.1995091,-45.2960074,2021:05:07 12:19:09, _Campo2021-05-TM_0015SET_004_IMG_0910
-18.2001238,-45.2968958,2021:05:07 12:19:20, _Campo2021-05-TM_0015SET_004_IMG_0915
-18.2007102,-45.2977697,2021:05:07 12:19:31, _Campo2021-05-TM_0015SET_004_IMG_0920
-18.2013328,-45.2986685,2021:05:07 12:19:41, _Campo2021-05-TM_0015SET_004_IMG_0925
-18.2020505,-45.2997394,2021:05:07 12:19:55, _Campo2021-05-TM_0015SET_004_IMG_0930
-18.2018244,-45.2998912,2021:05:07 12:20:07, _Campo2021-05-TM_0015SET_004_IMG_0935
-18.2085253,-45.2857347,2021:05:07 12:58:25, _Campo2021-05-TM_0017SET_000_IMG_0001
-18.2092267,-45.2862951,2021:05:07 12:58:40, _Campo2021-05-TM_0017SET_000_IMG_0006
-18.2101435,-45.2871119,2021:05:07 12:58:52, _Campo2021-05-TM_0017SET_000_IMG_0011
-18.2109135,-45.2877929,2021:05:07 12:59:02, _Campo2021-05-TM_0017SET_000_IMG_0016
-18.2117157,-45.2885042,2021:05:07 12:59:13, _Campo2021-05-TM_0017SET_000_IMG_0021
-18.2124223,-45.2891463,2021:05:07 12:59:22, _Campo2021-05-TM_0017SET_000_IMG_0026
-18.2130608,-45.2897115,2021:05:07 12:59:30, _Campo2021-05-TM_0017SET_000_IMG_0031
-18.2137738,-45.2903365,2021:05:07 12:59:40, _Campo2021-05-TM_0017SET_000_IMG_0036
-18.2145167,-45.2910105,2021:05:07 12:59:50, _Campo2021-05-TM_0017SET_000_IMG_0041
-18.2152056,-45.2916352,2021:05:07 12:59:59, _Campo2021-05-TM_0017SET_000_IMG_0046
-18.215968,-45.2923436,2021:05:07 13:00:17, _Campo2021-05-TM_0017SET_000_IMG_0051
-18.217127,-45.2929051,2021:05:07 13:00:35, _Campo2021-05-TM_0017SET_000_IMG_0056
-18.2163641,-45.292249,2021:05:07 13:00:46, _Campo2021-05-TM_0017SET_000_IMG_0061
-18.2155827,-45.2916103,2021:05:07 13:00:55, _Campo2021-05-TM_0017SET_000_IMG_0066
-18.2147084,-45.2908715,2021:05:07 13:01:06, _Campo2021-05-TM_0017SET_000_IMG_0071
-18.2139216,-45.2901887,2021:05:07 13:01:17, _Campo2021-05-TM_0017SET_000_IMG_0076
-18.2129841,-45.2893804,2021:05:07 13:01:29, _Campo2021-05-TM_0017SET_000_IMG_0081
-18.2122892,-45.2887641,2021:05:07 13:01:38, _Campo2021-05-TM_0017SET_000_IMG_0086
-18.211395,-45.2879858,2021:05:07 13:01:50, _Campo2021-05-TM_0017SET_000_IMG_0091
-18.2105151,-45.2872307,2021:05:07 13:02:02, _Campo2021-05-TM_0017SET_000_IMG_0096
-18.2097909,-45.2865927,2021:05:07 13:02:13, _Campo2021-05-TM_0017SET_000_IMG_0101
-18.2085703,-45.2851552,2021:05:07 13:02:34, _Campo2021-05-TM_0017SET_000_IMG_0106
-18.2093217,-45.2856808,2021:05:07 13:02:48, _Campo2021-05-TM_0017SET_000_IMG_0111
-18.2102013,-45.2864329,2021:05:07 13:02:59, _Campo2021-05-TM_0017SET_000_IMG_0116
-18.2109625,-45.2870759,2021:05:07 13:03:09, _Campo2021-05-TM_0017SET_000_IMG_0121
-18.2117036,-45.2877125,2021:05:07 13:03:19, _Campo2021-05-TM_0017SET_000_IMG_0126
-18.2124177,-45.2883425,2021:05:07 13:03:28, _Campo2021-05-TM_0017SET_000_IMG_0131
-18.2131575,-45.2890074,2021:05:07 13:03:38, _Campo2021-05-TM_0017SET_000_IMG_0136
-18.2140551,-45.2897961,2021:05:07 13:03:50, _Campo2021-05-TM_0017SET_000_IMG_0141
-18.2148989,-45.2905425,2021:05:07 13:04:01, _Campo2021-05-TM_0017SET_000_IMG_0146
-18.215717,-45.2912544,2021:05:07 13:04:12, _Campo2021-05-TM_0017SET_000_IMG_0151
-18.2166052,-45.2920492,2021:05:07 13:04:24, _Campo2021-05-TM_0017SET_000_IMG_0156
-18.2174385,-45.2927933,2021:05:07 13:04:41, _Campo2021-05-TM_0017SET_000_IMG_0161
0.0,0.0,2021:05:07 13:04:58, _Campo2021-05-TM_0017SET_000_IMG_0166
-18.216074,-45.2912765,2021:05:07 13:05:10, _Campo2021-05-TM_0017SET_000_IMG_0171
-18.2152903,-45.2905935,2021:05:07 13:05:20, _Campo2021-05-TM_0017SET_000_IMG_0176
-18.2144209,-45.2898506,2021:05:07 13:05:32, _Campo2021-05-TM_0017SET_000_IMG_0181
-18.2135666,-45.2891115,2021:05:07 13:05:43, _Campo2021-05-TM_0017SET_000_IMG_0186
-18.2127095,-45.2883504,2021:05:07 13:05:55, _Campo2021-05-TM_0017SET_000_IMG_0191
-18.2117162,-45.2874774,2021:05:07 13:06:08, _Campo2021-05-TM_0017SET_000_IMG_0196
-18.2110594,-45.2868994,2021:05:07 13:06:16, _Campo2021-05-TM_0017SET_001_IMG_0201
-18.2103123,-45.2862347,2021:05:07 13:06:27, _Campo2021-05-TM_0017SET_001_IMG_0206
-18.2095687,-45.2855827,2021:05:07 13:06:37, _Campo2021-05-TM_0017SET_001_IMG_0211
-18.2088739,-45.2845291,2021:05:07 13:06:56, _Campo2021-05-TM_0017SET_001_IMG_0216
-18.2101456,-45.285594,2021:05:07 13:07:15, _Campo2021-05-TM_0017SET_001_IMG_0221
-18.2108697,-45.2861996,2021:05:07 13:07:24, _Campo2021-05-TM_0017SET_001_IMG_0226
-18.211753,-45.2869377,2021:05:07 13:07:35, _Campo2021-05-TM_0017SET_001_IMG_0231
-18.2125925,-45.2876603,2021:05:07 13:07:46, _Campo2021-05-TM_0017SET_001_IMG_0236
-18.2134674,-45.2884252,2021:05:07 13:07:57, _Campo2021-05-TM_0017SET_001_IMG_0241
-18.2142755,-45.2891379,2021:05:07 13:08:08, _Campo2021-05-TM_0017SET_001_IMG_0246
-18.2150884,-45.28987,2021:05:07 13:08:19, _Campo2021-05-TM_0017SET_001_IMG_0251
-18.2158315,-45.2905361,2021:05:07 13:08:29, _Campo2021-05-TM_0017SET_001_IMG_0256
-18.2166239,-45.2912512,2021:05:07 13:08:39, _Campo2021-05-TM_0017SET_001_IMG_0261
-18.2174946,-45.2920133,2021:05:07 13:08:51, _Campo2021-05-TM_0017SET_001_IMG_0266
-18.2184058,-45.2925375,2021:05:07 13:09:03, _Campo2021-05-TM_0017SET_001_IMG_0271
-18.2181033,-45.2921661,2021:05:07 13:09:21, _Campo2021-05-TM_0017SET_001_IMG_0276
-18.2165402,-45.290911,2021:05:07 13:09:34, _Campo2021-05-TM_0017SET_001_IMG_0281
-18.2156494,-45.2901586,2021:05:07 13:09:45, _Campo2021-05-TM_0017SET_001_IMG_0286
-18.2147517,-45.2893689,2021:05:07 13:09:57, _Campo2021-05-TM_0017SET_001_IMG_0291
-18.2139177,-45.2886424,2021:05:07 13:10:09, _Campo2021-05-TM_0017SET_001_IMG_0296
-18.2130533,-45.2878877,2021:05:07 13:10:20, _Campo2021-05-TM_0017SET_001_IMG_0301
-18.2121133,-45.2870612,2021:05:07 13:10:33, _Campo2021-05-TM_0017SET_001_IMG_0306
-18.2112455,-45.2863072,2021:05:07 13:10:44, _Campo2021-05-TM_0017SET_001_IMG_0311
-18.2103166,-45.285499,2021:05:07 13:10:57, _Campo2021-05-TM_0017SET_001_IMG_0316
-18.2095412,-45.2847719,2021:05:07 13:11:07, _Campo2021-05-TM_0017SET_001_IMG_0321
-18.2090075,-45.284267,2021:05:07 13:11:26, _Campo2021-05-TM_0017SET_001_IMG_0326
-18.209044,-45.28425,2021:05:07 13:11:35, _Campo2021-05-TM_0017SET_001_IMG_0331
-18.2090664,-45.2842639,2021:05:07 13:11:47, _Campo2021-05-TM_0017SET_001_IMG_0336
-18.2090863,-45.2842699,2021:05:07 13:11:59, _Campo2021-05-TM_0017SET_001_IMG_0341
-18.2090938,-45.2842886,2021:05:07 13:12:10, _Campo2021-05-TM_0017SET_001_IMG_0346
-18.2091051,-45.2842883,2021:05:07 13:12:21, _Campo2021-05-TM_0017SET_001_IMG_0351
-18.2091107,-45.2842839,2021:05:07 13:12:32, _Campo2021-05-TM_0017SET_001_IMG_0356
-18.2137527,-45.3011909,2021:05:07 14:11:22, _Campo2021-05-TM_0019SET_000_IMG_0010
-18.2127013,-45.300923,2021:05:07 14:11:33, _Campo2021-05-TM_0019SET_000_IMG_0015
-18.211629,-45.3006171,2021:05:07 14:11:44, _Campo2021-05-TM_0019SET_000_IMG_0020
-18.2106726,-45.3003581,2021:05:07 14:12:00, _Campo2021-05-TM_0019SET_000_IMG_0025
-18.2085347,-45.2997805,2021:05:07 14:12:09, _Campo2021-05-TM_0019SET_000_IMG_0030
-18.2077918,-45.2995684,2021:05:07 14:12:25, _Campo2021-05-TM_0019SET_000_IMG_0035
-18.2067561,-45.2992738,2021:05:07 14:12:36, _Campo2021-05-TM_0019SET_000_IMG_0040
-18.206179,-45.298935,2021:05:07 14:12:51, _Campo2021-05-TM_0019SET_000_IMG_0045
-18.2069593,-45.2990158,2021:05:07 14:13:03, _Campo2021-05-TM_0019SET_000_IMG_0050
-18.2079148,-45.2992777,2021:05:07 14:13:13, _Campo2021-05-TM_0019SET_000_IMG_0055
-18.2089034,-45.2995452,2021:05:07 14:13:24, _Campo2021-05-TM_0019SET_000_IMG_0060
-18.2098765,-45.2998234,2021:05:07 14:13:34, _Campo2021-05-TM_0019SET_000_IMG_0065
-18.2108483,-45.3000985,2021:05:07 14:13:44, _Campo2021-05-TM_0019SET_000_IMG_0070
-18.2118158,-45.3003883,2021:05:07 14:13:55, _Campo2021-05-TM_0019SET_000_IMG_0075
-18.213846,-45.300981,2021:05:07 14:14:16, _Campo2021-05-TM_0019SET_000_IMG_0080
-18.2140531,-45.3007273,2021:05:07 14:14:30, _Campo2021-05-TM_0019SET_000_IMG_0085
-18.2132022,-45.3004506,2021:05:07 14:14:41, _Campo2021-05-TM_0019SET_000_IMG_0090
-18.2122188,-45.3001759,2021:05:07 14:14:51, _Campo2021-05-TM_0019SET_000_IMG_0095
-18.2111867,-45.299886,2021:05:07 14:15:02, _Campo2021-05-TM_0019SET_000_IMG_0100
-18.2100411,-45.2995712,2021:05:07 14:15:14, _Campo2021-05-TM_0019SET_000_IMG_0105
-18.2092171,-45.299329,2021:05:07 14:15:23, _Campo2021-05-TM_0019SET_000_IMG_0110
-18.208354,-45.2990792,2021:05:07 14:15:32, _Campo2021-05-TM_0019SET_000_IMG_0115
-18.2076025,-45.2988714,2021:05:07 14:15:40, _Campo2021-05-TM_0019SET_000_IMG_0120
-18.2065808,-45.2985843,2021:05:07 14:15:51, _Campo2021-05-TM_0019SET_000_IMG_0125
-18.2064608,-45.2983975,2021:05:07 14:16:00, _Campo2021-05-TM_0019SET_000_IMG_0130
-18.2072121,-45.2984408,2021:05:07 14:16:12, _Campo2021-05-TM_0019SET_000_IMG_0135
-18.2083271,-45.298756,2021:05:07 14:16:32, _Campo2021-05-TM_0019SET_000_IMG_0140
-18.2103767,-45.2993417,2021:05:07 14:16:46, _Campo2021-05-TM_0019SET_000_IMG_0145
-18.2116323,-45.2997106,2021:05:07 14:16:59, _Campo2021-05-TM_0019SET_000_IMG_0150
-18.212696,-45.3000228,2021:05:07 14:17:11, _Campo2021-05-TM_0019SET_000_IMG_0155
-18.2136256,-45.300277,2021:05:07 14:17:21, _Campo2021-05-TM_0019SET_000_IMG_0160
-18.214113,-45.3003311,2021:05:07 14:17:32, _Campo2021-05-TM_0019SET_000_IMG_0165
-18.213618,-45.2999496,2021:05:07 14:17:43, _Campo2021-05-TM_0019SET_000_IMG_0170
-18.2127331,-45.2996955,2021:05:07 14:17:53, _Campo2021-05-TM_0019SET_000_IMG_0175
-18.2117421,-45.2994216,2021:05:07 14:18:03, _Campo2021-05-TM_0019SET_000_IMG_0180
-18.2107029,-45.2991239,2021:05:07 14:18:14, _Campo2021-05-TM_0019SET_000_IMG_0185
-18.2097056,-45.2988514,2021:05:07 14:18:25, _Campo2021-05-TM_0019SET_000_IMG_0190
-18.2086466,-45.2985435,2021:05:07 14:18:38, _Campo2021-05-TM_0019SET_000_IMG_0195
-18.2066683,-45.2980081,2021:05:07 14:18:58, _Campo2021-05-TM_0019SET_001_IMG_0200
-18.207128,-45.2978116,2021:05:07 14:19:11, _Campo2021-05-TM_0019SET_001_IMG_0205
-18.2081853,-45.2980918,2021:05:07 14:19:23, _Campo2021-05-TM_0019SET_001_IMG_0210
-18.2091451,-45.2983557,2021:05:07 14:19:33, _Campo2021-05-TM_0019SET_001_IMG_0215
-18.2101602,-45.2986411,2021:05:07 14:19:44, _Campo2021-05-TM_0019SET_001_IMG_0220
-18.2110624,-45.2989023,2021:05:07 14:19:54, _Campo2021-05-TM_0019SET_001_IMG_0225
-18.2120344,-45.2991732,2021:05:07 14:20:04, _Campo2021-05-TM_0019SET_001_IMG_0230
-18.212987,-45.299441,2021:05:07 14:20:15, _Campo2021-05-TM_0019SET_001_IMG_0235
-18.2138609,-45.2996917,2021:05:07 14:20:24, _Campo2021-05-TM_0019SET_001_IMG_0240
-18.2139111,-45.2993752,2021:05:07 14:20:39, _Campo2021-05-TM_0019SET_001_IMG_0245
-18.2126505,-45.2990232,2021:05:07 14:20:54, _Campo2021-05-TM_0019SET_001_IMG_0250
-18.211714,-45.2987732,2021:05:07 14:21:04, _Campo2021-05-TM_0019SET_001_IMG_0255
-18.2102226,-45.2983634,2021:05:07 14:21:18, _Campo2021-05-TM_0019SET_001_IMG_0260
-18.2090915,-45.2980603,2021:05:07 14:21:30, _Campo2021-05-TM_0019SET_001_IMG_0265
-18.208066,-45.2977558,2021:05:07 14:21:41, _Campo2021-05-TM_0019SET_001_IMG_0270
-18.2070142,-45.2974783,2021:05:07 14:21:53, _Campo2021-05-TM_0019SET_001_IMG_0275
-18.207184,-45.2972381,2021:05:07 14:22:03, _Campo2021-05-TM_0019SET_001_IMG_0280
-18.2080391,-45.2974353,2021:05:07 14:22:14, _Campo2021-05-TM_0019SET_001_IMG_0285
-18.2092697,-45.2977853,2021:05:07 14:22:27, _Campo2021-05-TM_0019SET_001_IMG_0290
-18.2101335,-45.298028,2021:05:07 14:22:37, _Campo2021-05-TM_0019SET_001_IMG_0295
-18.2109377,-45.2982557,2021:05:07 14:22:45, _Campo2021-05-TM_0019SET_001_IMG_0300
-18.2118823,-45.2985236,2021:05:07 14:22:55, _Campo2021-05-TM_0019SET_001_IMG_0305
-18.2131389,-45.2988767,2021:05:07 14:23:10, _Campo2021-05-TM_0019SET_001_IMG_0310
-18.2141369,-45.2989663,2021:05:07 14:23:26, _Campo2021-05-TM_0019SET_001_IMG_0315
-18.2132982,-45.2985672,2021:05:07 14:23:38, _Campo2021-05-TM_0019SET_001_IMG_0320
-18.2123092,-45.2982968,2021:05:07 14:23:49, _Campo2021-05-TM_0019SET_001_IMG_0325
-18.2112514,-45.2979965,2021:05:07 14:24:01, _Campo2021-05-TM_0019SET_001_IMG_0330
-18.2101617,-45.2977131,2021:05:07 14:24:12, _Campo2021-05-TM_0019SET_001_IMG_0335
-18.2090559,-45.2974337,2021:05:07 14:24:23, _Campo2021-05-TM_0019SET_001_IMG_0340
-18.20794,-45.2971372,2021:05:07 14:24:36, _Campo2021-05-TM_0019SET_001_IMG_0345
-18.2072869,-45.2967503,2021:05:07 14:24:45, _Campo2021-05-TM_0019SET_001_IMG_0350
-18.2080656,-45.2968131,2021:05:07 14:25:01, _Campo2021-05-TM_0019SET_001_IMG_0355
-18.2091362,-45.2971077,2021:05:07 14:25:13, _Campo2021-05-TM_0019SET_001_IMG_0360
-18.2105121,-45.2974881,2021:05:07 14:25:35, _Campo2021-05-TM_0019SET_001_IMG_0365
-18.2122336,-45.2979736,2021:05:07 14:25:45, _Campo2021-05-TM_0019SET_001_IMG_0370
-18.2130716,-45.2982265,2021:05:07 14:25:54, _Campo2021-05-TM_0019SET_001_IMG_0375
-18.2139019,-45.298471,2021:05:07 14:26:03, _Campo2021-05-TM_0019SET_001_IMG_0380
-18.2139403,-45.2981579,2021:05:07 14:26:18, _Campo2021-05-TM_0019SET_001_IMG_0385
-18.2130295,-45.2978918,2021:05:07 14:26:29, _Campo2021-05-TM_0019SET_001_IMG_0390
-18.2120259,-45.2976217,2021:05:07 14:26:39, _Campo2021-05-TM_0019SET_001_IMG_0395
-18.2109836,-45.2973227,2021:05:07 14:26:50, _Campo2021-05-TM_0019SET_002_IMG_0400
-18.2100246,-45.2970583,2021:05:07 14:27:00, _Campo2021-05-TM_0019SET_002_IMG_0405
-18.2091224,-45.2968023,2021:05:07 14:27:10, _Campo2021-05-TM_0019SET_002_IMG_0410
-18.2082447,-45.2965459,2021:05:07 14:27:20, _Campo2021-05-TM_0019SET_002_IMG_0415
-18.2072593,-45.2959559,2021:05:07 14:27:37, _Campo2021-05-TM_0019SET_002_IMG_0420
-18.2086155,-45.296312,2021:05:07 14:27:53, _Campo2021-05-TM_0019SET_002_IMG_0425
-18.2096286,-45.2965971,2021:05:07 14:28:04, _Campo2021-05-TM_0019SET_002_IMG_0430
-18.2105109,-45.296844,2021:05:07 14:28:14, _Campo2021-05-TM_0019SET_002_IMG_0435
-18.2114314,-45.2971232,2021:05:07 14:28:24, _Campo2021-05-TM_0019SET_002_IMG_0440
-18.2124681,-45.2974558,2021:05:07 14:28:34, _Campo2021-05-TM_0019SET_002_IMG_0445
-18.2134758,-45.2977552,2021:05:07 14:28:45, _Campo2021-05-TM_0019SET_002_IMG_0450
-18.2142128,-45.2978838,2021:05:07 14:28:58, _Campo2021-05-TM_0019SET_002_IMG_0455
-18.2135165,-45.2973913,2021:05:07 14:29:11, _Campo2021-05-TM_0019SET_002_IMG_0460
-18.212511,-45.2971296,2021:05:07 14:29:22, _Campo2021-05-TM_0019SET_002_IMG_0465
-18.2114901,-45.2968335,2021:05:07 14:29:32, _Campo2021-05-TM_0019SET_002_IMG_0470
-18.2104909,-45.2965137,2021:05:07 14:29:42, _Campo2021-05-TM_0019SET_002_IMG_0475
-18.2095869,-45.2962378,2021:05:07 14:29:59, _Campo2021-05-TM_0019SET_002_IMG_0480
-18.2074258,-45.2956712,2021:05:07 14:30:15, _Campo2021-05-TM_0019SET_002_IMG_0485
