Blue,Green,Red,Near-IR,RedEdge,Image,R^2/NIR,R^2/RE,R^2/B,R/B,MLR,KIVU,Kab 1(Rs),SABI,NDCI,NDVI,2BDA_1,2BDA_2,3BDA_1,3BDA_MOD,B3B1,GB1,GR
0.0711840819488522,0.1754971415781613,0.1658384881555125,0.0986421449879164,0.164066217518026,0000SET_000_DJI_8631.T,4101285.4682947975,46836.29792156489,204453780037.93018,inf,639790624799542.2,-0.5393501304663928,5.503694112673631,-0.007184456977093042,-0.2540690498542298,-0.005372068379164843,0.9893132730694905,0.59480851571329,0.6415694380460287,3.91042987247231,0.4228658271507479,2.465398678657695,1.0582413258229388
0.0776111334780846,0.1839625508595329,0.1911234581326306,0.0876534810222157,0.1689822591236592,0000SET_000_DJI_8641.T,7660461416.251382,1054170.548225182,60046923513047.414,inf,1.3776546222765527e+19,-0.6170403928635447,5.341187689653244,-0.08464612587095494,-0.3711568733916783,-0.06148527487335992,0.8841523734171529,0.45862230559572836,0.24944980278402623,1.4761892998571042,0.40658301560710036,2.3703113537374016,0.962532557002352
0.0740016365421156,0.1841014620713734,0.1927980136988455,0.0865622722660551,0.1650363985080015,0000SET_000_DJI_8651.T,15311325620.7147,1885605.5312675803,506850144833117.4,inf,6.621122153899095e+18,-0.6452766633144625,5.531678216707022,-0.1075601778513213,-0.3802821903115394,-0.0775822957317932,0.8560067364894733,0.4489790667722706,0.3236095920347253,1.9608376998061772,0.4265730482148646,2.487802576725423,0.9548929397112136
0.0743940078470274,0.1812531493955387,0.1961169651269514,0.0845773116843607,0.1661142416952409,0000SET_000_DJI_8661.T,61098226212.10591,2826424.122771818,1365419149988963.5,inf,3.8607929875726156e+19,-0.6715632676500133,5.451903623885021,-0.11735989461147413,-0.3973706008889156,-0.08282755010237947,0.84701617520805,0.431259537539813,0.26884609757953914,1.6184409887791187,0.4179946403515841,2.436394471020304,0.9242094342945242
0.072960069723197,0.1770731835790441,0.1935740121730399,0.0833826598800194,0.1658175088417204,0000SET_000_DJI_8671.T,45570233692.79185,1978194.6732128419,1084196228457208.6,inf,4.841633131789246e+19,-0.6811530690981323,5.44039494678147,-0.11101124736303515,-0.397864949330089,-0.07723193706114048,0.8566103836990918,0.4307533792577584,0.2840828796084633,1.7132260736086202,0.41639706911302227,2.426987587194496,0.9147570047819986
0.0490059234518315,0.1750444544534025,0.1482437878766155,0.0569565643727063,0.109087516681869,0000SET_000_DJI_8681.T,1417566013.936692,410234.2372054046,13430965426781.139,inf,36857279555102.63,-0.56692949647943,6.9648436806711596,-0.17476547712545398,-0.4448687465847706,-0.15216287525502875,0.7358656861403422,0.3842087765600789,0.31073117907225484,2.8484577202214396,0.5625454961512325,3.571904009225655,1.1807877885520128
0.0714946195325317,0.1756939288382299,0.1947902934580236,0.0861356367928443,0.1668143256246914,0000SET_000_DJI_8691.T,28060098628.196537,2175413.5538693033,3441169726039547.5,inf,2.266163435138648e+19,-0.7017639979979976,5.490779599008293,-0.11317663385995799,-0.38677332693407934,-0.0773661794041764,0.8563790457076297,0.44219676075084374,0.3965960355576759,2.3774698849903384,0.4215377694172474,2.457442671728397,0.901964495864837
0.0721573109735254,0.1758494007605603,0.1903807373212128,0.0868033974223619,0.1707111720295462,0000SET_000_DJI_8701.T,8009951558.8202915,823503.9875069045,506924529774142.3,inf,4.614453906271191e+19,-0.6722992847081836,5.45777097581974,-0.07931061685441979,-0.37367701435968237,-0.05447246194752013,0.8966830070708264,0.4559463244220244,0.3991778856180654,2.3383231505725757,0.41810194999163647,2.4370281872765416,0.9236722329941656
0.0710428899201569,0.1747425524740175,0.1862423745764058,0.0873426225176232,0.1682059395041484,0000SET_000_DJI_8711.T,2625672602.34052,556670.1665808839,196494891472041.97,inf,8.466234226280538e+18,-0.6592526149197572,5.495228779642258,-0.07338284520257214,-0.36149552464235285,-0.05088593838863156,0.9031561151790514,0.4689728785743706,0.44185010185534873,2.6268400697256684,0.42191132861137465,2.459676860983636,0.9382534606931221
0.0702039785941251,0.1729620913832661,0.1903609002114307,0.0879076623484277,0.165964120012428,0000SET_000_DJI_8721.T,5986681747.217598,1212279.622710828,1291038768955486.2,inf,4.295680593131437e+18,-0.69470090617169,5.503319049606576,-0.10032970554350384,-0.3681811445767046,-0.06846777187769638,0.8718393316489593,0.46179473962767625,0.4760903668150447,2.8686342974577475,0.4225840915991903,2.4637078246408692,0.9086009321828168
0.0722772004606071,0.1822615119745953,0.1899715307934717,0.088424868813113,0.1732294403278194,0000SET_000_DJI_8731.T,4789342900.255002,637727.000006066,414486396109887.6,inf,5.4396889902376624e+19,-0.6457442882909341,5.586609217497752,-0.0657742404111293,-0.3647556582048445,-0.046095940806450325,0.9118705292539147,0.4654637905152454,0.43767906769631376,2.526585936363068,0.4320926685837101,2.5217013223130085,0.9594148723933884
0.0750346288038909,0.1809193503539842,0.1975914284924855,0.0881895537107145,0.1735032304485066,0000SET_000_DJI_8741.T,31648973557.797558,1860890.0721065924,1708180518101076.0,inf,1.4674352957223476e+20,-0.6774112301906995,5.411153048055357,-0.09411144192105353,-0.382817197765744,-0.0649111957383606,0.8780908755619681,0.4463227700895355,0.34491895001093437,1.9879684609866768,0.413686561539184,2.4111447372763264,0.9156234748354211
0.0840189683851297,0.1732017598883016,0.155428549408912,0.0831585635429944,0.1640648556530592,0000SET_000_DJI_8751.T,7768287.483350489,12666.61460429693,261503082.7613091,inf,2.459230170457112e+17,-0.41229131314736384,4.8007811038630654,0.033575467662025384,-0.3029081704026719,0.02703125043370474,1.0555644781926532,0.5350275985926833,-0.02020384755342845,-0.12314549312226042,0.34671696990286344,2.0614602061569247,1.1143497159754778
0.0699791266080453,0.1769077324992681,0.1848003213554543,0.0850067189289577,0.164644485542635,0000SET_000_DJI_8761.T,3378937433.942333,601636.624499821,193547867961280.56,inf,5.619296647287839e+18,-0.6490456529246624,5.60121965681659,-0.08163997016972958,-0.36987026847520754,-0.05767959750707488,0.890931814052149,0.4599922679000729,0.4159248058545946,2.5261994319687684,0.4331077250439828,2.5280071511914173,0.9572912601109325
0.0742571918130421,0.182183061754676,0.1902185116674589,0.0873224451585556,0.1690681967325049,0000SET_000_DJI_8771.T,6729640014.328309,918285.7933160888,183979035252259.53,inf,1.6963079948990083e+19,-0.6365098859221499,5.478499811017418,-0.08247657940085779,-0.3707419174655618,-0.0588675128816876,0.8888104278098384,0.45906386498919305,0.34065545391994095,2.014899670686834,0.4208616566241771,2.4534062938086816,0.9577567406960342
0.0736545719185974,0.1796998280264634,0.1968062586195102,0.0866085173663841,0.1674684562482557,0000SET_000_DJI_8781.T,40479788232.93859,2780551.140870494,2482341464557344.0,inf,2.7266121832765686e+19,-0.6853188901370398,5.458727171643373,-0.11579748517340262,-0.38882143977775774,-0.0805375755544941,0.8509305416553145,0.4400699346346816,0.34007504715184816,2.0306812086911457,0.4185648882784811,2.4397647470555746,0.9130798445484447
0.0737593189457706,0.1826880163606786,0.1917325481856393,0.0885448535869651,0.1757199530019282,0000SET_000_DJI_8791.T,7034226880.45663,674447.0224272326,389562655393016.2,inf,1.6118467901784477e+20,-0.6457633707454334,5.51546780818469,-0.06244009189869883,-0.3681627342984748,-0.043577319876610204,0.9164847318035568,0.4618144098373646,0.3978120090772676,2.2638977661967754,0.4247604962817823,2.4768126790188325,0.9528273529426855
0.0754569114952298,0.1782086389606332,0.1994985632826381,0.0927567935207014,0.1735399897318405,0000SET_000_DJI_8801.T,15030737977.431175,2454599.012055986,2761206771047701.5,inf,1.9544418714067554e+19,-0.696047355003982,5.3319772861288435,-0.10233385457405379,-0.3652346048656481,-0.06958683852119184,0.869880899773594,0.4649496818144445,0.4289413916284394,2.471714976422744,0.40506772512368355,2.3617271821667267,0.8932828188249027
0.0753475033497932,0.1854936928273019,0.1980058345311527,0.0909350690302196,0.168787408078601,0000SET_000_DJI_8811.T,16830301147.507824,2964524.329439104,1709925891509219.0,inf,6.030523173953508e+18,-0.6612533790868926,5.489143258582597,-0.1120161495989851,-0.37056285275369744,-0.07965911870311741,0.8524365379346702,0.45925449240190236,0.3839883721053839,2.2749823371099342,0.4222729810007704,2.4618425904062953,0.9368092271953622
0.0759694340615638,0.1856144783388356,0.1994010660625441,0.0923633485279243,0.1700928171192287,0000SET_000_DJI_8821.T,16230973773.162233,3259206.3398237736,2098648080778385.8,inf,5.798554726406714e+18,-0.6649892460202284,5.4592159060136085,-0.11204148097018315,-0.3668635110449024,-0.07931998411161029,0.8530185945238498,0.4632038852738813,0.3974020274704144,2.336383359397537,0.4191582091999645,2.443278413636965,0.9308600099490731
0.0740867652683418,0.1835530799444925,0.1929943751614411,0.0876513477127411,0.1755829837689902,0000SET_000_DJI_8831.T,11993952377.069162,813823.3699364808,522296624127913.25,inf,2.6934038314487356e+20,-0.6478104858227257,5.51587212224386,-0.06758035185926885,-0.3753594616367159,-0.04723944911585654,0.9097829075179722,0.4541652969907551,0.3667664680293868,2.088849728809322,0.42488115371176927,2.4775420991814716,0.9510799461950593
0.0731157522378858,0.1819025434817172,0.1972220955295107,0.0897966547995484,0.1697474989854376,0000SET_000_DJI_8841.T,18789621233.876305,2423852.5569655653,3749018263103097.5,inf,1.525043527678064e+19,-0.6822683230050529,5.53370878296777,-0.107735786040551,-0.37428021899893993,-0.07486886367353782,0.8606920970477061,0.4553072745650447,0.4312725523586501,2.5406710257077094,0.4265842610894253,2.487870779061235,0.9223233481691648
0.07334640677266,0.181871021622369,0.1974415066681917,0.0891876478738847,0.1777539857626779,0000SET_000_DJI_8851.T,23286313640.049232,1289749.269176292,3626638514665052.5,inf,5.1377295220577966e+20,-0.6823247529405685,5.520643937546489,-0.07714018995223634,-0.3776791616583987,-0.052472701039022414,0.9002868179151434,0.45171681162141897,0.43045226597260927,2.421618081449452,0.42522415311595857,2.4796173340308987,0.9211387447929603
0.0742390009489181,0.182528158606563,0.19275957225731,0.0919503758960705,0.1724945165091415,0000SET_000_DJI_8861.T,3840331974.20897,1003982.4533986484,448765082413189.56,inf,9.280459766050011e+18,-0.649327600810686,5.486618536503552,-0.07892386153763453,-0.35407683157924297,-0.05548207774102772,0.8948687449818721,0.4770210621412264,0.44755039312587064,2.594577509959004,0.4217406846152624,2.458655912303505,0.9469213718886585
0.074225827027872,0.1810645936861153,0.1911728250383595,0.0835579014486148,0.1602862204532262,0000SET_000_DJI_8871.T,23663966117.089184,2253998.6358224605,259624972877162.5,inf,3.550124433128313e+18,-0.6458855131733876,5.456886434006082,-0.12098614784977325,-0.39171054860092985,-0.08788109164165116,0.8384362182285281,0.4370804345850338,0.2411747363824157,1.504650466524625,0.41849892510435904,2.4393745537941265,0.9471251661933857
0.0604073911363624,0.1475829536056844,0.1243754182033505,0.0755591737366569,0.1385879563644353,0000SET_000_DJI_8881.T,71757.8962704286,1288.308767097014,31391612.40882456,inf,25233518439415.055,-0.4334377751911605,5.4956574324040215,0.06833268235942119,-0.24416107284397023,0.05404759573246629,1.1142712793765057,0.6075089019047129,0.46005731558737323,3.319605308109111,0.41913273703853243,2.4431274191685204,1.1865926220596918
0.0932399940129526,0.1793092379489266,0.1663672948532001,0.0872722086901162,0.1718831516802226,0000SET_000_DJI_8891.T,33281521.234238718,30665.473794746333,490040261.3732404,inf,1.891282297325315e+18,-0.4078278491210623,4.521487437807199,0.020238020071889285,-0.31184056528314447,0.01630702008985373,1.0331546944481464,0.5245755108726378,-0.12605738573444905,-0.7333900065375261,0.3157933827823528,1.9230936235797862,1.0777913898711058
0.0741786001988508,0.1817978062244487,0.1923369158462952,0.0886541856223032,0.1664254009161277,0000SET_000_DJI_8901.T,7891746524.663415,1560790.348315075,397845073904202.75,inf,3.9171660752962954e+18,-0.6499435724849475,5.474670114080197,-0.10122618444497772,-0.3689893725534182,-0.07222473966608495,0.865280594647392,0.46093172094508694,0.36633454151133055,2.2011936849468654,0.42042627103543156,2.450812036586061,0.9452049567527184
0.0752921178227747,0.183444676669313,0.1955202461812559,0.0903608835184222,0.1735069442130319,0000SET_000_DJI_8911.T,10822409644.81296,1376695.6648388512,730905582822751.8,inf,3.988577024190934e+19,-0.6553917537504277,5.450053203262281,-0.08507990528149328,-0.36784296596737603,-0.05965224932261458,0.8874116496978185,0.4621561464005813,0.38429484548724085,2.2148672332987633,0.41800223682467263,2.4364393242478806,0.938238777068906
0.076047951193165,0.1840359176972522,0.1960346583803909,0.0914138258731585,0.1748470403811976,0000SET_000_DJI_8921.T,9354172984.979729,1330100.7662077611,621825722561740.4,inf,4.20943673697382e+19,-0.6519744009134659,5.422861343181347,-0.08146456021892085,-0.3639637647730632,-0.05712769885907259,0.8919190199618667,0.46631461308120653,0.38647033942272285,2.210333892870871,0.41520439912244794,2.4199983669486795,0.9387927584730653
0.0737222953870965,0.1863780100544011,0.1929951633440329,0.1810484008314333,0.3384426309798931,0000SET_000_DJI_8931.T,75786.06188840156,1165.1710851938099,617732977073486.9,inf,8.031334248886793e+28,-0.639951397281913,5.593034856026519,0.5591976041280527,-0.0319394949059872,0.2736867215492128,1.7536327082797702,0.9380981248151627,2.721428264120956,8.04103270395223,0.4331241152373172,2.528109157152241,0.9657133724235561
0.0750440131968944,0.1889992222298249,0.2007444071429436,0.1784485462237558,0.3445085255811168,0000SET_000_DJI_8941.T,227105.39568581892,1816.2101488573476,5255078712843873.0,inf,7.437210318384631e+30,-0.6650841863952027,5.575814357022199,0.5444718862266497,-0.058798194220730994,0.26366500721038544,1.7161550375637784,0.8889340867000513,2.660176706019543,7.721657110030467,0.4315778393215335,2.518511659736854,0.9414918448773753
0.0758736544699143,0.1880152449366818,0.1922955739013788,0.184755069041357,0.3393115027921135,0000SET_000_DJI_8951.T,55858.4032958806,1087.4366991352583,185103179301817.97,inf,1.5952496956113142e+28,-0.6192153166657953,5.512764080336352,0.5571129714865903,-0.01999865270397381,0.2765499846336684,1.7645310076982512,0.9607869036866702,2.6355118420072654,7.767234002738683,0.4249575890419756,2.478004338267828,0.9777408867096847
0.0751302100774202,0.1916754260393042,0.200293144041074,0.1802320278261585,0.3389201249138945,0000SET_000_DJI_8961.T,190286.982735289,1986.2240317775572,4285735240043212.0,inf,3.152382776270454e+29,-0.6529941607537545,5.624440288103397,0.5195804065105011,-0.05271955102595673,0.2570911898023001,1.6921204494368132,0.8998412236676379,2.630637536741516,7.761821571999749,0.4368169190807379,2.551243046462754,0.9569744733748721
0.0750244593995357,0.1864968442007625,0.198290843562049,0.1834502289134704,0.1758786279715725,0000SET_000_DJI_8971.T,121229.81960781653,1693973.00527517,2201107768666741.8,inf,2.4866474403167955,-0.6609569437529889,5.52645907414666,-0.08569938770544946,-0.03887612761272975,-0.05989856815045541,0.8869730180785513,0.9251573376663018,1.3855571677425567,7.877916627633154,0.42624590527278056,2.485813902471341,0.9405217147225664
0.076488539224282,0.1846585763507242,0.1923844954969112,0.0922212124695156,0.1713469231899212,0000SET_000_DJI_8981.T,3304212232.154918,1043355.7026380223,146491167221500.8,inf,4.5605944531044675e+18,-0.6276229274751185,5.412868095273294,-0.08055831771554689,-0.35193701399415095,-0.05783820485714775,0.8906482965134384,0.47935886013743895,0.38216564081721427,2.2303618512812236,0.4142111119560644,2.41419928035575,0.9598412589006631
0.0756112191557423,0.1834397929602417,0.1981862835354356,0.0911899575721679,0.171315360316908,0000SET_000_DJI_8991.T,16447641901.453604,2443888.6576754446,1612606012094655.0,inf,1.4803662532597318e+19,-0.6682032420646044,5.433289437649393,-0.10372830817776067,-0.3697481367293091,-0.07272206677723328,0.8644158276789973,0.4601224461422588,0.3870751892468944,2.2594307278160155,0.4162445570999031,2.4260922520293784,0.9255927791160319
0.0774595915686409,0.1821587439931333,0.1937163415990427,0.0938268979060226,0.1780541990000721,0000SET_000_DJI_9001.T,3063065566.387796,745052.2316064493,152255193159320.62,inf,3.423377978356824e+19,-0.6382166866213362,5.311641454398752,-0.06032756725398502,-0.34738929652790695,-0.04212851984918107,0.9191490894898875,0.4843520021673085,0.40098383973280277,2.2520324821580893,0.40328104021597516,2.3516615606178757,0.9403375187116042
0.0743539955558552,0.1811097629342617,0.194187964681926,0.0914521545406345,0.1732065846221871,0000SET_000_DJI_9011.T,6024639798.065482,1164027.7463115447,703032801607529.5,inf,1.8427653203748088e+19,-0.6616648776110845,5.4510318142816,-0.08213055418798516,-0.3596686992741501,-0.05710857741215817,0.8919532418288344,0.4709465629882385,0.4355274138183912,2.514496863779172,0.4178900678881875,2.4357771439224254,0.9326518418940845
0.0758436429249966,0.1792105829288512,0.200791485052708,0.0930755563741584,0.1778337417135251,0000SET_000_DJI_9021.T,18793677614.73505,2073878.3101802226,3648645217481401.0,inf,1.0642756963693725e+20,-0.6972124083616046,5.333028392647045,-0.09001122511233453,-0.36654647678602115,-0.060634478941777536,0.8856637604271094,0.4635433437315629,0.43410305794543863,2.441061261842769,0.40527436727547633,2.36289524101679,0.8925208301627343
0.0758301379046416,0.1783478152197359,0.2015065681088974,0.0913335649580872,0.1735288089635789,0000SET_000_DJI_9031.T,35048794755.89434,3308884.394780794,4742025081442151.0,inf,4.833417035183419e+19,-0.7046704219472182,5.315488149552737,-0.1100715416164677,-0.3762223503894157,-0.0746003200117085,0.8611570858067571,0.4532535381612428,0.38844276857664356,2.2384915271225765,0.4033303284369792,2.351938426434262,0.8850719700776893
0.075703536306371,0.1775778184640505,0.2022003178811208,0.0916376302999412,0.1739258777864706,0000SET_000_DJI_9041.T,38209810322.97119,3545390.1513545294,6463753689109126.0,inf,5.304528504335781e+19,-0.712345622155271,5.305716583694445,-0.11163253655318865,-0.37627096250022557,-0.07517274898778463,0.8601661936492427,0.4532022069016603,0.3994859976966375,2.2968749836472746,0.4022178507771331,2.345700440536832,0.8782271972908244
0.0813454293764597,0.173198117405001,0.1651646153772831,0.0990947509766636,0.1874338238892942,0000SET_000_DJI_9051.T,3383202.6271641636,11353.709499482218,6568204531.399967,inf,3.853848655820918e+18,-0.4839497522067361,4.928113092330628,0.08748683199236788,-0.2500190071300107,0.06315742224591854,1.1348303839847407,0.5999756712435222,0.4127108793930101,2.201901827691321,0.3608525503394583,2.1291683962162753,1.0486393650926202
0.0713336782447784,0.1720339764489144,0.1947315433452632,0.0890820629069497,0.1681653610606372,0000SET_000_DJI_9061.T,12485940426.448275,1917938.1656436534,3650631028132589.5,inf,9.207402151941565e+18,-0.717287757032855,5.420084452474089,-0.1091606948263635,-0.3722495261359224,-0.07320586635512251,0.8635753518497843,0.4574608785850646,0.46968911178997513,2.793019375854783,0.4137784798513152,2.4116795976591496,0.8834417552162799
0.0738680522804936,0.1852710178321129,0.1944977717955884,0.1153050535357383,0.1553227032756076,0000SET_000_DJI_9071.T,60471204.66279206,6109425.533859305,982585248839771.0,inf,131400414333.16187,-0.6510987035457746,5.56273449288648,-0.15117391793895696,-0.255622969787817,-0.11198620810290713,0.7985834585233569,0.5928348302978023,0.7556457940109597,4.865005424674635,0.4298964471208844,2.508134600985514,0.952561132817642
0.0723377665620117,0.1754852285352194,0.1874453043618129,0.0864640463337374,0.1689084021756291,0000SET_000_DJI_9081.T,4347716344.82585,624962.5534669455,165735189294199.53,inf,1.888496248404498e+19,-0.6559386152362074,5.44009363243772,-0.07479895955139675,-0.3686667058705709,-0.05201826681220759,0.9011076737862515,0.46127613934164896,0.38148582503606004,2.258536698721448,0.41621424974199317,2.425914385741842,0.9361943161643154
0.0730150138822995,0.1755985092929591,0.1891921119666396,0.0865875396392406,0.168770746575224,0000SET_000_DJI_9091.T,6378710764.214766,811328.2276311673,224548738179719.2,inf,2.0034237299473854e+19,-0.6616064028796309,5.405817117078954,-0.08214100798137064,-0.3720527302501359,-0.05704883873874675,0.8920601647757043,0.4576699247086403,0.3623183037518814,2.1468074953996243,0.41262234692818367,2.404964403294158,0.9281492101738498
0.0724489473649416,0.1761024820530463,0.1893439503868522,0.0866846860374236,0.1697109511330692,0000SET_000_DJI_9101.T,6448687901.89828,768945.6854260466,306666883909080.44,inf,2.8861480888738484e+19,-0.6637896391869084,5.447315110543762,-0.07898968555423704,-0.37191526821019383,-0.054679658098731494,0.8963103959029562,0.45781597912326477,0.38469400114063873,2.2667600327040933,0.41703053139071256,2.430711396895507,0.9300665888360731
0.0733722531106936,0.1779932423916012,0.1921117246616492,0.0882079284796111,0.1715459780950248,0000SET_000_DJI_9111.T,8393928324.148501,987220.9582749071,531642167236299.0,inf,3.7852170078364705e+19,-0.6671010087546921,5.437788543670368,-0.08181610815569008,-0.37066183201103736,-0.05655248441247805,0.8929490295147515,0.4591491156251113,0.393231575677825,2.292280938583133,0.4162106221931819,2.4258930978045656,0.9265090025353021
0.0675841898715233,0.1784156771296644,0.1765672244098123,0.0773283941010456,0.156761739165808,0000SET_000_DJI_9121.T,3650789271.883074,347653.7611785083,31938979411744.367,inf,4.3751356588953667e+18,-0.6108377710501587,5.77050580702365,-0.08051014614535819,-0.3908646824660455,-0.05941723464877109,0.8878303416151812,0.43795440722093754,0.2922821863827347,1.8644995133256703,0.45053474462897175,2.6399025788254677,1.0104688326275202
0.0668148753099859,0.1773115815099554,0.1831855619010626,0.080005134847436,0.1625788044499427,0000SET_000_DJI_9131.T,8878094852.82365,563547.4027250571,504702542767650.7,inf,2.6295161670043623e+19,-0.656306179213358,5.792147681725287,-0.08441017708424249,-0.3920367563456257,-0.05959768980416223,0.8875088340081654,0.43674367137430997,0.4011679625324133,2.4675292938073685,0.45262077547567003,2.6537740388996145,0.9679342611385514
0.0698595678623167,0.1772808792781303,0.1817014651366816,0.081029623012595,0.1589457645997967,0000SET_000_DJI_9141.T,4613467728.435609,612989.0867636666,68438769564097.02,inf,2.8403225783819336e+18,-0.6308739991011648,5.615921527034794,-0.09207598675239545,-0.38317445732530747,-0.06680136678195944,0.8747632523504016,0.4459491999783379,0.3136422523569131,1.9732658693147354,0.4346569436882476,2.537675005770516,0.9756711600799367
0.0671338458750317,0.170449572505886,0.1783249046620406,0.0759940949691024,0.1569102345546439,0000SET_000_DJI_9151.T,8413400106.034635,443270.1149388681,73607959563366.95,inf,1.1040215105785735e+19,-0.6523399099940203,5.624190113406733,-0.0901353733073347,-0.4023718630592125,-0.06387955080554665,0.8799120619299836,0.42615525359806344,0.2725058493293186,1.7366990120355634,0.4348608473391359,2.5389514079556004,0.9558371716441971
0.0707490975384734,0.1798348842949702,0.1878775720267031,0.0840776338293238,0.1636744034876258,0000SET_000_DJI_9161.T,9069769816.06636,1020499.3938121506,403500486016870.3,inf,8.28148012807769e+18,-0.6513112010910648,5.620137983510133,-0.09658705381720888,-0.38168027661265286,-0.06884662930329859,0.8711758499006081,0.4475128825774575,0.3667430058627291,2.240686375194004,0.43532625652426243,2.541868243579727,0.957191868912433
0.0667742463305782,0.1672419267994893,0.1821565034681549,0.0804768642053138,0.1664290653851634,0000SET_000_DJI_9171.T,6014539316.95647,358876.31589420605,352496311155331.8,inf,8.683006327553167e+19,-0.6899122686855402,5.573538600319054,-0.06720662880958281,-0.38715430626187264,-0.0451178691496821,0.9136597498110133,0.44180066411618946,0.4243778228427733,2.5499020970925024,0.42931938901962385,2.504587262153845,0.9181221840302122
0.0685906270563094,0.1736509485766128,0.1916331721588212,0.082422808041367,0.1582449140223282,0000SET_000_DJI_9181.T,36954405171.08677,2923698.8547101957,4718452756865841.0,inf,3.487679978578007e+18,-0.7085624703525696,5.6099451978181945,-0.13783042010545488,-0.3984965554762932,-0.09542826331571454,0.8257699449403177,0.43010720488964643,0.38717583530174016,2.4466873876724407,0.4337006199113619,2.5317008464444313,0.9061633047158186
0.0681176731465027,0.1720699915965375,0.1912136954785673,0.0818817007484196,0.15748117459,0000SET_000_DJI_9191.T,38992629966.341225,2943588.8712327704,5171379758647303.0,inf,3.244141780904804e+18,-0.7153834389711311,5.602635255121268,-0.14044235337670383,-0.40034360242116623,-0.0967393666615576,0.8235873178218643,0.42822089988631346,0.38862212408880026,2.4677370174598483,0.4327962410611137,2.526069720943953,0.8998831969952926
0.0676792564279094,0.1678966747068551,0.1815586971298856,0.0770926170485101,0.1565524739252181,0000SET_000_DJI_9201.T,13854765930.873133,735695.4863582585,181375332311002.8,inf,7.914941667818445e+18,-0.6782709717200051,5.535267021583673,-0.10614931281057886,-0.40388768335939584,-0.07395858328677377,0.8622692076999305,0.4246153903239275,0.28244654336115754,1.8041653145390502,0.42541450561693817,2.480770084785067,0.9247514845666864
0.0691333853025812,0.1749286720914254,0.187241689686182,0.0804939812399218,0.163503942256989,0000SET_000_DJI_9211.T,21410662267.086567,942821.347180533,701759537893081.6,inf,4.382906856850905e+19,-0.6751797916917371,5.6066020592989085,-0.09726111335229576,-0.3987055892739934,-0.06767795595253218,0.8732240268234196,0.42989347818229,0.3337936803510255,2.041502337762486,0.4334769931814981,2.5303067588228485,0.9342399782046762
0.0681216461331964,0.1731966397871904,0.1861244740546974,0.0793390441433771,0.1623576054893368,0000SET_000_DJI_9221.T,22714953606.1824,881105.2430714886,771654127352810.2,inf,4.444680944203294e+19,-0.681322848217454,5.627074772837621,-0.09848764039871186,-0.40226028282968357,-0.06820112126413493,0.8723065911344035,0.42626873519095243,0.336971110572823,2.075487067927682,0.4354207691026748,2.5424611649657396,0.9305419970524251
0.0681449605495591,0.1736772500313966,0.1795305876475719,0.0805919341677862,0.1560774465191959,0000SET_000_DJI_9231.T,3060011740.0778403,567310.1424258397,70230646160443.74,inf,9.262411685976995e+17,-0.6413368882676171,5.636201296747138,-0.09698505803925947,-0.38035404542946494,-0.06988253778430661,0.8693640931292679,0.44890363933967875,0.35373545958603564,2.2664098335471543,0.43640445279325607,2.5486440762569393,0.9673964325919453
0.0661365013455135,0.1649776611616396,0.1802784301318642,0.0772368249295072,0.1492722572651405,0000SET_000_DJI_9241.T,9558873247.144459,1165084.4693119293,243293657884237.03,inf,3.6566222148894694e+17,-0.6918629345491707,5.5598229535819055,-0.13415955357458476,-0.4001378682509507,-0.09408620298027486,0.8280095247998094,0.42843076053531487,0.3243762957581406,2.17305145444392,0.42767244873220145,2.4945023973940708,0.9151270123717358
0.0677952852287841,0.1704924042431738,0.1889307302371515,0.0784040142946446,0.153305731230274,0000SET_000_DJI_9251.T,62837127632.959465,3071395.4707080885,2591646186841083.0,inf,2.6090841372927524e+18,-0.7105034710847973,5.5865108105721335,-0.14950415225319447,-0.41343939836956417,-0.10409469188094779,0.8114388328348705,0.41498815039898235,0.30597360099534404,1.995839284936805,0.43097954091529045,2.514812109246606,0.902406951104072
0.0654301980496399,0.1675139109603197,0.1777602524200718,0.0765052393785481,0.1589635238205304,0000SET_000_DJI_9261.T,6256429832.545403,345533.5606713554,137412337706669.16,inf,1.9438294645390205e+19,-0.6705714989666761,5.659795280973461,-0.08069201096962594,-0.39822554104871766,-0.05582239784015255,0.8942579775645111,0.43038439885737645,0.35170085472278056,2.2124626220531596,0.43823264449377075,2.560192632050907,0.942358646996413
0.0668847288317053,0.1696687813788857,0.1767469437398001,0.0766049003556373,0.1571197964881137,0000SET_000_DJI_9271.T,4702822785.248461,346560.8307240235,47134372359511.68,inf,7.514907716539133e+18,-0.6475098955462087,5.621482559746161,-0.08297127882064992,-0.3952686578686965,-0.058787368991256674,0.88895339949651,0.4334157000667125,0.2980720907839627,1.8971007947207479,0.43450656240813,2.5367342342944172,0.9599531272725451
0.0661759982194575,0.1668589802458452,0.1860728405669071,0.0808698537002138,0.1570070246201281,0000SET_000_DJI_9281.T,14277025122.822567,1393848.7792450057,2073136206601468.8,inf,2.628471976046679e+18,-0.7185519303234208,5.60033190278461,-0.12472726686009793,-0.3941032630824505,-0.08472026165375025,0.8437933453467775,0.43461395792007074,0.43108974240011166,2.7456716885318677,0.4320509422639259,2.5214425884819405,0.8967401139117179
0.0645100008437835,0.170937781042987,0.176355037320359,0.0756201489379191,0.1484090552464476,0000SET_000_DJI_9291.T,5687368077.421764,690163.3493338225,129980610071606.67,inf,3.869045067093042e+17,-0.6543026111263782,5.792081632843621,-0.11869290867794605,-0.3997809858911474,-0.08605009825143368,0.8415356742935223,0.42879494732294365,0.33799920004873046,2.277483671649618,0.45202286191163116,2.6497873013042974,0.969282100700468
0.0644237043629617,0.1700323146088686,0.1842877138549748,0.0784505072242663,0.1545182973835139,0000SET_000_DJI_9301.T,18531548406.836597,1330334.6845591988,2708950433001521.0,inf,2.7484832892993336e+18,-0.7049484079996238,5.777279709748348,-0.12697228504522926,-0.4028237924271714,-0.08786566791610421,0.8384622835199531,0.425695807838839,0.4288418474924981,2.7753467049155613,0.450441028168254,2.639281865117696,0.9226459596903759
0.0648271559945152,0.1679635418684991,0.1833795536278744,0.0797214254773227,0.1553278697068686,0000SET_000_DJI_9311.T,10112999486.707941,1076832.3650787247,1534511173310194.2,inf,1.8172454919242025e+18,-0.7058222059057044,5.706409406932107,-0.12050173902357905,-0.3939860980490898,-0.08281980844949607,0.8470293805059091,0.43473453773967924,0.4476479174875826,2.8819549146741927,0.44304341548335624,2.5909441697968347,0.9159338571046014
0.0645430362185783,0.1668800174443679,0.1821868963470048,0.0792394475312559,0.1539659122031557,0000SET_000_DJI_9321.T,8614510760.3402,1015330.6807305728,1135174758666721.8,inf,1.1768859582809546e+18,-0.7049607372413234,5.69925172247797,-0.12194543152537982,-0.39379141095163994,-0.08395284354626473,0.8450987161552079,0.434934943841029,0.4424304884875572,2.873561310790514,0.44220737565254525,2.5855619323395347,0.9159825475401785
0.0612067641227009,0.1641301552910724,0.1771479142614703,0.0751146033313325,0.150088326998984,0000SET_000_DJI_9331.T,8110887357.349905,669351.996166846,1022451346781941.5,inf,1.1869738997747494e+18,-0.7063976143394037,5.845559302093179,-0.12008501462114309,-0.4044727369875772,-0.08269129103261214,0.8472486262381483,0.4240219459793546,0.4540281495215687,3.0250730259965,0.4567533426663172,2.68156890245074,0.9265147488488986
0.0622312532815667,0.1648530999810659,0.1694978745973862,0.0709159322832363,0.1488349538263966,0000SET_000_DJI_9341.T,4062698458.9245687,238933.2678966053,32737827445873.684,inf,2.2746462993660572e+18,-0.6506800377314077,5.796769979843137,-0.09099226993896864,-0.4100510848077073,-0.06490980171068603,0.8780933340900534,0.41838832759222033,0.2928912138933415,1.9678926647498027,0.45191068968460685,2.649040334045409,0.9725968562888876
0.0630780805849909,0.1672817577641084,0.1788748423230977,0.0763700257304735,0.1591785916879422,0000SET_000_DJI_9351.T,8652148393.072086,398644.215282546,707460498947881.6,inf,2.7814233553941303e+19,-0.6922258785766531,5.798798659241919,-0.0855021030415326,-0.40159403546209727,-0.05826372003223684,0.889888089463254,0.426946711670767,0.43920956730736255,2.7592251109269785,0.4523517550884969,2.6519792012173595,0.9351888482000785
0.0645350643987822,0.1690012495013464,0.1774686165612714,0.0776631608931766,0.1508197039546603,0000SET_000_DJI_9361.T,4155556326.0450397,658284.7232817567,193701186577072.25,inf,4.237354608685333e+17,-0.66824093014525,5.747483616276583,-0.1141103589483195,-0.3911917859229212,-0.08117532955400351,0.8498387313600853,0.4376163087199321,0.39504724191877155,2.6193344209025327,0.4473230880369165,2.618750768683443,0.9522880877532417
0.0638752044580405,0.167854239279204,0.1847926189090915,0.0769623835129084,0.1588241837688974,0000SET_000_DJI_9371.T,33410197740.08056,978645.6276896561,4474359463088402.0,inf,3.4344503580091073e+19,-0.720371525737401,5.762234524260329,-0.11206359762223145,-0.41195100150307656,-0.07557382216995279,0.85947255202347,0.41647974885171124,0.422816438657057,2.6621666085329334,0.4487087749585426,2.6278466065727764,0.9083384405184479
0.0623490855392448,0.1657501374558553,0.180110215597434,0.0776642894972921,0.1541627846169971,0000SET_000_DJI_9381.T,8071617705.997455,729385.2004032746,1704341602580803.8,inf,2.3426339952928696e+18,-0.7104738002980714,5.809829675785343,-0.11375501696029147,-0.3974245865101959,-0.07762347232289786,0.8559358174417365,0.43120424479908603,0.487585598296131,3.16279703631127,0.453316107608274,2.658421306781253,0.9202706071171718
0.0657836958617917,0.1644749535329423,0.1774970691663209,0.0759956589892406,0.1522763465298229,0000SET_000_DJI_9391.T,6805090754.982425,581572.7674669351,104820135303524.92,inf,1.648055972315346e+18,-0.6792120678857915,5.569361444327836,-0.10953214006420216,-0.400411526261975,-0.07647894413580208,0.857909075597945,0.4281516272137994,0.31105317013036593,2.0426886855303366,0.4286104254088779,2.5002388719310646,0.9266347568749069
0.0621395268050755,0.1731529196301303,0.1776964753474267,0.0762729955724166,0.1599468301989915,0000SET_000_DJI_9401.T,6593345212.551265,316586.318125796,751694128173170.4,inf,3.583643642326623e+19,-0.6673693333568437,5.988256627235367,-0.07543652768013119,-0.39935303801542715,-0.05256921981530305,0.9001125649018551,0.42923189907560055,0.4769640606961889,2.982016336946428,0.4718102706098785,2.786518155718999,0.9744308056284573
0.0677986542947039,0.1753779849379201,0.1890611314172322,0.078281823429057,0.161124689920654,0000SET_000_DJI_9411.T,67609197226.071205,1517210.765683001,2717022003049753.0,inf,6.4131200710577955e+19,-0.6914350006099825,5.693110650562338,-0.11488127142777901,-0.41437152533856214,-0.07977604972653346,0.8522359340221748,0.41405561704959687,0.31825312755707996,1.975197765865703,0.4423917156791745,2.586747285213001,0.9276258087702054
0.0669699638139826,0.1749023172894131,0.1797473721513511,0.0781712200618588,0.162529050275373,0000SET_000_DJI_9421.T,6354737062.830597,345759.57014561584,132896207620919.19,inf,4.258807630707683e+19,-0.6448022535387811,5.731299073123001,-0.07118766068368776,-0.3938302827177491,-0.050305310993672796,0.9042082136172768,0.43489492572963445,0.34775291220767485,2.1396354166746008,0.44623696846556604,2.611653155065546,0.9730451978020667
0.0674350169810051,0.1758234082938771,0.1833196787100312,0.0817081153923787,0.1606597393009293,0000SET_000_DJI_9431.T,5691714777.533181,673208.2063850047,388296464981149.4,inf,5.278028763615982e+18,-0.6590968907583261,5.723887907884291,-0.09315171461582937,-0.3833996493152283,-0.0658758583293488,0.8763911241359712,0.4457138260733143,0.4161737208483909,2.5904045572292524,0.4455689096498633,2.6073013126607876,0.9591082066644279
0.067415672148505,0.1751002286106275,0.1843526672491389,0.0831242372130231,0.1688426710278612,0000SET_000_DJI_9441.T,4982209461.791578,405848.59061027115,573161956711336.1,inf,7.842609583614832e+19,-0.6678289116381917,5.709438733858552,-0.06395455379514378,-0.37845671288765736,-0.0439133661756138,0.9158677959331226,0.4508979362944984,0.47329311540356617,2.8031605548662917,0.4440309114785637,2.597322299552427,0.9498112027529961
0.0684230648191375,0.1766913855840009,0.1902779473999788,0.0844818025764275,0.1647494945031455,0000SET_000_DJI_9451.T,14615057393.860847,1327744.619703817,3095543565908582.0,inf,1.4839183868084687e+19,-0.6896481239200551,5.685193040152228,-0.10414911423968193,-0.38504964731055424,-0.07190557653793762,0.8658359875873027,0.4439915593520687,0.45768829064398175,2.7780861605936114,0.44170517318254837,2.582336614868813,0.9285962351306118
0.0685450577222768,0.1746583515026965,0.1909690056491848,0.0865080701637362,0.166085003469573,0000SET_000_DJI_9461.T,9975783059.341755,1312431.4780923165,3764355653394007.0,inf,1.0127355695785744e+19,-0.7009338338168039,5.63442925999612,-0.10231765360078915,-0.376466903362776,-0.06969254382839112,0.86969612113222,0.45299534272411646,0.5031260688034341,3.0293287069449804,0.43631499294592735,2.5480808873246223,0.9145900451696786
0.0603383370404827,0.1261385603630752,0.1160016508520015,0.0677898323613329,0.1716152268964789,0000SET_000_DJI_9471.T,51066.357408622214,153.0034998181802,3379012.8219714607,inf,2.3882416696824434e+20,-0.4412870548966027,4.9066683461739755,0.2982330616758552,-0.2623180228362766,0.19335991851323558,1.479420556828376,0.5843867898726827,0.31263770600370316,1.8217364021683888,0.3528599211954556,2.090520994611523,1.0873859073264973
0.0692115050825745,0.177671871119185,0.1847119964897771,0.0837994855253375,0.1624950865108233,0000SET_000_DJI_9481.T,4537496255.527148,708245.8976263988,270045937169286.2,inf,4.360493238394353e+18,-0.6500775315734876,5.660969701615673,-0.08998949350399985,-0.37582195817890274,-0.06398749065529681,0.8797213478216972,0.45367646453854116,0.4087104668587148,2.515217386782288,0.4393182226573809,2.5670857888035985,0.9618859332128884
0.0693067514260424,0.1763564801267406,0.1879941919934513,0.0826230424269305,0.1334622979810785,0000SET_000_DJI_9491.T,13979274753.253042,23888552.498110406,847856689275190.2,inf,101279025431824.98,-0.6729973317799993,5.62746206454724,-0.22197824911643776,-0.38937338855083903,-0.16964004682777928,0.709927772586334,0.4394978459217966,0.3103595758866375,2.3254475652040583,0.4357580417063658,2.544578652123546,0.9380953648444836
0.0606249756140369,0.1629952653429938,0.1706832002500742,0.0893278051626281,0.1233513101111869,0000SET_000_DJI_9501.T,54368917.54555404,3806068.2144340854,116908980115199.6,inf,12711878275.946436,-0.6752234453218002,5.856961433286035,-0.21166192262525224,-0.3128921214635311,-0.16097392813086353,0.7226915708778625,0.523354407649673,0.6537779037071663,5.300129387501935,0.4577863313751981,2.688582777842049,0.954957869926176
0.0603172094896614,0.1628286693975394,0.1714564681401122,0.0737484096428676,0.1542009271771348,0000SET_000_DJI_9511.T,2847971585.1906524,205013.73325276625,185368458221671.5,inf,6.492908775934055e+18,-0.6825533799524514,5.873148530130604,-0.0773285218128541,-0.3984751827968193,-0.05298679290291413,0.8993590550991848,0.4301290609964114,0.46559456879296646,3.0194018759571097,0.45939212688618397,2.699539165939844,0.9496793627200913
0.0645776369199621,0.1632457431735808,0.1784248436053621,0.0740994265720916,0.1541672703171721,0000SET_000_DJI_9521.T,15493802737.43977,566993.7542683951,270388932916658.9,inf,1.0264346742096372e+19,-0.6973977052764258,5.613910539375709,-0.10647534628899805,-0.41313025856864766,-0.07293490216018762,0.8640459882266025,0.41529769663681937,0.30677062416876305,1.9898557167006743,0.43309034486761705,2.52789899041844,0.9149272033811936
0.0652773092327476,0.1719668946502429,0.1809919913153385,0.0823754512470246,0.1624655260524358,0000SET_000_DJI_9531.T,2704260494.205594,414896.2000745928,491014930843382.8,inf,6.488244589575116e+18,-0.6728892925463282,5.768183054839343,-0.07809027558810244,-0.37444468879239834,-0.05394106789360081,0.897639309185651,0.45513312853442006,0.5165948712050881,3.179719930481479,0.4497036541727902,2.6344053802385043,0.9501353811320228
0.0642758125795253,0.1705997898713078,0.1789180635596632,0.0765450223085641,0.1601888478599712,0000SET_000_DJI_9541.T,8302283772.790042,369789.2395566415,380217742233749.75,inf,3.689998416500965e+19,-0.671995264862978,5.798929391809215,-0.07974100121196116,-0.40073516258981173,-0.05523100552944839,0.8953195930748131,0.42782165638093267,0.3994701553022106,2.4937451054733017,0.4526820843984401,2.654183323785025,0.9535079157304789
0.0671079810044818,0.1683956483183903,0.1838252896183546,0.0794023394197526,0.1580974017442607,0000SET_000_DJI_9551.T,12415882275.5689,902242.5729922956,551112762767142.2,inf,6.25747714807589e+18,-0.6931135678351507,5.579882571280148,-0.10924624791587105,-0.3967020885314618,-0.07524475129616065,0.8600416301396377,0.4319445903477278,0.3647733749303664,2.3072698912561886,0.43008962369341897,2.5093237167594715,0.9160635550636245
0.066986612043905,0.1758027569606969,0.1826625687854172,0.0826184535392121,0.1645916240702398,0000SET_000_DJI_9561.T,3790647005.067464,444847.8491270007,381699275843519.94,inf,1.5369459128988008e+19,-0.6579871598223749,5.749730177796059,-0.07443054359943936,-0.37712503657264734,-0.052039529217978185,0.9010692511589157,0.45230095081093546,0.46489277687180486,2.8245226906164493,0.4481915553507178,2.624446163144817,0.9624454431450656
0.0670856163347013,0.1767541127689498,0.1910896793334448,0.0833015710660252,0.1588254306696078,0000SET_000_DJI_9571.T,24943669484.9621,2545710.034324885,8603151481760492.0,inf,2.8343102175617075e+18,-0.7015625325835539,5.7643115739987225,-0.13231743974798366,-0.39282633141726375,-0.09220593150023026,0.8311565084185576,0.43592920013574815,0.4608716125876209,2.9017494909007127,0.4497564725706809,2.6347542502567785,0.9249799015075014
0.0661023343281977,0.1763164003587802,0.1898130365239883,0.0823125714896992,0.1582944521220099,0000SET_000_DJI_9581.T,24085787741.491005,2196360.2886064653,9043328293163382.0,inf,3.3262428315623066e+18,-0.7016403575847505,5.813115660167105,-0.130017114571102,-0.39503987081172454,-0.09054267842548673,0.8339493167636296,0.43365078077393626,0.4715981545564419,2.9792462605887433,0.45464335160768793,2.6673248706069943,0.9288951042964724
0.066919153038434,0.178458686765053,0.1842056927288901,0.0826686034147278,0.1580317224683243,0000SET_000_DJI_9591.T,5436614088.630968,960465.4024472582,698364286670143.0,inf,1.2978890387173414e+18,-0.6572195605410224,5.810379021830661,-0.10666802789333966,-0.3804678486515625,-0.07647898534262546,0.8579090044785529,0.4487841943972798,0.44990274156817767,2.8469141166157677,0.4545623753797263,2.666780415803499,0.9688011489835148
0.0670915134325259,0.1719438959993363,0.1837412191181054,0.0785103734631164,0.1584549167478069,0000SET_000_DJI_9601.T,15824172151.307549,863878.9752686047,538734736997805.75,inf,1.1064475087893973e+19,-0.6784172535326859,5.659669997907056,-0.10578475561590986,-0.401259129141029,-0.07389417857192519,0.8623808936739179,0.4272877574228536,0.343505612376236,2.167844453340324,0.43864790917807056,2.5628263129324202,0.9357938127580072
0.0676996513567393,0.1735265296075588,0.1858260555029206,0.0798268745780521,0.1607483119081707,0000SET_000_DJI_9611.T,18198836366.93177,966731.6733032201,855506102620301.2,inf,1.8043747732054264e+19,-0.6807397371072402,5.658750861380809,-0.10395946034755428,-0.39901378423554107,-0.07235891038936466,0.8650472156507903,0.429578480595782,0.36072167124046856,2.244015299187309,0.4387039492470432,2.5631820272333607,0.933811618278856
0.0670992250122872,0.1731947642902044,0.1851015714180735,0.079282958603166,0.1599953728152251,0000SET_000_DJI_9621.T,17784354052.182713,926135.4759540898,888373507652958.8,inf,1.6378225087635132e+19,-0.681327445950168,5.68661659460529,-0.10448117606156071,-0.40024510059800583,-0.07275114724248519,0.8643652865261574,0.42832136969867307,0.3664295290207994,2.290250790214916,0.441523899893975,2.5811738400628172,0.9356741974870856
0.0675096994417736,0.1740740738136907,0.1839216244838751,0.0785113298137735,0.1590082605832147,0000SET_000_DJI_9631.T,16566648200.14646,846090.304838552,466535679211730.56,inf,1.388440056677929e+19,-0.6687493576251667,5.681729868009057,-0.10312515433027701,-0.40166561761350444,-0.07264856457694384,0.864543584961405,0.42687383843032983,0.330048853514792,2.0756711148479337,0.4411073348839118,2.5785046482665464,0.9464578964120243
0.0643218550492464,0.1740776586890995,0.1856405758698577,0.0800109569447848,0.1536115845045102,0000SET_000_DJI_9641.T,16444235104.945866,1781900.6665551788,4841891087086454.0,inf,1.0431562763960979e+18,-0.696922981008637,5.872392673717573,-0.1343500700278304,-0.397624729682157,-0.0944105745119005,0.8274677224239962,0.4309992929610176,0.4682890759319766,3.048527085001373,0.46038602142584484,2.7063532069437573,0.937713416764747
0.0647571294518371,0.1746583510750686,0.1777010893326386,0.0749440126246954,0.1504091836479472,0000SET_000_DJI_9651.T,9857052858.140417,707276.8354680432,188566890698268.34,inf,1.3836440277018412e+18,-0.6466565107571517,5.858408416945402,-0.1139939055930191,-0.40672499055729383,-0.08317906488196498,0.8464167789449861,0.4217419989159871,0.3157120427736148,2.0990210512183953,0.4590397470596339,2.6971292976315473,0.9828772110008044
0.0638018184077461,0.1639567137361847,0.1744869163733914,0.0725084215676309,0.1462611646736306,0000SET_000_DJI_9661.T,9102337063.515196,630729.8647277916,93283677740411.78,inf,6.21767446820538e+17,-0.6750873169106308,5.677958249494866,-0.12392840537769045,-0.4128761929511033,-0.08799975235275959,0.8382357125312513,0.4155521976929622,0.2752683437109381,1.88203303539375,0.4397415736115925,2.5697812041714303,0.9396504743388742
0.0589261901426927,0.1614174682671384,0.1676737951423502,0.0684108548787234,0.1380570075979415,0000SET_000_DJI_9671.T,5590338895.30511,472093.724919019,92796838446187.48,inf,9.453147023980928e+16,-0.6737040678874064,5.932172641634086,-0.13441179908759868,-0.4204548675856999,-0.09687210866210029,0.8233666297153656,0.40799968069336395,0.3248232142190923,2.3528194611103217,0.4651428539586816,2.739316217054895,0.9626875095783431
0.0563206098575364,0.1510504792376054,0.1555542521875989,0.0618328060192351,0.1313831576455953,0000SET_000_DJI_9681.T,1913160795.602497,135360.450487785,3780017377913.914,inf,4.5247033333153464e+16,-0.6569568188788467,5.859443540566972,-0.11655961613296019,-0.4311270732556308,-0.08423821263339289,0.8446130902750688,0.39749994069377503,0.20795916040555792,1.5828448952835004,0.45681328961245393,2.681975206228932,0.9710469313011003
0.0553342385922878,0.1565378660750212,0.1570259357461084,0.0595752511508047,0.1322337470723713,0000SET_000_DJI_9691.T,6555725955.191283,156823.98997964145,11093623484789.105,inf,2.340870420313294e+17,-0.649630020541385,6.063943117427808,-0.1170148789179534,-0.4499083591895707,-0.08570910550743796,0.842114052331947,0.37939752352204126,0.1701186951273989,1.2864998451136174,0.4776637662690321,2.828951297738443,0.9968917894437748
0.0579591187403329,0.1594177344573691,0.1618433032207351,0.0653168592561084,0.1396033591726884,0000SET_000_DJI_9701.T,3247177973.432689,168939.07402652403,16989032260167.307,inf,4.253994349502129e+17,-0.6516476026585518,5.950249375589669,-0.10231054374413862,-0.4249268133644098,-0.0737773769709911,0.8625834766995948,0.40358085849881564,0.27132715996117146,1.943557530199124,0.46674065901929596,2.7505203309178787,0.985012856787421
0.056441856757697,0.1614593449855095,0.1591294198298721,0.0631667350842301,0.1351686468170652,0000SET_000_DJI_9711.T,3222444774.1237187,165839.54227018706,13614769644040.77,inf,1.59918165581601e+17,-0.6359964056672657,6.1028671742846266,-0.10996163775656614,-0.4316884598508827,-0.08141668508326325,0.8494258758787422,0.3969519599314991,0.2549591924497321,1.886230264587832,0.4819500185757311,2.8606313516341086,1.0146416995557979
0.0495992886813451,0.1511186740519899,0.1434680392689307,0.0532258037976789,0.1219264823493737,0000SET_000_DJI_9721.T,1486598246.6535938,50537.73842937089,1408565653067.0525,inf,2.2148144093031764e+16,-0.6211591729245296,6.361860861360639,-0.10732251676037667,-0.45879542574543947,-0.08116805421680291,0.8498511791941522,0.3709941536031393,0.167490376757438,1.373699737170334,0.5057812663509292,3.046791155068066,1.0533264051146478
0.0539174224067004,0.1535422724143854,0.1528825552790072,0.0591782790777058,0.1278508301035251,0000SET_000_DJI_9731.T,2332504258.8425922,124074.4967370705,4905309922908.936,inf,3.233599745265728e+16,-0.6445464907879972,6.093102394065744,-0.12065825700297873,-0.44187450495304104,-0.08916547328837797,0.8362682705701787,0.38708326773912677,0.210799010717737,1.648788752853978,0.48021303653030983,2.8477302059473906,1.004315189095147
0.0566772911183391,0.1594334306061969,0.1639339288444328,0.0652742346514409,0.1439132407799879,0000SET_000_DJI_9741.T,5823677376.506029,159599.69051828797,76063641422031.44,inf,3.222566874063867e+18,-0.6727361841132258,6.038736842045569,-0.09264088289873988,-0.4304370869180147,-0.06503450426024873,0.8778734322689002,0.39817403945331975,0.3344213178407502,2.3237703218149868,0.47547913711951406,2.8130037173673066,0.9725468774526431
0.0569015412710186,0.1641745645742914,0.1596795026919952,0.0616017484266944,0.1352711283169831,0000SET_000_DJI_9751.T,6565425533.883143,178589.43129466745,13125989639933.938,inf,3.7503401147264224e+17,-0.6260285305917049,6.133946935710797,-0.11040711198382964,-0.44322667993545645,-0.08275410122539836,0.847141467981064,0.3857836941383618,0.18138653430573848,1.3409109287585181,0.4852311962575151,2.8852393258090823,1.0281505253117345
0.0540863072030567,0.1557147867935595,0.1632254911961356,0.0634400511498817,0.1386391813021074,0000SET_000_DJI_9761.T,9138535674.256317,226143.62458874405,263450720148875.22,inf,9.656734145358385e+17,-0.7008915867301114,6.13388994564009,-0.11718866391814316,-0.4402320662128961,-0.08144811941904635,0.8493721188163881,0.38866509565990914,0.37793804067673725,2.726055052598557,0.4844039545005515,2.879005701183446,0.9539857141949043
0.1029202478935713,0.2141505687417235,0.1589243033052089,0.9833305514058924,0.7694213858006158,0000SET_not90_DJI_9771.T,4.066388492470696,8.215045728720359,15282161.783556677,inf,2.464850416916784e-69,-0.26151719204248924,4.803508504638324,1.9254281708228624,0.7217358234027309,0.6576182661907257,4.8414331212952835,6.187414580118928,6.693434432914992,8.699309060600372,0.3508059241418391,2.0807428385051523,1.3475004407000883
0.1080976590844555,0.2004585851598619,0.176704593248723,0.3370074948968266,0.3226221902109887,0000SET_not90_DJI_9781.T,157.60227921978193,497.31065290846277,285914113.90263087,inf,5.584424686193922e-09,-0.34224991715647796,4.3603796550699405,0.4729043721660254,0.3120481400910408,0.29222866025979777,1.825771386468021,1.90718016267108,2.0272291406826812,6.283601073307798,0.2993325456809562,1.8544211489653615,1.134427699214947
0.1045303550701549,0.1854955646627707,0.169774548243617,0.1123334790508892,0.1920222263260772,0000SET_not90_DJI_9791.T,1218561.9641375542,15215.322448190765,118129467.26456656,inf,2.8613972070443908e+16,-0.3517291278207944,4.199356534284408,0.07670927516736188,-0.20361373529000046,0.061492195746964975,1.1310424814120903,0.6616626591737232,0.12760520007914686,0.6645334892766925,0.279165426549371,1.7745617006493137,1.0925993712355218
0.1120020167311887,0.1951592724326426,0.1767201206992044,0.1066900466655558,0.1851273460660848,0000SET_not90_DJI_9801.T,8765504.324592289,50147.6133553906,145508405.84584573,inf,4.866077028217655e+16,-0.3316168540767262,4.119308852676147,0.027370719109061376,-0.24709795941624454,0.02323416947487908,1.0475736737481656,0.6037232559791712,-0.08229556788141845,-0.4445349087003141,0.2707283067076207,1.7424621281689607,1.1043409865299012
0.1047420009959365,0.1863294742779129,0.1770147282985543,0.1894410916575905,0.240577610547913,0000SET_not90_DJI_9811.T,8377.283548338199,4255.672115195893,572548314.5029287,inf,756330133.0363598,-0.3878759792711166,4.208342354787253,0.21837551133980643,0.03390958113456432,0.15221275951790947,1.3590824495809923,1.0701996013466055,1.0269254115178605,4.268582638172558,0.2803004767307284,1.7789375084130923,1.0526213048422066
0.1570267852412953,0.2583632927554208,0.2829918612868524,0.6110461011725346,0.6079018541107015,0000SET_not90_DJI_9821.T,1283.9804053043297,4683.537333382143,851948927321375.2,inf,4.364899428355128e-13,-0.4875502038317871,3.848466387134531,0.7821804372188633,0.3669354699248406,0.36470118400022694,2.1481248660169303,2.159235599193267,2.876471537000059,4.731802539421506,0.2439550506426074,1.6453453616744858,0.9129707532243585
