,lat_d,long_d,Altitude,Gimbal Degree,DateTime,Image Index,Blue,Green,Red,Near-IR,RedEdge,Image,KIVU,Kab 1(Rs),SABI,NDCI,NDVI,2BDA_1,2BDA_2,3BDA_1,3BDA_MOD,B3B1,GB1,GR,date,time,lat_p,long_p,spot,northing,easting,alt,obs,medicao,secchi_m,secchi_cm,chl_rfu,pc_rfu,cond_uscm,depth_m,fdom_qsu,fdom_rfu,od_mgl,orp_mv,press_psi,sal_psu,cond_uscm.1,sdt_mgl,turb_fnu,ph,temp_c,vertical_position_m,epsg,press_mmhg,id,Distance
59,-19.8495777777778,-43.9916526666667,840.023,89.9,2022-06-15, _Campo20220615-Pampulha_0000SET_000_DJI_8641.TIF,0.0776501872377859,0.1886783688930023,0.1910139199532463,0.0891249631324853,0.171986505626201,0000SET_000_DJI_8641.T,-0.6008305741700994,5.434883453910777,-0.0714433878344661,-0.3637087279654059,-0.0524170579047459,0.9003872894095751,0.4665888389406388,0.2851653241919738,1.6580680161719084,0.4168842548025261,2.4298507911541547,0.9877728750825298,2022-06-15,12:09:47,-19.84977,-43.99191,A3,,,,não mensurado,,,0,,,,,,,,,,,,,,,,,4674,,149,34.369
60,-19.8493244722222,-43.99186375,840.176,90.0,2022-06-15, _Campo20220615-Pampulha_0000SET_000_DJI_8651.TIF,0.0740388740105238,0.1888208410469736,0.1926875157850059,0.0880154357180748,0.1679704936347978,0000SET_000_DJI_8651.T,-0.6283662392170231,5.62537398096456,-0.0940312293376775,-0.3728926949518817,-0.0685331297368683,0.8717248387913906,0.4567780915099834,0.3602588813978363,2.14477479706116,0.436666253751902,2.5502932556772118,0.9799329254815524,2022-06-15,12:13:36,-19.84865,-43.99236,A2,,,,,,0.3,30,12.13,5.53,347.5,0.158,34.13,11.04,4.81,156.7,0.225,0.19,385.5,251.0,22.49,7.04,19.837,0.262,4674,697.2,120,91.206
89,-19.8493244722222,-43.99186375,840.176,90.0,2022-06-15, _Campo20220615-Pampulha_0000SET_000_DJI_8651.TIF,0.0740388740105238,0.1888208410469736,0.1926875157850059,0.0880154357180748,0.1679704936347978,0000SET_000_DJI_8651.T,-0.6283662392170231,5.62537398096456,-0.0940312293376775,-0.3728926949518817,-0.0685331297368683,0.8717248387913906,0.4567780915099834,0.3602588813978363,2.14477479706116,0.436666253751902,2.5502932556772118,0.9799329254815524,2022-06-15,12:09:47,-19.84977,-43.99191,A3,,,,não mensurado,,,0,,,,,,,,,,,,,,,,,4674,,149,49.776
90,-19.8490206944444,-43.9921163055556,840.469,89.9,2022-06-15, _Campo20220615-Pampulha_0000SET_000_DJI_8661.TIF,0.0744314427558539,0.1858995128349936,0.1960045650295679,0.0859971526265213,0.1690674992278563,0000SET_000_DJI_8661.T,-0.6539722478004749,5.545599388142554,-0.1034723886007916,-0.3900948310435627,-0.0737856123187705,0.8625691917040399,0.4387507638587313,0.3054864229826917,1.8068902916164884,0.4281783156603547,2.4975938387325285,0.9484448120223632,2022-06-15,12:13:36,-19.84865,-43.99236,A2,,,,,,0.3,30,12.13,5.53,347.5,0.158,34.13,11.04,4.81,156.7,0.225,0.19,385.5,251.0,22.49,7.04,19.837,0.262,4674,697.2,120,48.463
119,-19.8490206944444,-43.9921163055556,840.469,89.9,2022-06-15, _Campo20220615-Pampulha_0000SET_000_DJI_8661.TIF,0.0744314427558539,0.1858995128349936,0.1960045650295679,0.0859971526265213,0.1690674992278563,0000SET_000_DJI_8661.T,-0.6539722478004749,5.545599388142554,-0.1034723886007916,-0.3900948310435627,-0.0737856123187705,0.8625691917040399,0.4387507638587313,0.3054864229826917,1.8068902916164884,0.4281783156603547,2.4975938387325285,0.9484448120223632,2022-06-15,12:09:47,-19.84977,-43.99191,A3,,,,não mensurado,,,0,,,,,,,,,,,,,,,,,4674,,149,86.068
120,-19.8487194722222,-43.9923663055556,840.212,89.9,2022-06-15, _Campo20220615-Pampulha_0000SET_000_DJI_8671.TIF,0.0729967830773649,0.1816123950025881,0.1934630695128519,0.0847824456145876,0.1687654909173618,0000SET_000_DJI_8671.T,-0.6633153339218408,5.534090711039006,-0.0970019179266762,-0.3905925450352268,-0.0681823061278137,0.872339570246251,0.4382358133160677,0.3213867643427027,1.904339344469859,0.4265973942664214,2.487950665032842,0.9387445131512476,2022-06-15,12:13:36,-19.84865,-43.99236,A2,,,,,,0.3,30,12.13,5.53,347.5,0.158,34.13,11.04,4.81,156.7,0.225,0.19,385.5,251.0,22.49,7.04,19.837,0.262,4674,697.2,120,7.753
363,-19.8474663333333,-43.9926246111111,849.774,89.9,2022-06-15, _Campo20220615-Pampulha_0000SET_000_DJI_8751.TIF,0.084061246553926,0.1776417286694127,0.1553394689763322,0.0845545872621005,0.1669816782316059,0000SET_000_DJI_8751.T,-0.4012470659698059,4.894476868120601,0.0444863465741579,-0.2950672593733544,0.0361199051198555,1.07494688460051,0.5443213358414621,0.0115899823500893,0.0694087068283852,0.3575827979625551,2.113241665473686,1.1435711081031088,2022-06-15,12:15:40,-19.847638,-43.991933,P0,,,,,,0.3,30,16.39,8.21,336.2,0.19,33.09,10.7,4.74,155.9,0.27,0.18,372.2,242.0,28.44,7.1,19.934,0.359,4674,697.0,123,74.812
396,-19.8467175833333,-43.9928913888889,851.606,89.9,2022-06-15, _Campo20220615-Pampulha_0000SET_000_DJI_8761.TIF,0.0700143399578854,0.1814427026401053,0.184694407141947,0.0864337685417959,0.1675716130554249,0000SET_000_DJI_8761.T,-0.6320456293661556,5.694915421074126,-0.0680943110982842,-0.362413970264629,-0.0486075667387059,0.9072912149778182,0.4679825982785021,0.4546613546081718,2.7132361282324773,0.4431308088688635,2.5915077218359213,0.9823941366056494,2022-06-15,12:19:27,-19.84618,-43.9923,A0,,,,,,0.25,25,17.2,9.74,329.4,0.064,30.83,9.97,6.82,153.3,0.091,0.17,359.8,234.0,32.92,7.3,20.57,0.108,4674,697.0,126,86.018
426,-19.8463896944444,-43.9925185277778,851.035,90.0,2022-06-15, _Campo20220615-Pampulha_0000SET_000_DJI_8771.TIF,0.074294557876327,0.1868532631842668,0.1901094921381096,0.0887883700069167,0.1720739710744906,0000SET_000_DJI_8771.T,-0.6198175631943383,5.572195575274952,-0.0690624987425579,-0.3632911394584521,-0.0497966442300879,0.9051308755771296,0.4670380684748463,0.3780808870602005,2.1971997548457214,0.4310152956697385,2.5150329785299816,0.9828718234043924,2022-06-15,12:19:27,-19.84618,-43.9923,A0,,,,,,0.25,25,17.2,9.74,329.4,0.064,30.83,9.97,6.82,153.3,0.091,0.17,359.8,234.0,32.92,7.3,20.57,0.108,4674,697.0,126,32.651
456,-19.8462485,-43.9923386388889,851.191,90.0,2022-06-15, _Campo20220615-Pampulha_0000SET_000_DJI_8781.TIF,0.0736916347448144,0.1843063725957741,0.1966934634688194,0.088062457157655,0.1704457896475075,0000SET_000_DJI_8781.T,-0.6673769712443751,5.552422935900911,-0.1017359556062842,-0.381488139288454,-0.0714924203786932,0.8665554342355012,0.4477142026207443,0.3774495486448366,2.2144844376938018,0.4287426053835172,2.5010487721436188,0.937023373046614,2022-06-15,12:19:27,-19.84618,-43.9923,A0,,,,,,0.25,25,17.2,9.74,329.4,0.064,30.83,9.97,6.82,153.3,0.091,0.17,359.8,234.0,32.92,7.3,20.57,0.108,4674,697.0,126,8.623
486,-19.8461024444444,-43.9921661944444,851.612,90.0,2022-06-15, _Campo20220615-Pampulha_0000SET_000_DJI_8791.TIF,0.0737964344804722,0.1873711621315277,0.1916226609197737,0.0900312996070226,0.1788439854120201,0000SET_000_DJI_8791.T,-0.6288386382350118,5.609163572442225,-0.0489290236366423,-0.3606956604577402,-0.0344934574658278,0.9333133385873208,0.4698363918697268,0.437012768143632,2.443541878899889,0.4348729671077315,2.5390273046472096,0.977813173202798,2022-06-15,12:19:27,-19.84618,-43.9923,A0,,,,,,0.25,25,17.2,9.74,329.4,0.064,30.83,9.97,6.82,153.3,0.091,0.17,359.8,234.0,32.92,7.3,20.57,0.108,4674,697.0,126,16.439
1055,-19.84912275,-43.9868888055556,849.119,89.9,2022-06-15, _Campo20220615-Pampulha_0000SET_000_DJI_8981.TIF,0.0765270280969075,0.1893922367632418,0.1922742345818754,0.0937693753348543,0.1743932098083166,0000SET_000_DJI_8981.T,-0.6111507444186471,5.506563859530832,-0.0672423067315663,-0.3443700744641591,-0.0487663277641048,0.907002491454753,0.4876855993667984,0.4190347957187249,2.4028160051604357,0.4244341180985578,2.4748411309454106,0.985011003554892,2022-06-15,11:48:14,-19.849626,-43.986118,P2,,,,"coleta, sedimento, ponto Ramon",,0.2,20,20.43,9.22,324.3,0.255,28.19,9.11,6.26,150.8,0.363,0.17,361.6,235.0,52.66,7.36,19.594,0.281,4674,697.3,125,98.136
1085,-19.8493644166667,-43.9866101666667,849.037,89.9,2022-06-15, _Campo20220615-Pampulha_0000SET_000_DJI_8991.TIF,0.0756492665627482,0.1881422102710254,0.198072697454012,0.0927208082541811,0.1743610857956231,0000SET_000_DJI_8991.T,-0.650696251069383,5.526985201906927,-0.0898877095764947,-0.3622910661063728,-0.0636666508915907,0.8802883387605998,0.4681150377916612,0.4243658008035381,2.4338332080643124,0.4264464684701086,2.487032840099891,0.949864432046258,2022-06-15,11:48:14,-19.849626,-43.986118,P2,,,,"coleta, sedimento, ponto Ramon",,0.2,20,20.43,9.22,324.3,0.255,28.19,9.11,6.26,150.8,0.363,0.17,361.6,235.0,52.66,7.36,19.594,0.281,4674,697.3,125,59.125
1115,-19.8495788055556,-43.9863127222222,849.307,89.9,2022-06-15, _Campo20220615-Pampulha_0000SET_000_DJI_9001.TIF,0.0774985690727709,0.1868283220450971,0.1936053173658948,0.0954020162027599,0.1812197307392199,0000SET_000_DJI_9001.T,-0.6214622441724749,5.405337218656289,-0.0468570812992006,-0.3397951877224817,-0.0330436471342799,0.9360266195413044,0.4927654751468399,0.4388245357088782,2.421505284876284,0.4136157033057002,2.4107325371345363,0.9649958202956282,2022-06-15,11:48:14,-19.849626,-43.986118,P2,,,,"coleta, sedimento, ponto Ramon",,0.2,20,20.43,9.22,324.3,0.255,28.19,9.11,6.26,150.8,0.363,0.17,361.6,235.0,52.66,7.36,19.594,0.281,4674,697.3,125,21.031
1145,-19.8497888333333,-43.9860052222222,849.101,90.0,2022-06-15, _Campo20220615-Pampulha_0000SET_000_DJI_9011.TIF,0.0743914103305806,0.1857524507100738,0.1940766701484478,0.0929874068521547,0.1762859331808285,0000SET_000_DJI_9011.T,-0.6443266797307261,5.544727578539138,-0.0683880714941761,-0.3521487758152369,-0.048035997175995,0.9083313983385468,0.4791271757755805,0.4739037947598532,2.6882677829644965,0.4280748349548409,2.496961005102967,0.9571086033575964,2022-06-15,11:48:14,-19.849626,-43.986118,P2,,,,"coleta, sedimento, ponto Ramon",,0.2,20,20.43,9.22,324.3,0.255,28.19,9.11,6.26,150.8,0.363,0.17,361.6,235.0,52.66,7.36,19.594,0.281,4674,697.3,125,21.609
1175,-19.8499075,-43.9858076944444,849.064,90.0,2022-06-15, _Campo20220615-Pampulha_0000SET_000_DJI_9021.TIF,0.075881807287156,0.1838045858648604,0.2006764058577026,0.0946380615309502,0.180995354058794,0000SET_000_DJI_9021.T,-0.6789525842532568,5.426724156904583,-0.0757877667752411,-0.3590692500249205,-0.0515653864546187,0.901926428696036,0.4715953583405166,0.4727265953292354,2.6118161860424127,0.4155888849922455,2.422248394391784,0.9159252433252876,2022-06-15,11:48:14,-19.849626,-43.986118,P2,,,,"coleta, sedimento, ponto Ramon",,0.2,20,20.43,9.22,324.3,0.255,28.19,9.11,6.26,150.8,0.363,0.17,361.6,235.0,52.66,7.36,19.594,0.281,4674,697.3,125,45.089
1205,-19.8500220277778,-43.9856040833333,848.958,89.9,2022-06-15, _Campo20220615-Pampulha_0000SET_000_DJI_9031.TIF,0.0758682954711031,0.1829197013960985,0.2013910790798672,0.0928668264479407,0.1766138861789188,0000SET_000_DJI_9031.T,-0.6862179560251642,5.409183913810273,-0.0957432075710333,-0.3688065829098711,-0.0655472683645456,0.8769697594642595,0.4611268129265636,0.4261037009320636,2.412628531940003,0.4136644945705475,2.411016357495068,0.9082810531223016,2022-06-15,11:48:14,-19.849626,-43.986118,P2,,,,"coleta, sedimento, ponto Ramon",,0.2,20,20.43,9.22,324.3,0.255,28.19,9.11,6.26,150.8,0.363,0.17,361.6,235.0,52.66,7.36,19.594,0.281,4674,697.3,125,69.485
1234,-19.8502345277778,-43.98522525,839.304,90.0,2022-06-15, _Campo20220615-Pampulha_0000SET_000_DJI_9041.TIF,0.0757416301671735,0.1821299660329128,0.2020844312447653,0.0931759962842845,0.1770180142790898,0000SET_000_DJI_9041.T,-0.6936958471444525,5.399412347951984,-0.0972050327955704,-0.3688555079050193,-0.0661204306689131,0.8759606724215436,0.4610745900134654,0.4373054937162163,2.470401080348537,0.4125632191891,2.404621680718038,0.901256791090039,2022-06-15,11:44:37,-19.85076,-43.98491,B2,,,,rede,,0.3,30,17.58,8.69,333.2,0.203,29.35,9.48,5.05,141.3,0.288,0.18,371.1,241.0,37.25,7.22,19.658,0.365,4674,697.5,124,67.091
1241,-19.8502345277778,-43.98522525,839.304,90.0,2022-06-15, _Campo20220615-Pampulha_0000SET_000_DJI_9041.TIF,0.0757416301671735,0.1821299660329128,0.2020844312447653,0.0931759962842845,0.1770180142790898,0000SET_000_DJI_9041.T,-0.6936958471444525,5.399412347951984,-0.0972050327955704,-0.3688555079050193,-0.0661204306689131,0.8759606724215436,0.4610745900134654,0.4373054937162163,2.470401080348537,0.4125632191891,2.404621680718038,0.901256791090039,2022-06-15,11:39:10,-19.85097,-43.98486,B5,,,,rede,,0.3,30,6.57,9.48,298.8,0.219,27.17,8.78,7.44,134.6,0.31,0.16,325.4,212.0,31.54,7.62,20.719,0.359,4674,697.5,131,90.263
1264,-19.8503660833333,-43.9849882222222,839.062,90.0,2022-06-15, _Campo20220615-Pampulha_0000SET_000_DJI_9051.TIF,0.0813863622260303,0.1776379928122794,0.1650699549340078,0.1007583033146115,0.1907661110346885,0000SET_000_DJI_9051.T,-0.4710906230313631,5.021808856588163,0.0992036293146265,-0.2419293270140152,0.0722134672625939,1.1556682808264749,0.6103975938861373,0.4506526022214452,2.362330498730456,0.3715929746143505,2.182650605748101,1.0761376465105117,2022-06-15,11:44:37,-19.85076,-43.98491,B2,,,,rede,,0.3,30,17.58,8.69,333.2,0.203,29.35,9.48,5.05,141.3,0.288,0.18,371.1,241.0,37.25,7.22,19.658,0.365,4674,697.5,124,44.559
1267,-19.8503660833333,-43.9849882222222,839.062,90.0,2022-06-15, _Campo20220615-Pampulha_0000SET_000_DJI_9051.TIF,0.0813863622260303,0.1776379928122794,0.1650699549340078,0.1007583033146115,0.1907661110346885,0000SET_000_DJI_9051.T,-0.4710906230313631,5.021808856588163,0.0992036293146265,-0.2419293270140152,0.0722134672625939,1.1556682808264749,0.6103975938861373,0.4506526022214452,2.362330498730456,0.3715929746143505,2.182650605748101,1.0761376465105117,2022-06-15,11:46:29,-19.85122,-43.98524,B3,,,,rede,,0.3,30,14.2,9.61,320.0,0.201,27.63,8.93,6.1,139.3,0.285,0.17,352.6,229.0,40.5,7.35,20.157,0.37,4674,697.5,127,98.535
1270,-19.8503660833333,-43.9849882222222,839.062,90.0,2022-06-15, _Campo20220615-Pampulha_0000SET_000_DJI_9051.TIF,0.0813863622260303,0.1776379928122794,0.1650699549340078,0.1007583033146115,0.1907661110346885,0000SET_000_DJI_9051.T,-0.4710906230313631,5.021808856588163,0.0992036293146265,-0.2419293270140152,0.0722134672625939,1.1556682808264749,0.6103975938861373,0.4506526022214452,2.362330498730456,0.3715929746143505,2.182650605748101,1.0761376465105117,2022-06-15,11:40:55,-19.85014,-43.98422,B4,,,,rede,,0.3,30,9.89,10.24,302.3,0.194,27.56,8.9,7.5,137.0,0.276,0.16,331.0,215.0,34.16,7.56,20.456,0.347,4674,697.5,130,84.188
1271,-19.8503660833333,-43.9849882222222,839.062,90.0,2022-06-15, _Campo20220615-Pampulha_0000SET_000_DJI_9051.TIF,0.0813863622260303,0.1776379928122794,0.1650699549340078,0.1007583033146115,0.1907661110346885,0000SET_000_DJI_9051.T,-0.4710906230313631,5.021808856588163,0.0992036293146265,-0.2419293270140152,0.0722134672625939,1.1556682808264749,0.6103975938861373,0.4506526022214452,2.362330498730456,0.3715929746143505,2.182650605748101,1.0761376465105117,2022-06-15,11:39:10,-19.85097,-43.98486,B5,,,,rede,,0.3,30,6.57,9.48,298.8,0.219,27.17,8.78,7.44,134.6,0.31,0.16,325.4,212.0,31.54,7.62,20.719,0.359,4674,697.5,131,68.478
1272,-19.8503660833333,-43.9849882222222,839.062,90.0,2022-06-15, _Campo20220615-Pampulha_0000SET_000_DJI_9051.TIF,0.0813863622260303,0.1776379928122794,0.1650699549340078,0.1007583033146115,0.1907661110346885,0000SET_000_DJI_9051.T,-0.4710906230313631,5.021808856588163,0.0992036293146265,-0.2419293270140152,0.0722134672625939,1.1556682808264749,0.6103975938861373,0.4506526022214452,2.362330498730456,0.3715929746143505,2.182650605748101,1.0761376465105117,2022-06-15,11:36:58,-19.85121,-43.98505,B6,,,,rede,,0.3,30,6.26,10.52,299.9,0.13,26.13,8.44,8.19,132.4,0.185,0.15,323.9,211.0,33.32,7.74,21.109,0.34,4674,697.5,132,94.061
1294,-19.8504426666667,-43.9848460555556,839.192,90.0,2022-06-15, _Campo20220615-Pampulha_0000SET_000_DJI_9061.TIF,0.0713695732021632,0.1764440094948614,0.1946199372717067,0.0905775273241616,0.1711550843631609,0000SET_000_DJI_9061.T,-0.6985239364169683,5.513780216731625,-0.0946875173393291,-0.3648083270830465,-0.0641510532995591,0.8794324300095381,0.4654072372745005,0.5085543275466714,2.971307159462519,0.4240059610500106,2.4722581567786848,0.9066080894298608,2022-06-15,11:44:37,-19.85076,-43.98491,B2,,,,rede,,0.3,30,17.58,8.69,333.2,0.203,29.35,9.48,5.05,141.3,0.288,0.18,371.1,241.0,37.25,7.22,19.658,0.365,4674,697.5,124,35.914
1297,-19.8504426666667,-43.9848460555556,839.192,90.0,2022-06-15, _Campo20220615-Pampulha_0000SET_000_DJI_9061.TIF,0.0713695732021632,0.1764440094948614,0.1946199372717067,0.0905775273241616,0.1711550843631609,0000SET_000_DJI_9061.T,-0.6985239364169683,5.513780216731625,-0.0946875173393291,-0.3648083270830465,-0.0641510532995591,0.8794324300095381,0.4654072372745005,0.5085543275466714,2.971307159462519,0.4240059610500106,2.4722581567786848,0.9066080894298608,2022-06-15,11:46:29,-19.85122,-43.98524,B3,,,,rede,,0.3,30,14.2,9.61,320.0,0.201,27.63,8.93,6.1,139.3,0.285,0.17,352.6,229.0,40.5,7.35,20.157,0.37,4674,697.5,127,95.753
1300,-19.8504426666667,-43.9848460555556,839.192,90.0,2022-06-15, _Campo20220615-Pampulha_0000SET_000_DJI_9061.TIF,0.0713695732021632,0.1764440094948614,0.1946199372717067,0.0905775273241616,0.1711550843631609,0000SET_000_DJI_9061.T,-0.6985239364169683,5.513780216731625,-0.0946875173393291,-0.3648083270830465,-0.0641510532995591,0.8794324300095381,0.4654072372745005,0.5085543275466714,2.971307159462519,0.4240059610500106,2.4722581567786848,0.9066080894298608,2022-06-15,11:40:55,-19.85014,-43.98422,B4,,,,rede,,0.3,30,9.89,10.24,302.3,0.194,27.56,8.9,7.5,137.0,0.276,0.16,331.0,215.0,34.16,7.56,20.456,0.347,4674,697.5,130,73.621
1301,-19.8504426666667,-43.9848460555556,839.192,90.0,2022-06-15, _Campo20220615-Pampulha_0000SET_000_DJI_9061.TIF,0.0713695732021632,0.1764440094948614,0.1946199372717067,0.0905775273241616,0.1711550843631609,0000SET_000_DJI_9061.T,-0.6985239364169683,5.513780216731625,-0.0946875173393291,-0.3648083270830465,-0.0641510532995591,0.8794324300095381,0.4654072372745005,0.5085543275466714,2.971307159462519,0.4240059610500106,2.4722581567786848,0.9066080894298608,2022-06-15,11:39:10,-19.85097,-43.98486,B5,,,,rede,,0.3,30,6.57,9.48,298.8,0.219,27.17,8.78,7.44,134.6,0.31,0.16,325.4,212.0,31.54,7.62,20.719,0.359,4674,697.5,131,58.655
1302,-19.8504426666667,-43.9848460555556,839.192,90.0,2022-06-15, _Campo20220615-Pampulha_0000SET_000_DJI_9061.TIF,0.0713695732021632,0.1764440094948614,0.1946199372717067,0.0905775273241616,0.1711550843631609,0000SET_000_DJI_9061.T,-0.6985239364169683,5.513780216731625,-0.0946875173393291,-0.3648083270830465,-0.0641510532995591,0.8794324300095381,0.4654072372745005,0.5085543275466714,2.971307159462519,0.4240059610500106,2.4722581567786848,0.9066080894298608,2022-06-15,11:36:58,-19.85121,-43.98505,B6,,,,rede,,0.3,30,6.26,10.52,299.9,0.13,26.13,8.44,8.19,132.4,0.185,0.15,323.9,211.0,33.32,7.74,21.109,0.34,4674,697.5,132,87.949
1324,-19.8505309722222,-43.9846769722222,839.298,90.0,2022-06-15, _Campo20220615-Pampulha_0000SET_000_DJI_9071.TIF,0.0739052225295813,0.1900203779757382,0.1943862997030209,0.1172407361979991,0.1580841037356382,0000SET_000_DJI_9071.T,-0.6340429297999955,5.65643025714402,-0.1375470810632901,-0.2475573509916033,-0.1029936006348982,0.8132471474438044,0.603132712424265,0.7906394572064025,5.00138494967576,0.4399541204939555,2.5711359965079685,0.9775399720353088,2022-06-15,11:44:37,-19.85076,-43.98491,B2,,,,rede,,0.3,30,17.58,8.69,333.2,0.203,29.35,9.48,5.05,141.3,0.288,0.18,371.1,241.0,37.25,7.22,19.658,0.365,4674,697.5,124,35.25
1327,-19.8505309722222,-43.9846769722222,839.298,90.0,2022-06-15, _Campo20220615-Pampulha_0000SET_000_DJI_9071.TIF,0.0739052225295813,0.1900203779757382,0.1943862997030209,0.1172407361979991,0.1580841037356382,0000SET_000_DJI_9071.T,-0.6340429297999955,5.65643025714402,-0.1375470810632901,-0.2475573509916033,-0.1029936006348982,0.8132471474438044,0.603132712424265,0.7906394572064025,5.00138494967576,0.4399541204939555,2.5711359965079685,0.9775399720353088,2022-06-15,11:46:29,-19.85122,-43.98524,B3,,,,rede,,0.3,30,14.2,9.61,320.0,0.201,27.63,8.93,6.1,139.3,0.285,0.17,352.6,229.0,40.5,7.35,20.157,0.37,4674,697.5,127,96.631
1330,-19.8505309722222,-43.9846769722222,839.298,90.0,2022-06-15, _Campo20220615-Pampulha_0000SET_000_DJI_9071.TIF,0.0739052225295813,0.1900203779757382,0.1943862997030209,0.1172407361979991,0.1580841037356382,0000SET_000_DJI_9071.T,-0.6340429297999955,5.65643025714402,-0.1375470810632901,-0.2475573509916033,-0.1029936006348982,0.8132471474438044,0.603132712424265,0.7906394572064025,5.00138494967576,0.4399541204939555,2.5711359965079685,0.9775399720353088,2022-06-15,11:40:55,-19.85014,-43.98422,B4,,,,rede,,0.3,30,9.89,10.24,302.3,0.194,27.56,8.9,7.5,137.0,0.276,0.16,331.0,215.0,34.16,7.56,20.456,0.347,4674,697.5,130,64.608
1331,-19.8505309722222,-43.9846769722222,839.298,90.0,2022-06-15, _Campo20220615-Pampulha_0000SET_000_DJI_9071.TIF,0.0739052225295813,0.1900203779757382,0.1943862997030209,0.1172407361979991,0.1580841037356382,0000SET_000_DJI_9071.T,-0.6340429297999955,5.65643025714402,-0.1375470810632901,-0.2475573509916033,-0.1029936006348982,0.8132471474438044,0.603132712424265,0.7906394572064025,5.00138494967576,0.4399541204939555,2.5711359965079685,0.9775399720353088,2022-06-15,11:39:10,-19.85097,-43.98486,B5,,,,rede,,0.3,30,6.57,9.48,298.8,0.219,27.17,8.78,7.44,134.6,0.31,0.16,325.4,212.0,31.54,7.62,20.719,0.359,4674,697.5,131,52.437
1332,-19.8505309722222,-43.9846769722222,839.298,90.0,2022-06-15, _Campo20220615-Pampulha_0000SET_000_DJI_9071.TIF,0.0739052225295813,0.1900203779757382,0.1943862997030209,0.1172407361979991,0.1580841037356382,0000SET_000_DJI_9071.T,-0.6340429297999955,5.65643025714402,-0.1375470810632901,-0.2475573509916033,-0.1029936006348982,0.8132471474438044,0.603132712424265,0.7906394572064025,5.00138494967576,0.4399541204939555,2.5711359965079685,0.9775399720353088,2022-06-15,11:36:58,-19.85121,-43.98505,B6,,,,rede,,0.3,30,6.26,10.52,299.9,0.13,26.13,8.44,8.19,132.4,0.185,0.15,323.9,211.0,33.32,7.74,21.109,0.34,4674,697.5,132,84.988
1354,-19.8506076944444,-43.9845264722222,839.401,89.9,2022-06-15, _Campo20220615-Pampulha_0000SET_000_DJI_9081.TIF,0.0723741667745332,0.1799837332660316,0.187337874234844,0.0879155608187055,0.171911335614427,0000SET_000_DJI_9081.T,-0.6387449875283142,5.533789396695256,-0.0611296044940034,-0.3612028071395231,-0.042941050940347,0.9176539251156522,0.4692887713057737,0.4198993077697402,2.442534148600389,0.4264164762593161,2.486850506020108,0.9607439712933148,2022-06-15,11:44:37,-19.85076,-43.98491,B2,,,,rede,,0.3,30,17.58,8.69,333.2,0.203,29.35,9.48,5.05,141.3,0.288,0.18,371.1,241.0,37.25,7.22,19.658,0.365,4674,697.5,124,43.541
1360,-19.8506076944444,-43.9845264722222,839.401,89.9,2022-06-15, _Campo20220615-Pampulha_0000SET_000_DJI_9081.TIF,0.0723741667745332,0.1799837332660316,0.187337874234844,0.0879155608187055,0.171911335614427,0000SET_000_DJI_9081.T,-0.6387449875283142,5.533789396695256,-0.0611296044940034,-0.3612028071395231,-0.042941050940347,0.9176539251156522,0.4692887713057737,0.4198993077697402,2.442534148600389,0.4264164762593161,2.486850506020108,0.9607439712933148,2022-06-15,11:40:55,-19.85014,-43.98422,B4,,,,rede,,0.3,30,9.89,10.24,302.3,0.194,27.56,8.9,7.5,137.0,0.276,0.16,331.0,215.0,34.16,7.56,20.456,0.347,4674,697.5,130,61.09
1361,-19.8506076944444,-43.9845264722222,839.401,89.9,2022-06-15, _Campo20220615-Pampulha_0000SET_000_DJI_9081.TIF,0.0723741667745332,0.1799837332660316,0.187337874234844,0.0879155608187055,0.171911335614427,0000SET_000_DJI_9081.T,-0.6387449875283142,5.533789396695256,-0.0611296044940034,-0.3612028071395231,-0.042941050940347,0.9176539251156522,0.4692887713057737,0.4198993077697402,2.442534148600389,0.4264164762593161,2.486850506020108,0.9607439712933148,2022-06-15,11:39:10,-19.85097,-43.98486,B5,,,,rede,,0.3,30,6.57,9.48,298.8,0.219,27.17,8.78,7.44,134.6,0.31,0.16,325.4,212.0,31.54,7.62,20.719,0.359,4674,697.5,131,53.29
1362,-19.8506076944444,-43.9845264722222,839.401,89.9,2022-06-15, _Campo20220615-Pampulha_0000SET_000_DJI_9081.TIF,0.0723741667745332,0.1799837332660316,0.187337874234844,0.0879155608187055,0.171911335614427,0000SET_000_DJI_9081.T,-0.6387449875283142,5.533789396695256,-0.0611296044940034,-0.3612028071395231,-0.042941050940347,0.9176539251156522,0.4692887713057737,0.4198993077697402,2.442534148600389,0.4264164762593161,2.486850506020108,0.9607439712933148,2022-06-15,11:36:58,-19.85121,-43.98505,B6,,,,rede,,0.3,30,6.26,10.52,299.9,0.13,26.13,8.44,8.19,132.4,0.185,0.15,323.9,211.0,33.32,7.74,21.109,0.34,4674,697.5,132,86.507
1384,-19.8506977222222,-43.9843505833333,839.632,90.0,2022-06-15, _Campo20220615-Pampulha_0000SET_000_DJI_9091.TIF,0.0730517548842531,0.1800999179378435,0.1890836806955588,0.0880411272670852,0.1717712327076703,0000SET_000_DJI_9091.T,-0.6442641792393871,5.499512881336493,-0.0683876499605629,-0.3646102785647901,-0.047976201361967,0.9084402846178828,0.4656199146495306,0.4003295363105296,2.330597097081048,0.4228617644917517,2.465374284617843,0.9524878999357964,2022-06-15,11:44:37,-19.85076,-43.98491,B2,,,,rede,,0.3,30,17.58,8.69,333.2,0.203,29.35,9.48,5.05,141.3,0.288,0.18,371.1,241.0,37.25,7.22,19.658,0.365,4674,697.5,124,58.917
1390,-19.8506977222222,-43.9843505833333,839.632,90.0,2022-06-15, _Campo20220615-Pampulha_0000SET_000_DJI_9091.TIF,0.0730517548842531,0.1800999179378435,0.1890836806955588,0.0880411272670852,0.1717712327076703,0000SET_000_DJI_9091.T,-0.6442641792393871,5.499512881336493,-0.0683876499605629,-0.3646102785647901,-0.047976201361967,0.9084402846178828,0.4656199146495306,0.4003295363105296,2.330597097081048,0.4228617644917517,2.465374284617843,0.9524878999357964,2022-06-15,11:40:55,-19.85014,-43.98422,B4,,,,rede,,0.3,30,9.89,10.24,302.3,0.194,27.56,8.9,7.5,137.0,0.276,0.16,331.0,215.0,34.16,7.56,20.456,0.347,4674,697.5,130,63.502
1391,-19.8506977222222,-43.9843505833333,839.632,90.0,2022-06-15, _Campo20220615-Pampulha_0000SET_000_DJI_9091.TIF,0.0730517548842531,0.1800999179378435,0.1890836806955588,0.0880411272670852,0.1717712327076703,0000SET_000_DJI_9091.T,-0.6442641792393871,5.499512881336493,-0.0683876499605629,-0.3646102785647901,-0.047976201361967,0.9084402846178828,0.4656199146495306,0.4003295363105296,2.330597097081048,0.4228617644917517,2.465374284617843,0.9524878999357964,2022-06-15,11:39:10,-19.85097,-43.98486,B5,,,,rede,,0.3,30,6.57,9.48,298.8,0.219,27.17,8.78,7.44,134.6,0.31,0.16,325.4,212.0,31.54,7.62,20.719,0.359,4674,697.5,131,61.28
1392,-19.8506977222222,-43.9843505833333,839.632,90.0,2022-06-15, _Campo20220615-Pampulha_0000SET_000_DJI_9091.TIF,0.0730517548842531,0.1800999179378435,0.1890836806955588,0.0880411272670852,0.1717712327076703,0000SET_000_DJI_9091.T,-0.6442641792393871,5.499512881336493,-0.0683876499605629,-0.3646102785647901,-0.047976201361967,0.9084402846178828,0.4656199146495306,0.4003295363105296,2.330597097081048,0.4228617644917517,2.465374284617843,0.9524878999357964,2022-06-15,11:36:58,-19.85121,-43.98505,B6,,,,rede,,0.3,30,6.26,10.52,299.9,0.13,26.13,8.44,8.19,132.4,0.185,0.15,323.9,211.0,33.32,7.74,21.109,0.34,4674,697.5,132,92.713
1414,-19.8507623611111,-43.9842119166667,839.776,89.9,2022-06-15, _Campo20220615-Pampulha_0000SET_000_DJI_9101.TIF,0.0724854035234101,0.1806168098698995,0.1892354320929418,0.0881399045096492,0.1727281526667016,0000SET_000_DJI_9101.T,-0.6463962499040271,5.541010874801297,-0.0652198145758157,-0.364471941959775,-0.0456048070062119,0.9127685590184148,0.4657685061133786,0.4232327048307259,2.4502821242313697,0.4272242620749348,2.49176801246015,0.9544555576737378,2022-06-15,11:44:37,-19.85076,-43.98491,B2,,,,rede,,0.3,30,17.58,8.69,333.2,0.203,29.35,9.48,5.05,141.3,0.288,0.18,371.1,241.0,37.25,7.22,19.658,0.365,4674,697.5,124,73.011
1420,-19.8507623611111,-43.9842119166667,839.776,89.9,2022-06-15, _Campo20220615-Pampulha_0000SET_000_DJI_9101.TIF,0.0724854035234101,0.1806168098698995,0.1892354320929418,0.0881399045096492,0.1727281526667016,0000SET_000_DJI_9101.T,-0.6463962499040271,5.541010874801297,-0.0652198145758157,-0.364471941959775,-0.0456048070062119,0.9127685590184148,0.4657685061133786,0.4232327048307259,2.4502821242313697,0.4272242620749348,2.49176801246015,0.9544555576737378,2022-06-15,11:40:55,-19.85014,-43.98422,B4,,,,rede,,0.3,30,9.89,10.24,302.3,0.194,27.56,8.9,7.5,137.0,0.276,0.16,331.0,215.0,34.16,7.56,20.456,0.347,4674,697.5,130,69.209
1421,-19.8507623611111,-43.9842119166667,839.776,89.9,2022-06-15, _Campo20220615-Pampulha_0000SET_000_DJI_9101.TIF,0.0724854035234101,0.1806168098698995,0.1892354320929418,0.0881399045096492,0.1727281526667016,0000SET_000_DJI_9101.T,-0.6463962499040271,5.541010874801297,-0.0652198145758157,-0.364471941959775,-0.0456048070062119,0.9127685590184148,0.4657685061133786,0.4232327048307259,2.4502821242313697,0.4272242620749348,2.49176801246015,0.9544555576737378,2022-06-15,11:39:10,-19.85097,-43.98486,B5,,,,rede,,0.3,30,6.57,9.48,298.8,0.219,27.17,8.78,7.44,134.6,0.31,0.16,325.4,212.0,31.54,7.62,20.719,0.359,4674,697.5,131,71.606
1444,-19.8508260555556,-43.9840737777778,839.886,90.0,2022-06-15, _Campo20220615-Pampulha_0000SET_000_DJI_9111.TIF,0.0734091738746783,0.1825560392129332,0.1920016200791798,0.0896887183721288,0.1745958036056422,0000SET_000_DJI_9111.T,-0.6496221473460837,5.531484307927902,-0.0680007109699706,-0.3632105462670535,-0.0474793747827919,0.9093454708019671,0.4671247999633646,0.4317058120760113,2.472601306335523,0.4264128864295956,2.486828683354846,0.9508046814274206,2022-06-15,11:44:37,-19.85076,-43.98491,B2,,,,rede,,0.3,30,17.58,8.69,333.2,0.203,29.35,9.48,5.05,141.3,0.288,0.18,371.1,241.0,37.25,7.22,19.658,0.365,4674,697.5,124,87.766
1450,-19.8508260555556,-43.9840737777778,839.886,90.0,2022-06-15, _Campo20220615-Pampulha_0000SET_000_DJI_9111.TIF,0.0734091738746783,0.1825560392129332,0.1920016200791798,0.0896887183721288,0.1745958036056422,0000SET_000_DJI_9111.T,-0.6496221473460837,5.531484307927902,-0.0680007109699706,-0.3632105462670535,-0.0474793747827919,0.9093454708019671,0.4671247999633646,0.4317058120760113,2.472601306335523,0.4264128864295956,2.486828683354846,0.9508046814274206,2022-06-15,11:40:55,-19.85014,-43.98422,B4,,,,rede,,0.3,30,9.89,10.24,302.3,0.194,27.56,8.9,7.5,137.0,0.276,0.16,331.0,215.0,34.16,7.56,20.456,0.347,4674,697.5,130,77.804
1451,-19.8508260555556,-43.9840737777778,839.886,90.0,2022-06-15, _Campo20220615-Pampulha_0000SET_000_DJI_9111.TIF,0.0734091738746783,0.1825560392129332,0.1920016200791798,0.0896887183721288,0.1745958036056422,0000SET_000_DJI_9111.T,-0.6496221473460837,5.531484307927902,-0.0680007109699706,-0.3632105462670535,-0.0474793747827919,0.9093454708019671,0.4671247999633646,0.4317058120760113,2.472601306335523,0.4264128864295956,2.486828683354846,0.9508046814274206,2022-06-15,11:39:10,-19.85097,-43.98486,B5,,,,rede,,0.3,30,6.57,9.48,298.8,0.219,27.17,8.78,7.44,134.6,0.31,0.16,325.4,212.0,31.54,7.62,20.719,0.359,4674,697.5,131,83.772
1483,-19.8514709444444,-43.983569,836.33,89.9,2022-06-15, _Campo20220615-Pampulha_0000SET_000_DJI_9121.TIF,0.0676181980942171,0.1829893029232323,0.1764660288135743,0.0786265438973638,0.1595487234863135,0000SET_000_DJI_9121.T,-0.5948316594496295,5.864201571281186,-0.067505183438555,-0.3835450161345102,-0.0503469124836589,0.9041327929177072,0.4455619272785245,0.3303563185152084,2.070566979769959,0.4603657287216718,2.7062138311976414,1.0369661750395565,2022-06-15,11:34:09,-19.851933,-43.983601,P3,,,,,,0.4,40,4.6,9.96,289.0,0.236,27.46,8.87,7.31,136.8,0.335,0.15,313.3,204.0,24.25,7.68,20.942,0.263,4674,697.6,133,51.487
1513,-19.8518141111111,-43.9834405833333,836.644,90.0,2022-06-15, _Campo20220615-Pampulha_0000SET_000_DJI_9131.TIF,0.0668484964152048,0.1818569041841669,0.1830805731511929,0.0813482204075847,0.1654692073075512,0000SET_000_DJI_9131.T,-0.6391403024120526,5.885843445982823,-0.0708121568779723,-0.384724943809854,-0.0505275482327444,0.903805381747971,0.4443301602535685,0.441201745272213,2.66636767318386,0.4624282685128497,2.720433726057648,0.9933162271345116,2022-06-15,11:34:09,-19.851933,-43.983601,P3,,,,,,0.4,40,4.6,9.96,289.0,0.236,27.46,8.87,7.31,136.8,0.335,0.15,313.3,204.0,24.25,7.68,20.942,0.263,4674,697.6,133,21.36
1543,-19.8520639166667,-43.9834188333333,836.532,90.0,2022-06-15, _Campo20220615-Pampulha_0000SET_000_DJI_9141.TIF,0.0698947210504465,0.1818254149109693,0.1815973269640209,0.0823899071596068,0.16177157755714,0000SET_000_DJI_9141.T,-0.6143398928486951,5.709617291292331,-0.0787610785730698,-0.3758038532952481,-0.0577389191211957,0.8908257641324815,0.4536955941864186,0.3510157150106696,2.16982315627531,0.4446632504508093,2.6014184215677294,1.0012560093849487,2022-06-15,11:34:09,-19.851933,-43.983601,P3,,,,,,0.4,40,4.6,9.96,289.0,0.236,27.46,8.87,7.31,136.8,0.335,0.15,313.3,204.0,24.25,7.68,20.942,0.263,4674,697.6,133,23.977
1573,-19.8526466944444,-43.9833986111111,836.386,89.9,2022-06-15, _Campo20220615-Pampulha_0000SET_000_DJI_9151.TIF,0.0671676274855704,0.1748189898903741,0.1782227016902735,0.0772698452294351,0.1596998588963852,0000SET_000_DJI_9151.T,-0.6352574984808217,5.717885877664274,-0.0765449056429086,-0.395130338156455,-0.0548138684843393,0.8960691167947928,0.4335578155678475,0.3108502398845727,1.9464653383711208,0.4448649415912086,2.602726885476644,0.9809019178386456,2022-06-15,11:34:09,-19.851933,-43.983601,P3,,,,,,0.4,40,4.6,9.96,289.0,0.236,27.46,8.87,7.31,136.8,0.335,0.15,313.3,204.0,24.25,7.68,20.942,0.263,4674,697.6,133,82.134
1633,-19.8525426111111,-43.9841379444444,850.286,90.0,2022-06-15, _Campo20220615-Pampulha_0000SET_000_DJI_9171.TIF,0.0668078469913798,0.1715291172666154,0.1820521045003471,0.0818278689182778,0.1693879200021961,0000SET_000_DJI_9171.T,-0.671864108819717,5.667234364576593,-0.0531356289511275,-0.3798099351142172,-0.036035122966079,0.9304364839236074,0.4494749958692281,0.4653977560766231,2.747526246680337,0.4393832513611981,2.5674995526909847,0.942197936889482,2022-06-15,11:34:09,-19.851933,-43.983601,P3,,,,,,0.4,40,4.6,9.96,289.0,0.236,27.46,8.87,7.31,136.8,0.335,0.15,313.3,204.0,24.25,7.68,20.942,0.263,4674,697.6,133,88.026
1651,-19.8511765277778,-43.9877666111111,852.211,89.9,2022-06-15, _Campo20220615-Pampulha_0000SET_000_DJI_9181.TIF,0.0686251417160853,0.1781024321584639,0.1915233418481256,0.0838064802708854,0.1610582669267222,0000SET_000_DJI_9181.T,-0.6900422338011281,5.7036409620757285,-0.1234765715197022,-0.3912284573760401,-0.086405740297299,0.8409328355101404,0.4375784145273653,0.4251402575244528,2.6396674050757163,0.4437172899776629,2.5952941983756634,0.929925462034261,2022-06-15,11:58:03,-19.85054,-43.98779,A6,,,,,,0.2,20,18.5,7.8,339.7,0.134,30.05,9.71,5.37,154.1,0.191,0.18,379.2,246.0,33.24,7.3,19.537,0.338,4674,697.3,121,70.821
1681,-19.8511663055556,-43.9878009722222,851.796,90.0,2022-06-15, _Campo20220615-Pampulha_0000SET_000_DJI_9191.TIF,0.0681519498168624,0.176480947878664,0.1911041055816456,0.0832562891435937,0.1602809493736473,0000SET_000_DJI_9191.T,-0.696687983845806,5.696331019378803,-0.1259975927128215,-0.3930881370325226,-0.0877190300877194,0.8387101307207151,0.4356593433207223,0.4266662635524873,2.6619898697869697,0.4428226909883127,2.5895216256160354,0.9234806721787872,2022-06-15,11:58:03,-19.85054,-43.98779,A6,,,,,,0.2,20,18.5,7.8,339.7,0.134,30.05,9.71,5.37,154.1,0.191,0.18,379.2,246.0,33.24,7.3,19.537,0.338,4674,697.3,121,69.651
1711,-19.8511363055556,-43.9879860555556,851.942,89.9,2022-06-15, _Campo20220615-Pampulha_0000SET_000_DJI_9201.TIF,0.0677133124878951,0.1722006494160702,0.1814546407815477,0.0783868087394481,0.1593357378293296,0000SET_000_DJI_9201.T,-0.6605162563518066,5.628962785841211,-0.0921951468629908,-0.3966566236145148,-0.0649047166248609,0.8781023022781385,0.4319912039825841,0.3204076332951726,2.0108962224053784,0.4355200343446461,2.543084115798558,0.9490010763812962,2022-06-15,11:58:03,-19.85054,-43.98779,A6,,,,,,0.2,20,18.5,7.8,339.7,0.134,30.05,9.71,5.37,154.1,0.191,0.18,379.2,246.0,33.24,7.3,19.537,0.338,4674,697.3,121,69.404
1741,-19.8511061388889,-43.9881932777778,852.111,90.0,2022-06-15, _Campo20220615-Pampulha_0000SET_000_DJI_9211.TIF,0.069168173077169,0.1794129096852468,0.1871343762564573,0.0818452733049671,0.1664107926519639,0000SET_000_DJI_9211.T,-0.6575123461641773,5.700297823556444,-0.0833675007534671,-0.3914389178629898,-0.0586165090827798,0.8892582751546788,0.4373609752641209,0.3726503255983286,2.2393398869128625,0.4434960833823604,2.5938650929103018,0.9587383850809504,2022-06-15,11:58:03,-19.85054,-43.98779,A6,,,,,,0.2,20,18.5,7.8,339.7,0.134,30.05,9.71,5.37,154.1,0.191,0.18,379.2,246.0,33.24,7.3,19.537,0.338,4674,697.3,121,75.775
1771,-19.8510652777778,-43.9883711111111,851.937,89.9,2022-06-15, _Campo20220615-Pampulha_0000SET_000_DJI_9221.TIF,0.0681559248027547,0.1776364773162339,0.1860178009323815,0.080670947711169,0.1652440757672343,0000SET_000_DJI_9221.T,-0.6635004133740249,5.720770537095153,-0.0845173609357159,-0.3950179891616516,-0.0591402783596467,0.8883239933972849,0.4336732684013039,0.376128960028625,2.276202388994852,0.4454187825565065,2.606324803460876,0.9549434324342204,2022-06-15,11:58:03,-19.85054,-43.98779,A6,,,,,,0.2,20,18.5,7.8,339.7,0.134,30.05,9.71,5.37,154.1,0.191,0.18,379.2,246.0,33.24,7.3,19.537,0.338,4674,697.3,121,84.293
1801,-19.8510054722222,-43.9885309444444,851.871,90.0,2022-06-15, _Campo20220615-Pampulha_0000SET_000_DJI_9231.TIF,0.0681792509508828,0.1781294078421828,0.1794276936652902,0.0819448706168231,0.1588522651614761,0000SET_000_DJI_9231.T,-0.6245372061920854,5.7298970610046736,-0.0835351408457808,-0.3729650176414412,-0.0608236697650504,0.885327464877322,0.4567013538594856,0.391394914790348,2.463892563272473,0.4463917648289978,2.612663022222252,0.992764295206685,2022-06-15,11:58:03,-19.85054,-43.98779,A6,,,,,,0.2,20,18.5,7.8,339.7,0.134,30.05,9.71,5.37,154.1,0.191,0.18,379.2,246.0,33.24,7.3,19.537,0.338,4674,697.3,121,93.189
1832,-19.8508964166667,-43.9887144166667,852.023,89.9,2022-06-15, _Campo20220615-Pampulha_0000SET_000_DJI_9241.TIF,0.0661697810943753,0.1692068079417346,0.1801751075402167,0.0785334375090919,0.151926090035166,0000SET_000_DJI_9241.T,-0.6737632358450879,5.65351871783944,-0.1200162582894636,-0.3928809928243861,-0.0850614743677295,0.843213538813927,0.4358728493699527,0.3614639441634212,2.3792091541337896,0.4377539298589804,2.557161367972515,0.9391242233834444,2022-06-15,12:07:51,-19.850129,-43.988846,P1,,,,,,0.2,20,19.94,8.14,337.4,0.141,29.99,9.69,5.33,154.2,0.2,0.18,377.5,245.0,36.86,7.2,19.444,0.274,4674,697.3,122,86.435
1862,-19.8506896944444,-43.9889857222222,852.31,89.9,2022-06-15, _Campo20220615-Pampulha_0000SET_000_DJI_9251.TIF,0.0678293996742193,0.1748629196048216,0.188822448771223,0.0797202210563436,0.1560312730075982,0000SET_000_DJI_9251.T,-0.6919308528671478,5.680206574829669,-0.1351141884548988,-0.4062752030615277,-0.0950872027550744,0.8263385737394258,0.4221967333605153,0.3431128944986983,2.199000802114778,0.4410255761227372,2.5779812359342427,0.9260706062375308,2022-06-15,12:07:51,-19.850129,-43.988846,P1,,,,,,0.2,20,19.94,8.14,337.4,0.141,29.99,9.69,5.33,154.2,0.2,0.18,377.5,245.0,36.86,7.2,19.444,0.274,4674,697.3,122,64.036
1892,-19.850586,-43.9891684444444,852.255,89.9,2022-06-15, _Campo20220615-Pampulha_0000SET_000_DJI_9261.TIF,0.0654631223881635,0.1718080736498056,0.1776583730662382,0.0777895704715584,0.1617896525096969,0000SET_000_DJI_9261.T,-0.6530266494155622,5.753491045230999,-0.0668800967901806,-0.3909555943632131,-0.0467486017325248,0.9106784539188324,0.437860423513815,0.3916251765616497,2.4205823455747737,0.4482000050466486,2.624501664174676,0.9670699482638436,2022-06-15,12:07:51,-19.850129,-43.988846,P1,,,,,,0.2,20,19.94,8.14,337.4,0.141,29.99,9.69,5.33,154.2,0.2,0.18,377.5,245.0,36.86,7.2,19.444,0.274,4674,697.3,122,60.988
1922,-19.8505845555556,-43.9891799444444,851.962,89.9,2022-06-15, _Campo20220615-Pampulha_0000SET_000_DJI_9271.TIF,0.0669183850870699,0.1740181834458002,0.1766456451414064,0.0778909045065019,0.1599131465209953,0000SET_000_DJI_9271.T,-0.6305505429466354,5.715178324003697,-0.0694477335769324,-0.3879786253546241,-0.0497164211273829,0.9052764725277174,0.4409443801694038,0.3366342716369854,2.1051069218551586,0.4445145002723779,2.6004540190170298,0.9851258054309636,2022-06-15,12:07:51,-19.850129,-43.988846,P1,,,,,,0.2,20,19.94,8.14,337.4,0.141,29.99,9.69,5.33,154.2,0.2,0.18,377.5,245.0,36.86,7.2,19.444,0.274,4674,697.3,122,61.529
1952,-19.8505884722222,-43.9892421944444,852.15,89.9,2022-06-15, _Campo20220615-Pampulha_0000SET_000_DJI_9281.TIF,0.0662092978430634,0.1711363540070435,0.1859661970371819,0.0822274557211742,0.1597983697414188,0000SET_000_DJI_9281.T,-0.6997747491406159,5.69402766704215,-0.1102519767764235,-0.386805355939862,-0.0756810552901992,0.859287183839485,0.4421634524511663,0.470163682709238,2.9422307841440656,0.4420854367715388,2.584778265020871,0.9202551685929604,2022-06-15,12:07:51,-19.850129,-43.988846,P1,,,,,,0.2,20,19.94,8.14,337.4,0.141,29.99,9.69,5.33,154.2,0.2,0.18,377.5,245.0,36.86,7.2,19.444,0.274,4674,697.3,122,65.782
1982,-19.8505968888889,-43.9894337222222,852.287,90.0,2022-06-15, _Campo20220615-Pampulha_0000SET_000_DJI_9291.TIF,0.0645424621410017,0.175319713488897,0.1762539633344545,0.0768896215822499,0.1510475416028373,0000SET_000_DJI_9291.T,-0.6371873360409496,5.88577739710116,-0.1050871053988524,-0.3925216662507956,-0.0770128500828205,0.8569880571491818,0.4362433622916402,0.3758092499522223,2.488019639143621,0.4618370989797983,2.7163468462961244,0.9946994108507806,2022-06-15,12:07:51,-19.850129,-43.988846,P1,,,,,,0.2,20,19.94,8.14,337.4,0.141,29.99,9.69,5.33,154.2,0.2,0.18,377.5,245.0,36.86,7.2,19.444,0.274,4674,697.3,122,80.531
2102,-19.8507131944444,-43.9894691944444,840.378,89.9,2022-06-15, _Campo20220615-Pampulha_0000SET_000_DJI_9331.TIF,0.0612375632381244,0.1683375765436118,0.1770463858556978,0.0763755891328438,0.1527566682425998,0000SET_000_DJI_9331.T,-0.6879558622347779,5.9392550663507135,-0.1058029089569145,-0.3972457271213587,-0.0736491591307654,0.8628059110289018,0.4313874511682716,0.4944210437103897,3.236657681779084,0.4665139849519879,2.748926763937769,0.9508105784255652,2022-06-15,12:07:51,-19.850129,-43.988846,P1,,,,,,0.2,20,19.94,8.14,337.4,0.141,29.99,9.69,5.33,154.2,0.2,0.18,377.5,245.0,36.86,7.2,19.444,0.274,4674,697.3,122,92.022
2132,-19.85044825,-43.9889786666667,844.849,89.9,2022-06-15, _Campo20220615-Pampulha_0000SET_000_DJI_9341.TIF,0.0622625679177877,0.1690790536772486,0.1694007306425085,0.0721064329281727,0.151481012009118,0000SET_000_DJI_9341.T,-0.6336572177014579,5.89046574410067,-0.0774599854096249,-0.4028629887239802,-0.0558452421920604,0.8942169932477623,0.4256559735881016,0.3321412434458423,2.192626250911566,0.4617261910026862,2.7155811160969585,0.9981010886786624,2022-06-15,12:07:51,-19.850129,-43.988846,P1,,,,,,0.2,20,19.94,8.14,337.4,0.141,29.99,9.69,5.33,154.2,0.2,0.18,377.5,245.0,36.86,7.2,19.444,0.274,4674,697.3,122,38.114
2161,-19.8503934722222,-43.9886752222222,850.387,89.9,2022-06-15, _Campo20220615-Pampulha_0000SET_000_DJI_9351.TIF,0.0631098213429361,0.1715699692845976,0.1787723241667334,0.0776520869254503,0.1620085439553461,0000SET_000_DJI_9351.T,-0.6741418868702955,5.892494423499455,-0.0714325684651453,-0.3943471559926123,-0.0491922574872422,0.9062283253880372,0.4343630217226883,0.4807506807531536,2.9674402905914725,0.4621622835593942,2.7185938041607445,0.959712137123538,2022-06-15,11:58:03,-19.85054,-43.98779,A6,,,,,,0.2,20,18.5,7.8,339.7,0.134,30.05,9.71,5.37,154.1,0.191,0.18,379.2,246.0,33.24,7.3,19.537,0.338,4674,697.3,121,94.006
2162,-19.8503934722222,-43.9886752222222,850.387,89.9,2022-06-15, _Campo20220615-Pampulha_0000SET_000_DJI_9351.TIF,0.0631098213429361,0.1715699692845976,0.1787723241667334,0.0776520869254503,0.1620085439553461,0000SET_000_DJI_9351.T,-0.6741418868702955,5.892494423499455,-0.0714325684651453,-0.3943471559926123,-0.0491922574872422,0.9062283253880372,0.4343630217226883,0.4807506807531536,2.9674402905914725,0.4621622835593942,2.7185938041607445,0.959712137123538,2022-06-15,12:07:51,-19.850129,-43.988846,P1,,,,,,0.2,20,19.94,8.14,337.4,0.141,29.99,9.69,5.33,154.2,0.2,0.18,377.5,245.0,36.86,7.2,19.444,0.274,4674,697.3,122,34.407
2191,-19.8503989166667,-43.9882555555556,850.308,89.9,2022-06-15, _Campo20220615-Pampulha_0000SET_000_DJI_9361.TIF,0.0645675383079289,0.1733335396134021,0.1773669043520748,0.0789669305843351,0.153501047963611,0000SET_000_DJI_9361.T,-0.6507647988711834,5.841179380534117,-0.1003184037541677,-0.3838743090320101,-0.0721310608097004,0.8654435759836577,0.4452179558120103,0.4335069071858453,2.824129951794287,0.4571900314862797,2.684530712426382,0.9772597669593056,2022-06-15,11:58:03,-19.85054,-43.98779,A6,,,,,,0.2,20,18.5,7.8,339.7,0.134,30.05,9.71,5.37,154.1,0.191,0.18,379.2,246.0,33.24,7.3,19.537,0.338,4674,697.3,121,51.156
2192,-19.8503989166667,-43.9882555555556,850.308,89.9,2022-06-15, _Campo20220615-Pampulha_0000SET_000_DJI_9361.TIF,0.0645675383079289,0.1733335396134021,0.1773669043520748,0.0789669305843351,0.153501047963611,0000SET_000_DJI_9361.T,-0.6507647988711834,5.841179380534117,-0.1003184037541677,-0.3838743090320101,-0.0721310608097004,0.8654435759836577,0.4452179558120103,0.4335069071858453,2.824129951794287,0.4571900314862797,2.684530712426382,0.9772597669593056,2022-06-15,12:07:51,-19.850129,-43.988846,P1,,,,,,0.2,20,19.94,8.14,337.4,0.141,29.99,9.69,5.33,154.2,0.2,0.18,377.5,245.0,36.86,7.2,19.444,0.274,4674,697.3,122,68.661
2221,-19.8504045277778,-43.9877568888889,849.849,89.9,2022-06-15, _Campo20220615-Pampulha_0000SET_000_DJI_9371.TIF,0.0639073463270479,0.1721571261705234,0.1846867091100709,0.0782543889094111,0.1616478352047419,0000SET_000_DJI_9371.T,-0.7015647012101596,5.855930288517868,-0.0975956850328929,-0.4047762826059772,-0.06652202121769,0.8752542940618531,0.4237142417366508,0.4637381140095638,2.8688173486653668,0.4585602344062561,2.693855027080983,0.9321576360317296,2022-06-15,11:58:03,-19.85054,-43.98779,A6,,,,,,0.2,20,18.5,7.8,339.7,0.134,30.05,9.71,5.37,154.1,0.191,0.18,379.2,246.0,33.24,7.3,19.537,0.338,4674,697.3,121,15.457
2251,-19.8503926388889,-43.9875080277778,849.942,89.9,2022-06-15, _Campo20220615-Pampulha_0000SET_000_DJI_9381.TIF,0.0623804594684109,0.1699990864055858,0.1800069894142234,0.0789680781348831,0.1569035634946709,0000SET_000_DJI_9381.T,-0.6919244828479711,5.90352544004288,-0.0994210821467044,-0.3901491839950247,-0.0685743611177415,0.8716526175192675,0.4386945106512812,0.5283439175160006,3.367316240296514,0.4631157468374132,2.7251977278505355,0.9444026976885442,2022-06-15,11:58:03,-19.85054,-43.98779,A6,,,,,,0.2,20,18.5,7.8,339.7,0.134,30.05,9.71,5.37,154.1,0.191,0.18,379.2,246.0,33.24,7.3,19.537,0.338,4674,697.3,121,33.737
2281,-19.8503868611111,-43.9872815555556,850.08,89.9,2022-06-15, _Campo20220615-Pampulha_0000SET_000_DJI_9391.TIF,0.0658167980796735,0.1686912135722855,0.1773953406501434,0.0772714355055489,0.1549835874192188,0000SET_000_DJI_9391.T,-0.661436598905358,5.663057208585373,-0.0955692433407631,-0.3931565265638854,-0.0674283215277943,0.8736621088874891,0.4355888673420264,0.3490690350358733,2.252296780895051,0.4386818802817333,2.563041936012733,0.9509337334004502,2022-06-15,11:58:03,-19.85054,-43.98779,A6,,,,,,0.2,20,18.5,7.8,339.7,0.134,30.05,9.71,5.37,154.1,0.191,0.18,379.2,246.0,33.24,7.3,19.537,0.338,4674,697.3,121,55.837
2311,-19.8503902777778,-43.9870074166667,849.956,89.9,2022-06-15, _Campo20220615-Pampulha_0000SET_000_DJI_9401.TIF,0.0621707952847257,0.1775916364076724,0.1775946325460106,0.0775534278743926,0.1627904405738908,0000SET_000_DJI_9401.T,-0.649939600738418,6.081952391492909,-0.061745252863938,-0.3920907903700377,-0.0434924829001093,0.9166405439179904,0.436687904147668,0.5193643604157162,3.190386109803395,0.4813966904999747,2.8565122191915022,0.9999831293418318,2022-06-15,11:58:03,-19.85054,-43.98779,A6,,,,,,0.2,20,18.5,7.8,339.7,0.134,30.05,9.71,5.37,154.1,0.191,0.18,379.2,246.0,33.24,7.3,19.537,0.338,4674,697.3,121,83.525
2375,-19.8504050555556,-43.98651875,849.53,89.9,2022-06-15, _Campo20220615-Pampulha_0000SET_000_DJI_9421.TIF,0.0670036629594116,0.1793858792867611,0.1796443539238298,0.0794835187922403,0.1654185685797407,0000SET_000_DJI_9421.T,-0.6279239559561655,5.82499483738054,-0.057736968924906,-0.3865305344490559,-0.0412266413350797,0.9208113974451936,0.442449300833255,0.3876307272971666,2.3433326175247835,0.4561160157319753,2.677254815090133,0.998561186970684,2022-06-15,11:48:14,-19.849626,-43.986118,P2,,,,"coleta, sedimento, ponto Ramon",,0.2,20,20.43,9.22,324.3,0.255,28.19,9.11,6.26,150.8,0.363,0.17,361.6,235.0,52.66,7.36,19.594,0.281,4674,697.3,125,96.234
2405,-19.8504135,-43.986248,849.321,89.9,2022-06-15, _Campo20220615-Pampulha_0000SET_000_DJI_9431.TIF,0.0674689501402131,0.180330582148905,0.1832146130940811,0.0830797897247792,0.1635160241109275,0000SET_000_DJI_9431.T,-0.6418526551325218,5.817583672141828,-0.07949405231391,-0.3760305222690541,-0.0568123692268548,0.8924835271025116,0.4534561317012281,0.4553939312329089,2.785011033071441,0.4554553875308024,2.672793659515144,0.984258728621744,2022-06-15,11:48:14,-19.849626,-43.986118,P2,,,,"coleta, sedimento, ponto Ramon",,0.2,20,20.43,9.22,324.3,0.255,28.19,9.11,6.26,150.8,0.363,0.17,361.6,235.0,52.66,7.36,19.594,0.281,4674,697.3,125,88.615
2435,-19.8504235833333,-43.9859257777778,849.542,89.9,2022-06-15, _Campo20220615-Pampulha_0000SET_000_DJI_9441.TIF,0.0674495955734339,0.1795888639980391,0.1842470095986735,0.0845196846791399,0.1718444358672345,0000SET_000_DJI_9441.T,-0.6503600024248434,5.803134498116084,-0.0502050318519359,-0.3710553689976535,-0.0348297435654808,0.9326850744636004,0.4587302928999527,0.5145576564225486,2.994322474427344,0.4539344546558798,2.662563985317253,0.9747179310492976,2022-06-15,11:48:14,-19.849626,-43.986118,P2,,,,"coleta, sedimento, ponto Ramon",,0.2,20,20.43,9.22,324.3,0.255,28.19,9.11,6.26,150.8,0.363,0.17,361.6,235.0,52.66,7.36,19.594,0.281,4674,697.3,125,90.937
2464,-19.8504476111111,-43.9855361944444,849.459,89.9,2022-06-15, _Campo20220615-Pampulha_0000SET_000_DJI_9451.TIF,0.0684574951619468,0.18122080974453,0.190168893806355,0.0859000401602039,0.1676784889148867,0000SET_000_DJI_9451.T,-0.6716193290162801,5.778888804409764,-0.0900775295630616,-0.3776913691374687,-0.0628491529557671,0.881734575822007,0.4517039482160217,0.4973622651944381,2.9661661934876946,0.4516344126287684,2.647201877834182,0.952946647147579,2022-06-15,11:44:37,-19.85076,-43.98491,B2,,,,rede,,0.3,30,17.58,8.69,333.2,0.203,29.35,9.48,5.05,141.3,0.288,0.18,371.1,241.0,37.25,7.22,19.658,0.365,4674,697.5,124,74.134
2467,-19.8504476111111,-43.9855361944444,849.459,89.9,2022-06-15, _Campo20220615-Pampulha_0000SET_000_DJI_9451.TIF,0.0684574951619468,0.18122080974453,0.190168893806355,0.0859000401602039,0.1676784889148867,0000SET_000_DJI_9451.T,-0.6716193290162801,5.778888804409764,-0.0900775295630616,-0.3776913691374687,-0.0628491529557671,0.881734575822007,0.4517039482160217,0.4973622651944381,2.9661661934876946,0.4516344126287684,2.647201877834182,0.952946647147579,2022-06-15,11:46:29,-19.85122,-43.98524,B3,,,,rede,,0.3,30,14.2,9.61,320.0,0.201,27.63,8.93,6.1,139.3,0.285,0.17,352.6,229.0,40.5,7.35,20.157,0.37,4674,697.5,127,91.302
2471,-19.8504476111111,-43.9855361944444,849.459,89.9,2022-06-15, _Campo20220615-Pampulha_0000SET_000_DJI_9451.TIF,0.0684574951619468,0.18122080974453,0.190168893806355,0.0859000401602039,0.1676784889148867,0000SET_000_DJI_9451.T,-0.6716193290162801,5.778888804409764,-0.0900775295630616,-0.3776913691374687,-0.0628491529557671,0.881734575822007,0.4517039482160217,0.4973622651944381,2.9661661934876946,0.4516344126287684,2.647201877834182,0.952946647147579,2022-06-15,11:39:10,-19.85097,-43.98486,B5,,,,rede,,0.3,30,6.57,9.48,298.8,0.219,27.17,8.78,7.44,134.6,0.31,0.16,325.4,212.0,31.54,7.62,20.719,0.359,4674,697.5,131,91.519
2472,-19.8504476111111,-43.9855361944444,849.459,89.9,2022-06-15, _Campo20220615-Pampulha_0000SET_000_DJI_9451.TIF,0.0684574951619468,0.18122080974453,0.190168893806355,0.0859000401602039,0.1676784889148867,0000SET_000_DJI_9451.T,-0.6716193290162801,5.778888804409764,-0.0900775295630616,-0.3776913691374687,-0.0628491529557671,0.881734575822007,0.4517039482160217,0.4973622651944381,2.9661661934876946,0.4516344126287684,2.647201877834182,0.952946647147579,2022-06-15,11:36:58,-19.85121,-43.98505,B6,,,,rede,,0.3,30,6.26,10.52,299.9,0.13,26.13,8.44,8.19,132.4,0.185,0.15,323.9,211.0,33.32,7.74,21.109,0.34,4674,697.5,132,98.855
2494,-19.8504903055556,-43.9852596388889,849.566,89.9,2022-06-15, _Campo20220615-Pampulha_0000SET_000_DJI_9461.TIF,0.0685795494516593,0.1791356595192687,0.1908595559908225,0.0879603236983975,0.1690377411911877,0000SET_000_DJI_9461.T,-0.6826111945958486,5.728125024253655,-0.088092349639282,-0.3690527103272521,-0.0606334500717266,0.8856655896198139,0.4608641324861254,0.5430919393617314,3.2128442768735006,0.4463032791845426,2.6120856866453863,0.9385731753870498,2022-06-15,11:44:37,-19.85076,-43.98491,B2,,,,rede,,0.3,30,17.58,8.69,333.2,0.203,29.35,9.48,5.05,141.3,0.288,0.18,371.1,241.0,37.25,7.22,19.658,0.365,4674,697.5,124,47.292
2497,-19.8504903055556,-43.9852596388889,849.566,89.9,2022-06-15, _Campo20220615-Pampulha_0000SET_000_DJI_9461.TIF,0.0685795494516593,0.1791356595192687,0.1908595559908225,0.0879603236983975,0.1690377411911877,0000SET_000_DJI_9461.T,-0.6826111945958486,5.728125024253655,-0.088092349639282,-0.3690527103272521,-0.0606334500717266,0.8856655896198139,0.4608641324861254,0.5430919393617314,3.2128442768735006,0.4463032791845426,2.6120856866453863,0.9385731753870498,2022-06-15,11:46:29,-19.85122,-43.98524,B3,,,,rede,,0.3,30,14.2,9.61,320.0,0.201,27.63,8.93,6.1,139.3,0.285,0.17,352.6,229.0,40.5,7.35,20.157,0.37,4674,697.5,127,81.164
2501,-19.8504903055556,-43.9852596388889,849.566,89.9,2022-06-15, _Campo20220615-Pampulha_0000SET_000_DJI_9461.TIF,0.0685795494516593,0.1791356595192687,0.1908595559908225,0.0879603236983975,0.1690377411911877,0000SET_000_DJI_9461.T,-0.6826111945958486,5.728125024253655,-0.088092349639282,-0.3690527103272521,-0.0606334500717266,0.8856655896198139,0.4608641324861254,0.5430919393617314,3.2128442768735006,0.4463032791845426,2.6120856866453863,0.9385731753870498,2022-06-15,11:39:10,-19.85097,-43.98486,B5,,,,rede,,0.3,30,6.57,9.48,298.8,0.219,27.17,8.78,7.44,134.6,0.31,0.16,325.4,212.0,31.54,7.62,20.719,0.359,4674,697.5,131,67.765
2502,-19.8504903055556,-43.9852596388889,849.566,89.9,2022-06-15, _Campo20220615-Pampulha_0000SET_000_DJI_9461.TIF,0.0685795494516593,0.1791356595192687,0.1908595559908225,0.0879603236983975,0.1690377411911877,0000SET_000_DJI_9461.T,-0.6826111945958486,5.728125024253655,-0.088092349639282,-0.3690527103272521,-0.0606334500717266,0.8856655896198139,0.4608641324861254,0.5430919393617314,3.2128442768735006,0.4463032791845426,2.6120856866453863,0.9385731753870498,2022-06-15,11:36:58,-19.85121,-43.98505,B6,,,,rede,,0.3,30,6.26,10.52,299.9,0.13,26.13,8.44,8.19,132.4,0.185,0.15,323.9,211.0,33.32,7.74,21.109,0.34,4674,697.5,132,82.976
2524,-19.8505552777778,-43.9850299444444,850.156,89.9,2022-06-15, _Campo20220615-Pampulha_0000SET_000_DJI_9471.TIF,0.0603686991652185,0.1293720798750451,0.1159351670735892,0.0689278536288807,0.1746662835450314,0000SET_000_DJI_9471.T,-0.4295089633098575,5.000364110431516,0.3095334422495401,-0.254281863760979,0.2021019383985103,1.506585861338889,0.594537924675859,0.3592802720486251,2.056952634227187,0.3636718530347335,2.143032426804104,1.1159002323507836,2022-06-15,11:44:37,-19.85076,-43.98491,B2,,,,rede,,0.3,30,17.58,8.69,333.2,0.203,29.35,9.48,5.05,141.3,0.288,0.18,371.1,241.0,37.25,7.22,19.658,0.365,4674,697.5,124,25.992
2527,-19.8505552777778,-43.9850299444444,850.156,89.9,2022-06-15, _Campo20220615-Pampulha_0000SET_000_DJI_9471.TIF,0.0603686991652185,0.1293720798750451,0.1159351670735892,0.0689278536288807,0.1746662835450314,0000SET_000_DJI_9471.T,-0.4295089633098575,5.000364110431516,0.3095334422495401,-0.254281863760979,0.2021019383985103,1.506585861338889,0.594537924675859,0.3592802720486251,2.056952634227187,0.3636718530347335,2.143032426804104,1.1159002323507836,2022-06-15,11:46:29,-19.85122,-43.98524,B3,,,,rede,,0.3,30,14.2,9.61,320.0,0.201,27.63,8.93,6.1,139.3,0.285,0.17,352.6,229.0,40.5,7.35,20.157,0.37,4674,697.5,127,77.11
2530,-19.8505552777778,-43.9850299444444,850.156,89.9,2022-06-15, _Campo20220615-Pampulha_0000SET_000_DJI_9471.TIF,0.0603686991652185,0.1293720798750451,0.1159351670735892,0.0689278536288807,0.1746662835450314,0000SET_000_DJI_9471.T,-0.4295089633098575,5.000364110431516,0.3095334422495401,-0.254281863760979,0.2021019383985103,1.506585861338889,0.594537924675859,0.3592802720486251,2.056952634227187,0.3636718530347335,2.143032426804104,1.1159002323507836,2022-06-15,11:40:55,-19.85014,-43.98422,B4,,,,rede,,0.3,30,9.89,10.24,302.3,0.194,27.56,8.9,7.5,137.0,0.276,0.16,331.0,215.0,34.16,7.56,20.456,0.347,4674,697.5,130,96.479
2531,-19.8505552777778,-43.9850299444444,850.156,89.9,2022-06-15, _Campo20220615-Pampulha_0000SET_000_DJI_9471.TIF,0.0603686991652185,0.1293720798750451,0.1159351670735892,0.0689278536288807,0.1746662835450314,0000SET_000_DJI_9471.T,-0.4295089633098575,5.000364110431516,0.3095334422495401,-0.254281863760979,0.2021019383985103,1.506585861338889,0.594537924675859,0.3592802720486251,2.056952634227187,0.3636718530347335,2.143032426804104,1.1159002323507836,2022-06-15,11:39:10,-19.85097,-43.98486,B5,,,,rede,,0.3,30,6.57,9.48,298.8,0.219,27.17,8.78,7.44,134.6,0.31,0.16,325.4,212.0,31.54,7.62,20.719,0.359,4674,697.5,131,49.422
2532,-19.8505552777778,-43.9850299444444,850.156,89.9,2022-06-15, _Campo20220615-Pampulha_0000SET_000_DJI_9471.TIF,0.0603686991652185,0.1293720798750451,0.1159351670735892,0.0689278536288807,0.1746662835450314,0000SET_000_DJI_9471.T,-0.4295089633098575,5.000364110431516,0.3095334422495401,-0.254281863760979,0.2021019383985103,1.506585861338889,0.594537924675859,0.3592802720486251,2.056952634227187,0.3636718530347335,2.143032426804104,1.1159002323507836,2022-06-15,11:36:58,-19.85121,-43.98505,B6,,,,rede,,0.3,30,6.26,10.52,299.9,0.13,26.13,8.44,8.19,132.4,0.185,0.15,323.9,211.0,33.32,7.74,21.109,0.34,4674,697.5,132,72.832
2554,-19.8506538888889,-43.9848874166667,849.74,89.9,2022-06-15, _Campo20220615-Pampulha_0000SET_000_DJI_9481.TIF,0.0692463321668718,0.1822264296961851,0.1846061328977114,0.0852062687170864,0.1653840009913258,0000SET_000_DJI_9481.T,-0.6330574600137416,5.754665465873211,-0.0764382264066169,-0.3684036151997745,-0.0549219250634073,0.8958749007702987,0.461557085778393,0.4473591582354412,2.7049724009210827,0.4492736974465578,2.631567968929396,0.9871092949937644,2022-06-15,11:44:37,-19.85076,-43.98491,B2,,,,rede,,0.3,30,17.58,8.69,333.2,0.203,29.35,9.48,5.05,141.3,0.288,0.18,371.1,241.0,37.25,7.22,19.658,0.365,4674,697.5,124,12.033
2557,-19.8506538888889,-43.9848874166667,849.74,89.9,2022-06-15, _Campo20220615-Pampulha_0000SET_000_DJI_9481.TIF,0.0692463321668718,0.1822264296961851,0.1846061328977114,0.0852062687170864,0.1653840009913258,0000SET_000_DJI_9481.T,-0.6330574600137416,5.754665465873211,-0.0764382264066169,-0.3684036151997745,-0.0549219250634073,0.8958749007702987,0.461557085778393,0.4473591582354412,2.7049724009210827,0.4492736974465578,2.631567968929396,0.9871092949937644,2022-06-15,11:46:29,-19.85122,-43.98524,B3,,,,rede,,0.3,30,14.2,9.61,320.0,0.201,27.63,8.93,6.1,139.3,0.285,0.17,352.6,229.0,40.5,7.35,20.157,0.37,4674,697.5,127,72.955
2560,-19.8506538888889,-43.9848874166667,849.74,89.9,2022-06-15, _Campo20220615-Pampulha_0000SET_000_DJI_9481.TIF,0.0692463321668718,0.1822264296961851,0.1846061328977114,0.0852062687170864,0.1653840009913258,0000SET_000_DJI_9481.T,-0.6330574600137416,5.754665465873211,-0.0764382264066169,-0.3684036151997745,-0.0549219250634073,0.8958749007702987,0.461557085778393,0.4473591582354412,2.7049724009210827,0.4492736974465578,2.631567968929396,0.9871092949937644,2022-06-15,11:40:55,-19.85014,-43.98422,B4,,,,rede,,0.3,30,9.89,10.24,302.3,0.194,27.56,8.9,7.5,137.0,0.276,0.16,331.0,215.0,34.16,7.56,20.456,0.347,4674,697.5,130,90.21
2561,-19.8506538888889,-43.9848874166667,849.74,89.9,2022-06-15, _Campo20220615-Pampulha_0000SET_000_DJI_9481.TIF,0.0692463321668718,0.1822264296961851,0.1846061328977114,0.0852062687170864,0.1653840009913258,0000SET_000_DJI_9481.T,-0.6330574600137416,5.754665465873211,-0.0764382264066169,-0.3684036151997745,-0.0549219250634073,0.8958749007702987,0.461557085778393,0.4473591582354412,2.7049724009210827,0.4492736974465578,2.631567968929396,0.9871092949937644,2022-06-15,11:39:10,-19.85097,-43.98486,B5,,,,rede,,0.3,30,6.57,9.48,298.8,0.219,27.17,8.78,7.44,134.6,0.31,0.16,325.4,212.0,31.54,7.62,20.719,0.359,4674,697.5,131,35.267
2562,-19.8506538888889,-43.9848874166667,849.74,89.9,2022-06-15, _Campo20220615-Pampulha_0000SET_000_DJI_9481.TIF,0.0692463321668718,0.1822264296961851,0.1846061328977114,0.0852062687170864,0.1653840009913258,0000SET_000_DJI_9481.T,-0.6330574600137416,5.754665465873211,-0.0764382264066169,-0.3684036151997745,-0.0549219250634073,0.8958749007702987,0.461557085778393,0.4473591582354412,2.7049724009210827,0.4492736974465578,2.631567968929396,0.9871092949937644,2022-06-15,11:36:58,-19.85121,-43.98505,B6,,,,rede,,0.3,30,6.26,10.52,299.9,0.13,26.13,8.44,8.19,132.4,0.185,0.15,323.9,211.0,33.32,7.74,21.109,0.34,4674,697.5,132,64.132
2584,-19.8507889166667,-43.9848011388889,849.639,89.9,2022-06-15, _Campo20220615-Pampulha_0000SET_000_DJI_9491.TIF,0.0693416264381001,0.1808773190986675,0.1878864472836863,0.084010076089592,0.1358350538195328,0000SET_000_DJI_9491.T,-0.6553879802968592,5.721157828804779,-0.2080233906848792,-0.3820437639487051,-0.1607906589051582,0.7229635547604875,0.4471321763977299,0.3420350964561447,2.5180178962535287,0.4457523886582687,2.608495479409228,0.9626948708310192,2022-06-15,11:44:37,-19.85076,-43.98491,B2,,,,rede,,0.3,30,17.58,8.69,333.2,0.203,29.35,9.48,5.05,141.3,0.288,0.18,371.1,241.0,37.25,7.22,19.658,0.365,4674,697.5,124,11.831
2587,-19.8507889166667,-43.9848011388889,849.639,89.9,2022-06-15, _Campo20220615-Pampulha_0000SET_000_DJI_9491.TIF,0.0693416264381001,0.1808773190986675,0.1878864472836863,0.084010076089592,0.1358350538195328,0000SET_000_DJI_9491.T,-0.6553879802968592,5.721157828804779,-0.2080233906848792,-0.3820437639487051,-0.1607906589051582,0.7229635547604875,0.4471321763977299,0.3420350964561447,2.5180178962535287,0.4457523886582687,2.608495479409228,0.9626948708310192,2022-06-15,11:46:29,-19.85122,-43.98524,B3,,,,rede,,0.3,30,14.2,9.61,320.0,0.201,27.63,8.93,6.1,139.3,0.285,0.17,352.6,229.0,40.5,7.35,20.157,0.37,4674,697.5,127,66.366
2590,-19.8507889166667,-43.9848011388889,849.639,89.9,2022-06-15, _Campo20220615-Pampulha_0000SET_000_DJI_9491.TIF,0.0693416264381001,0.1808773190986675,0.1878864472836863,0.084010076089592,0.1358350538195328,0000SET_000_DJI_9491.T,-0.6553879802968592,5.721157828804779,-0.2080233906848792,-0.3820437639487051,-0.1607906589051582,0.7229635547604875,0.4471321763977299,0.3420350964561447,2.5180178962535287,0.4457523886582687,2.608495479409228,0.9626948708310192,2022-06-15,11:40:55,-19.85014,-43.98422,B4,,,,rede,,0.3,30,9.89,10.24,302.3,0.194,27.56,8.9,7.5,137.0,0.276,0.16,331.0,215.0,34.16,7.56,20.456,0.347,4674,697.5,130,94.344
2591,-19.8507889166667,-43.9848011388889,849.639,89.9,2022-06-15, _Campo20220615-Pampulha_0000SET_000_DJI_9491.TIF,0.0693416264381001,0.1808773190986675,0.1878864472836863,0.084010076089592,0.1358350538195328,0000SET_000_DJI_9491.T,-0.6553879802968592,5.721157828804779,-0.2080233906848792,-0.3820437639487051,-0.1607906589051582,0.7229635547604875,0.4471321763977299,0.3420350964561447,2.5180178962535287,0.4457523886582687,2.608495479409228,0.9626948708310192,2022-06-15,11:39:10,-19.85097,-43.98486,B5,,,,rede,,0.3,30,6.57,9.48,298.8,0.219,27.17,8.78,7.44,134.6,0.31,0.16,325.4,212.0,31.54,7.62,20.719,0.359,4674,697.5,131,21.056
2592,-19.8507889166667,-43.9848011388889,849.639,89.9,2022-06-15, _Campo20220615-Pampulha_0000SET_000_DJI_9491.TIF,0.0693416264381001,0.1808773190986675,0.1878864472836863,0.084010076089592,0.1358350538195328,0000SET_000_DJI_9491.T,-0.6553879802968592,5.721157828804779,-0.2080233906848792,-0.3820437639487051,-0.1607906589051582,0.7229635547604875,0.4471321763977299,0.3420350964561447,2.5180178962535287,0.4457523886582687,2.608495479409228,0.9626948708310192,2022-06-15,11:36:58,-19.85121,-43.98505,B6,,,,rede,,0.3,30,6.26,10.52,299.9,0.13,26.13,8.44,8.19,132.4,0.185,0.15,323.9,211.0,33.32,7.74,21.109,0.34,4674,697.5,132,53.57
2614,-19.8508904166667,-43.9847459166667,849.672,89.8,2022-06-15, _Campo20220615-Pampulha_0000SET_000_DJI_9501.TIF,0.0606554819747022,0.1671735940739404,0.1705853769520366,0.090827394975988,0.1255443080265142,0000SET_000_DJI_9501.T,-0.657579300046111,5.950657197543569,-0.1976967545437699,-0.3051036159702577,-0.152099134974546,0.7359617235058397,0.5324453748548792,0.6875637280342456,5.476661896045787,0.4675351976430615,2.75611681964153,0.9799995583498609,2022-06-15,11:44:37,-19.85076,-43.98491,B2,,,,rede,,0.3,30,17.58,8.69,333.2,0.203,29.35,9.48,5.05,141.3,0.288,0.18,371.1,241.0,37.25,7.22,19.658,0.365,4674,697.5,124,22.468
2617,-19.8508904166667,-43.9847459166667,849.672,89.8,2022-06-15, _Campo20220615-Pampulha_0000SET_000_DJI_9501.TIF,0.0606554819747022,0.1671735940739404,0.1705853769520366,0.090827394975988,0.1255443080265142,0000SET_000_DJI_9501.T,-0.657579300046111,5.950657197543569,-0.1976967545437699,-0.3051036159702577,-0.152099134974546,0.7359617235058397,0.5324453748548792,0.6875637280342456,5.476661896045787,0.4675351976430615,2.75611681964153,0.9799995583498609,2022-06-15,11:46:29,-19.85122,-43.98524,B3,,,,rede,,0.3,30,14.2,9.61,320.0,0.201,27.63,8.93,6.1,139.3,0.285,0.17,352.6,229.0,40.5,7.35,20.157,0.37,4674,697.5,127,63.351
2620,-19.8508904166667,-43.9847459166667,849.672,89.8,2022-06-15, _Campo20220615-Pampulha_0000SET_000_DJI_9501.TIF,0.0606554819747022,0.1671735940739404,0.1705853769520366,0.090827394975988,0.1255443080265142,0000SET_000_DJI_9501.T,-0.657579300046111,5.950657197543569,-0.1976967545437699,-0.3051036159702577,-0.152099134974546,0.7359617235058397,0.5324453748548792,0.6875637280342456,5.476661896045787,0.4675351976430615,2.75611681964153,0.9799995583498609,2022-06-15,11:40:55,-19.85014,-43.98422,B4,,,,rede,,0.3,30,9.89,10.24,302.3,0.194,27.56,8.9,7.5,137.0,0.276,0.16,331.0,215.0,34.16,7.56,20.456,0.347,4674,697.5,130,99.941
2621,-19.8508904166667,-43.9847459166667,849.672,89.8,2022-06-15, _Campo20220615-Pampulha_0000SET_000_DJI_9501.TIF,0.0606554819747022,0.1671735940739404,0.1705853769520366,0.090827394975988,0.1255443080265142,0000SET_000_DJI_9501.T,-0.657579300046111,5.950657197543569,-0.1976967545437699,-0.3051036159702577,-0.152099134974546,0.7359617235058397,0.5324453748548792,0.6875637280342456,5.476661896045787,0.4675351976430615,2.75611681964153,0.9799995583498609,2022-06-15,11:39:10,-19.85097,-43.98486,B5,,,,rede,,0.3,30,6.57,9.48,298.8,0.219,27.17,8.78,7.44,134.6,0.31,0.16,325.4,212.0,31.54,7.62,20.719,0.359,4674,697.5,131,14.855
2622,-19.8508904166667,-43.9847459166667,849.672,89.8,2022-06-15, _Campo20220615-Pampulha_0000SET_000_DJI_9501.TIF,0.0606554819747022,0.1671735940739404,0.1705853769520366,0.090827394975988,0.1255443080265142,0000SET_000_DJI_9501.T,-0.657579300046111,5.950657197543569,-0.1976967545437699,-0.3051036159702577,-0.152099134974546,0.7359617235058397,0.5324453748548792,0.6875637280342456,5.476661896045787,0.4675351976430615,2.75611681964153,0.9799995583498609,2022-06-15,11:36:58,-19.85121,-43.98505,B6,,,,rede,,0.3,30,6.26,10.52,299.9,0.13,26.13,8.44,8.19,132.4,0.185,0.15,323.9,211.0,33.32,7.74,21.109,0.34,4674,697.5,132,47.689
2644,-19.8509219166667,-43.9847264166667,849.563,89.9,2022-06-15, _Campo20220615-Pampulha_0000SET_000_DJI_9511.TIF,0.0603475609830579,0.1670027274975331,0.1713582016607003,0.0749864604787814,0.1569423841712776,0000SET_000_DJI_9511.T,-0.6647235188376321,5.966844294388142,-0.0634079577631738,-0.3912069388674339,-0.0439104226783214,0.915873198074482,0.4376006502872805,0.5076987548102124,3.2349371872428048,0.469122635503409,2.767348419340722,0.9745826337989276,2022-06-15,11:44:37,-19.85076,-43.98491,B2,,,,rede,,0.3,30,17.58,8.69,333.2,0.203,29.35,9.48,5.05,141.3,0.288,0.18,371.1,241.0,37.25,7.22,19.658,0.365,4674,697.5,124,26.321
2647,-19.8509219166667,-43.9847264166667,849.563,89.9,2022-06-15, _Campo20220615-Pampulha_0000SET_000_DJI_9511.TIF,0.0603475609830579,0.1670027274975331,0.1713582016607003,0.0749864604787814,0.1569423841712776,0000SET_000_DJI_9511.T,-0.6647235188376321,5.966844294388142,-0.0634079577631738,-0.3912069388674339,-0.0439104226783214,0.915873198074482,0.4376006502872805,0.5076987548102124,3.2349371872428048,0.469122635503409,2.767348419340722,0.9745826337989276,2022-06-15,11:46:29,-19.85122,-43.98524,B3,,,,rede,,0.3,30,14.2,9.61,320.0,0.201,27.63,8.93,6.1,139.3,0.285,0.17,352.6,229.0,40.5,7.35,20.157,0.37,4674,697.5,127,63.118
2651,-19.8509219166667,-43.9847264166667,849.563,89.9,2022-06-15, _Campo20220615-Pampulha_0000SET_000_DJI_9511.TIF,0.0603475609830579,0.1670027274975331,0.1713582016607003,0.0749864604787814,0.1569423841712776,0000SET_000_DJI_9511.T,-0.6647235188376321,5.966844294388142,-0.0634079577631738,-0.3912069388674339,-0.0439104226783214,0.915873198074482,0.4376006502872805,0.5076987548102124,3.2349371872428048,0.469122635503409,2.767348419340722,0.9745826337989276,2022-06-15,11:39:10,-19.85097,-43.98486,B5,,,,rede,,0.3,30,6.57,9.48,298.8,0.219,27.17,8.78,7.44,134.6,0.31,0.16,325.4,212.0,31.54,7.62,20.719,0.359,4674,697.5,131,14.959
2652,-19.8509219166667,-43.9847264166667,849.563,89.9,2022-06-15, _Campo20220615-Pampulha_0000SET_000_DJI_9511.TIF,0.0603475609830579,0.1670027274975331,0.1713582016607003,0.0749864604787814,0.1569423841712776,0000SET_000_DJI_9511.T,-0.6647235188376321,5.966844294388142,-0.0634079577631738,-0.3912069388674339,-0.0439104226783214,0.915873198074482,0.4376006502872805,0.5076987548102124,3.2349371872428048,0.469122635503409,2.767348419340722,0.9745826337989276,2022-06-15,11:36:58,-19.85121,-43.98505,B6,,,,rede,,0.3,30,6.26,10.52,299.9,0.13,26.13,8.44,8.19,132.4,0.185,0.15,323.9,211.0,33.32,7.74,21.109,0.34,4674,697.5,132,46.599
2674,-19.8509073333333,-43.9846930555556,849.505,89.9,2022-06-15, _Campo20220615-Pampulha_0000SET_000_DJI_9521.TIF,0.0646101322515121,0.1674304928193546,0.1783225833558018,0.075343370101892,0.1569081289437445,0000SET_000_DJI_9521.T,-0.6791621358182182,5.707606303633248,-0.0922875225211843,-0.4059638743402929,-0.0638797509487208,0.8799117082701203,0.4225116565946198,0.3459636934571233,2.204880625280797,0.4431136165765822,2.5913968441913555,0.9389191748376898,2022-06-15,11:44:37,-19.85076,-43.98491,B2,,,,rede,,0.3,30,17.58,8.69,333.2,0.203,29.35,9.48,5.05,141.3,0.288,0.18,371.1,241.0,37.25,7.22,19.658,0.365,4674,697.5,124,27.986
2677,-19.8509073333333,-43.9846930555556,849.505,89.9,2022-06-15, _Campo20220615-Pampulha_0000SET_000_DJI_9521.TIF,0.0646101322515121,0.1674304928193546,0.1783225833558018,0.075343370101892,0.1569081289437445,0000SET_000_DJI_9521.T,-0.6791621358182182,5.707606303633248,-0.0922875225211843,-0.4059638743402929,-0.0638797509487208,0.8799117082701203,0.4225116565946198,0.3459636934571233,2.204880625280797,0.4431136165765822,2.5913968441913555,0.9389191748376898,2022-06-15,11:46:29,-19.85122,-43.98524,B3,,,,rede,,0.3,30,14.2,9.61,320.0,0.201,27.63,8.93,6.1,139.3,0.285,0.17,352.6,229.0,40.5,7.35,20.157,0.37,4674,697.5,127,66.94
2680,-19.8509073333333,-43.9846930555556,849.505,89.9,2022-06-15, _Campo20220615-Pampulha_0000SET_000_DJI_9521.TIF,0.0646101322515121,0.1674304928193546,0.1783225833558018,0.075343370101892,0.1569081289437445,0000SET_000_DJI_9521.T,-0.6791621358182182,5.707606303633248,-0.0922875225211843,-0.4059638743402929,-0.0638797509487208,0.8799117082701203,0.4225116565946198,0.3459636934571233,2.204880625280797,0.4431136165765822,2.5913968441913555,0.9389191748376898,2022-06-15,11:40:55,-19.85014,-43.98422,B4,,,,rede,,0.3,30,9.89,10.24,302.3,0.194,27.56,8.9,7.5,137.0,0.276,0.16,331.0,215.0,34.16,7.56,20.456,0.347,4674,697.5,130,98.631
2681,-19.8509073333333,-43.9846930555556,849.505,89.9,2022-06-15, _Campo20220615-Pampulha_0000SET_000_DJI_9521.TIF,0.0646101322515121,0.1674304928193546,0.1783225833558018,0.075343370101892,0.1569081289437445,0000SET_000_DJI_9521.T,-0.6791621358182182,5.707606303633248,-0.0922875225211843,-0.4059638743402929,-0.0638797509487208,0.8799117082701203,0.4225116565946198,0.3459636934571233,2.204880625280797,0.4431136165765822,2.5913968441913555,0.9389191748376898,2022-06-15,11:39:10,-19.85097,-43.98486,B5,,,,rede,,0.3,30,6.57,9.48,298.8,0.219,27.17,8.78,7.44,134.6,0.31,0.16,325.4,212.0,31.54,7.62,20.719,0.359,4674,697.5,131,18.799
2682,-19.8509073333333,-43.9846930555556,849.505,89.9,2022-06-15, _Campo20220615-Pampulha_0000SET_000_DJI_9521.TIF,0.0646101322515121,0.1674304928193546,0.1783225833558018,0.075343370101892,0.1569081289437445,0000SET_000_DJI_9521.T,-0.6791621358182182,5.707606303633248,-0.0922875225211843,-0.4059638743402929,-0.0638797509487208,0.8799117082701203,0.4225116565946198,0.3459636934571233,2.204880625280797,0.4431136165765822,2.5913968441913555,0.9389191748376898,2022-06-15,11:36:58,-19.85121,-43.98505,B6,,,,rede,,0.3,30,6.26,10.52,299.9,0.13,26.13,8.44,8.19,132.4,0.185,0.15,323.9,211.0,33.32,7.74,21.109,0.34,4674,697.5,132,50.263
2704,-19.8508396388889,-43.9845627777778,849.243,89.9,2022-06-15, _Campo20220615-Pampulha_0000SET_000_DJI_9531.TIF,0.065310156637939,0.1763752080768738,0.1808882597618938,0.0837583284747374,0.165353914993132,0000SET_000_DJI_9531.T,-0.6552967641210643,5.86187881909688,-0.0642750742772207,-0.3670175078936162,-0.0448655475889171,0.9141218739723082,0.4630390528660614,0.5576466403438556,3.372442922606444,0.4595439677118673,2.7005785494383048,0.9750506102996368,2022-06-15,11:44:37,-19.85076,-43.98491,B2,,,,rede,,0.3,30,17.58,8.69,333.2,0.203,29.35,9.48,5.05,141.3,0.288,0.18,371.1,241.0,37.25,7.22,19.658,0.365,4674,697.5,124,37.379
2707,-19.8508396388889,-43.9845627777778,849.243,89.9,2022-06-15, _Campo20220615-Pampulha_0000SET_000_DJI_9531.TIF,0.065310156637939,0.1763752080768738,0.1808882597618938,0.0837583284747374,0.165353914993132,0000SET_000_DJI_9531.T,-0.6552967641210643,5.86187881909688,-0.0642750742772207,-0.3670175078936162,-0.0448655475889171,0.9141218739723082,0.4630390528660614,0.5576466403438556,3.372442922606444,0.4595439677118673,2.7005785494383048,0.9750506102996368,2022-06-15,11:46:29,-19.85122,-43.98524,B3,,,,rede,,0.3,30,14.2,9.61,320.0,0.201,27.63,8.93,6.1,139.3,0.285,0.17,352.6,229.0,40.5,7.35,20.157,0.37,4674,697.5,127,82.496
2710,-19.8508396388889,-43.9845627777778,849.243,89.9,2022-06-15, _Campo20220615-Pampulha_0000SET_000_DJI_9531.TIF,0.065310156637939,0.1763752080768738,0.1808882597618938,0.0837583284747374,0.165353914993132,0000SET_000_DJI_9531.T,-0.6552967641210643,5.86187881909688,-0.0642750742772207,-0.3670175078936162,-0.0448655475889171,0.9141218739723082,0.4630390528660614,0.5576466403438556,3.372442922606444,0.4595439677118673,2.7005785494383048,0.9750506102996368,2022-06-15,11:40:55,-19.85014,-43.98422,B4,,,,rede,,0.3,30,9.89,10.24,302.3,0.194,27.56,8.9,7.5,137.0,0.276,0.16,331.0,215.0,34.16,7.56,20.456,0.347,4674,697.5,130,85.659
2711,-19.8508396388889,-43.9845627777778,849.243,89.9,2022-06-15, _Campo20220615-Pampulha_0000SET_000_DJI_9531.TIF,0.065310156637939,0.1763752080768738,0.1808882597618938,0.0837583284747374,0.165353914993132,0000SET_000_DJI_9531.T,-0.6552967641210643,5.86187881909688,-0.0642750742772207,-0.3670175078936162,-0.0448655475889171,0.9141218739723082,0.4630390528660614,0.5576466403438556,3.372442922606444,0.4595439677118673,2.7005785494383048,0.9750506102996368,2022-06-15,11:39:10,-19.85097,-43.98486,B5,,,,rede,,0.3,30,6.57,9.48,298.8,0.219,27.17,8.78,7.44,134.6,0.31,0.16,325.4,212.0,31.54,7.62,20.719,0.359,4674,697.5,131,34.299
2712,-19.8508396388889,-43.9845627777778,849.243,89.9,2022-06-15, _Campo20220615-Pampulha_0000SET_000_DJI_9531.TIF,0.065310156637939,0.1763752080768738,0.1808882597618938,0.0837583284747374,0.165353914993132,0000SET_000_DJI_9531.T,-0.6552967641210643,5.86187881909688,-0.0642750742772207,-0.3670175078936162,-0.0448655475889171,0.9141218739723082,0.4630390528660614,0.5576466403438556,3.372442922606444,0.4595439677118673,2.7005785494383048,0.9750506102996368,2022-06-15,11:36:58,-19.85121,-43.98505,B6,,,,rede,,0.3,30,6.26,10.52,299.9,0.13,26.13,8.44,8.19,132.4,0.185,0.15,323.9,211.0,33.32,7.74,21.109,0.34,4674,697.5,132,65.518
2734,-19.8507826388889,-43.984452,849.25,89.9,2022-06-15, _Campo20220615-Pampulha_0000SET_000_DJI_9541.TIF,0.0643081560336999,0.1749730580273658,0.1788155206320039,0.0778300212571933,0.1630367609392806,0000SET_000_DJI_9541.T,-0.6544285496821748,5.892625156066748,-0.0659423254543354,-0.3934823828672214,-0.0461566604739276,0.9117595629453472,0.4352531647259231,0.4404624960587079,2.701614614527017,0.4624888854225877,2.720853291698697,0.9785115822661404,2022-06-15,11:44:37,-19.85076,-43.98491,B2,,,,rede,,0.3,30,17.58,8.69,333.2,0.203,29.35,9.48,5.05,141.3,0.288,0.18,371.1,241.0,37.25,7.22,19.658,0.365,4674,697.5,124,47.967
2737,-19.8507826388889,-43.984452,849.25,89.9,2022-06-15, _Campo20220615-Pampulha_0000SET_000_DJI_9541.TIF,0.0643081560336999,0.1749730580273658,0.1788155206320039,0.0778300212571933,0.1630367609392806,0000SET_000_DJI_9541.T,-0.6544285496821748,5.892625156066748,-0.0659423254543354,-0.3934823828672214,-0.0461566604739276,0.9117595629453472,0.4352531647259231,0.4404624960587079,2.701614614527017,0.4624888854225877,2.720853291698697,0.9785115822661404,2022-06-15,11:46:29,-19.85122,-43.98524,B3,,,,rede,,0.3,30,14.2,9.61,320.0,0.201,27.63,8.93,6.1,139.3,0.285,0.17,352.6,229.0,40.5,7.35,20.157,0.37,4674,697.5,127,95.694
2740,-19.8507826388889,-43.984452,849.25,89.9,2022-06-15, _Campo20220615-Pampulha_0000SET_000_DJI_9541.TIF,0.0643081560336999,0.1749730580273658,0.1788155206320039,0.0778300212571933,0.1630367609392806,0000SET_000_DJI_9541.T,-0.6544285496821748,5.892625156066748,-0.0659423254543354,-0.3934823828672214,-0.0461566604739276,0.9117595629453472,0.4352531647259231,0.4404624960587079,2.701614614527017,0.4624888854225877,2.720853291698697,0.9785115822661404,2022-06-15,11:40:55,-19.85014,-43.98422,B4,,,,rede,,0.3,30,9.89,10.24,302.3,0.194,27.56,8.9,7.5,137.0,0.276,0.16,331.0,215.0,34.16,7.56,20.456,0.347,4674,697.5,130,75.465
2741,-19.8507826388889,-43.984452,849.25,89.9,2022-06-15, _Campo20220615-Pampulha_0000SET_000_DJI_9541.TIF,0.0643081560336999,0.1749730580273658,0.1788155206320039,0.0778300212571933,0.1630367609392806,0000SET_000_DJI_9541.T,-0.6544285496821748,5.892625156066748,-0.0659423254543354,-0.3934823828672214,-0.0461566604739276,0.9117595629453472,0.4352531647259231,0.4404624960587079,2.701614614527017,0.4624888854225877,2.720853291698697,0.9785115822661404,2022-06-15,11:39:10,-19.85097,-43.98486,B5,,,,rede,,0.3,30,6.57,9.48,298.8,0.219,27.17,8.78,7.44,134.6,0.31,0.16,325.4,212.0,31.54,7.62,20.719,0.359,4674,697.5,131,47.486
2742,-19.8507826388889,-43.984452,849.25,89.9,2022-06-15, _Campo20220615-Pampulha_0000SET_000_DJI_9541.TIF,0.0643081560336999,0.1749730580273658,0.1788155206320039,0.0778300212571933,0.1630367609392806,0000SET_000_DJI_9541.T,-0.6544285496821748,5.892625156066748,-0.0659423254543354,-0.3934823828672214,-0.0461566604739276,0.9117595629453472,0.4352531647259231,0.4404624960587079,2.701614614527017,0.4624888854225877,2.720853291698697,0.9785115822661404,2022-06-15,11:36:58,-19.85121,-43.98505,B6,,,,rede,,0.3,30,6.26,10.52,299.9,0.13,26.13,8.44,8.19,132.4,0.185,0.15,323.9,211.0,33.32,7.74,21.109,0.34,4674,697.5,132,78.548
2764,-19.8507271111111,-43.9843512222222,849.106,89.9,2022-06-15, _Campo20220615-Pampulha_0000SET_000_DJI_9551.TIF,0.0671417495998719,0.1727124140480849,0.1837199342227044,0.0807353055564895,0.160908132105627,0000SET_000_DJI_9551.T,-0.6749843968388743,5.673578335537679,-0.0951069673760559,-0.389421774180771,-0.0661925256410902,0.8758338216612626,0.4394477164281071,0.403510579056169,2.507707806783112,0.4401452234248605,2.57235498147362,0.9400853248658568,2022-06-15,11:44:37,-19.85076,-43.98491,B2,,,,rede,,0.3,30,17.58,8.69,333.2,0.203,29.35,9.48,5.05,141.3,0.288,0.18,371.1,241.0,37.25,7.22,19.658,0.365,4674,697.5,124,58.556
2770,-19.8507271111111,-43.9843512222222,849.106,89.9,2022-06-15, _Campo20220615-Pampulha_0000SET_000_DJI_9551.TIF,0.0671417495998719,0.1727124140480849,0.1837199342227044,0.0807353055564895,0.160908132105627,0000SET_000_DJI_9551.T,-0.6749843968388743,5.673578335537679,-0.0951069673760559,-0.389421774180771,-0.0661925256410902,0.8758338216612626,0.4394477164281071,0.403510579056169,2.507707806783112,0.4401452234248605,2.57235498147362,0.9400853248658568,2022-06-15,11:40:55,-19.85014,-43.98422,B4,,,,rede,,0.3,30,9.89,10.24,302.3,0.194,27.56,8.9,7.5,137.0,0.276,0.16,331.0,215.0,34.16,7.56,20.456,0.347,4674,697.5,130,66.711
2771,-19.8507271111111,-43.9843512222222,849.106,89.9,2022-06-15, _Campo20220615-Pampulha_0000SET_000_DJI_9551.TIF,0.0671417495998719,0.1727124140480849,0.1837199342227044,0.0807353055564895,0.160908132105627,0000SET_000_DJI_9551.T,-0.6749843968388743,5.673578335537679,-0.0951069673760559,-0.389421774180771,-0.0661925256410902,0.8758338216612626,0.4394477164281071,0.403510579056169,2.507707806783112,0.4401452234248605,2.57235498147362,0.9400853248658568,2022-06-15,11:39:10,-19.85097,-43.98486,B5,,,,rede,,0.3,30,6.57,9.48,298.8,0.219,27.17,8.78,7.44,134.6,0.31,0.16,325.4,212.0,31.54,7.62,20.719,0.359,4674,697.5,131,59.674
2772,-19.8507271111111,-43.9843512222222,849.106,89.9,2022-06-15, _Campo20220615-Pampulha_0000SET_000_DJI_9551.TIF,0.0671417495998719,0.1727124140480849,0.1837199342227044,0.0807353055564895,0.160908132105627,0000SET_000_DJI_9551.T,-0.6749843968388743,5.673578335537679,-0.0951069673760559,-0.389421774180771,-0.0661925256410902,0.8758338216612626,0.4394477164281071,0.403510579056169,2.507707806783112,0.4401452234248605,2.57235498147362,0.9400853248658568,2022-06-15,11:36:58,-19.85121,-43.98505,B6,,,,rede,,0.3,30,6.26,10.52,299.9,0.13,26.13,8.44,8.19,132.4,0.185,0.15,323.9,211.0,33.32,7.74,21.109,0.34,4674,697.5,132,90.688
2794,-19.8506698888889,-43.9842553333333,848.907,89.9,2022-06-15, _Campo20220615-Pampulha_0000SET_000_DJI_9561.TIF,0.0670203195666884,0.1803094014257539,0.1825578797774749,0.0840054101659578,0.167517811786779,0000SET_000_DJI_9561.T,-0.6407739102742319,5.843425942053598,-0.0608097883681172,-0.3697150857960632,-0.0429623317274384,0.9176147969672486,0.4601576785858514,0.5053765754072007,3.016852775336256,0.4580487998145895,2.690369168507732,0.9876834768542354,2022-06-15,11:44:37,-19.85076,-43.98491,B2,,,,rede,,0.3,30,17.58,8.69,333.2,0.203,29.35,9.48,5.05,141.3,0.288,0.18,371.1,241.0,37.25,7.22,19.658,0.365,4674,697.5,124,69.199
2800,-19.8506698888889,-43.9842553333333,848.907,89.9,2022-06-15, _Campo20220615-Pampulha_0000SET_000_DJI_9561.TIF,0.0670203195666884,0.1803094014257539,0.1825578797774749,0.0840054101659578,0.167517811786779,0000SET_000_DJI_9561.T,-0.6407739102742319,5.843425942053598,-0.0608097883681172,-0.3697150857960632,-0.0429623317274384,0.9176147969672486,0.4601576785858514,0.5053765754072007,3.016852775336256,0.4580487998145895,2.690369168507732,0.9876834768542354,2022-06-15,11:40:55,-19.85014,-43.98422,B4,,,,rede,,0.3,30,9.89,10.24,302.3,0.194,27.56,8.9,7.5,137.0,0.276,0.16,331.0,215.0,34.16,7.56,20.456,0.347,4674,697.5,130,59.037
2801,-19.8506698888889,-43.9842553333333,848.907,89.9,2022-06-15, _Campo20220615-Pampulha_0000SET_000_DJI_9561.TIF,0.0670203195666884,0.1803094014257539,0.1825578797774749,0.0840054101659578,0.167517811786779,0000SET_000_DJI_9561.T,-0.6407739102742319,5.843425942053598,-0.0608097883681172,-0.3697150857960632,-0.0429623317274384,0.9176147969672486,0.4601576785858514,0.5053765754072007,3.016852775336256,0.4580487998145895,2.690369168507732,0.9876834768542354,2022-06-15,11:39:10,-19.85097,-43.98486,B5,,,,rede,,0.3,30,6.57,9.48,298.8,0.219,27.17,8.78,7.44,134.6,0.31,0.16,325.4,212.0,31.54,7.62,20.719,0.359,4674,697.5,131,71.505
2824,-19.8506196666667,-43.9841358888889,849.009,89.9,2022-06-15, _Campo20220615-Pampulha_0000SET_000_DJI_9571.TIF,0.0671193736762364,0.1812851449197388,0.1909801605136316,0.0846999955227783,0.1616491042734426,0000SET_000_DJI_9571.T,-0.6832373766324463,5.858007338256258,-0.1180777886246721,-0.3855198231127544,-0.0831781680340676,0.8464183077378059,0.4435015411809368,0.4998920756866387,3.092451875520638,0.4595961936956174,2.7009361826617098,0.9492354830584572,2022-06-15,11:44:37,-19.85076,-43.98491,B2,,,,rede,,0.3,30,17.58,8.69,333.2,0.203,29.35,9.48,5.05,141.3,0.288,0.18,371.1,241.0,37.25,7.22,19.658,0.365,4674,697.5,124,82.453
2830,-19.8506196666667,-43.9841358888889,849.009,89.9,2022-06-15, _Campo20220615-Pampulha_0000SET_000_DJI_9571.TIF,0.0671193736762364,0.1812851449197388,0.1909801605136316,0.0846999955227783,0.1616491042734426,0000SET_000_DJI_9571.T,-0.6832373766324463,5.858007338256258,-0.1180777886246721,-0.3855198231127544,-0.0831781680340676,0.8464183077378059,0.4435015411809368,0.4998920756866387,3.092451875520638,0.4595961936956174,2.7009361826617098,0.9492354830584572,2022-06-15,11:40:55,-19.85014,-43.98422,B4,,,,rede,,0.3,30,9.89,10.24,302.3,0.194,27.56,8.9,7.5,137.0,0.276,0.16,331.0,215.0,34.16,7.56,20.456,0.347,4674,697.5,130,54.057
2831,-19.8506196666667,-43.9841358888889,849.009,89.9,2022-06-15, _Campo20220615-Pampulha_0000SET_000_DJI_9571.TIF,0.0671193736762364,0.1812851449197388,0.1909801605136316,0.0846999955227783,0.1616491042734426,0000SET_000_DJI_9571.T,-0.6832373766324463,5.858007338256258,-0.1180777886246721,-0.3855198231127544,-0.0831781680340676,0.8464183077378059,0.4435015411809368,0.4998920756866387,3.092451875520638,0.4595961936956174,2.7009361826617098,0.9492354830584572,2022-06-15,11:39:10,-19.85097,-43.98486,B5,,,,rede,,0.3,30,6.57,9.48,298.8,0.219,27.17,8.78,7.44,134.6,0.31,0.16,325.4,212.0,31.54,7.62,20.719,0.359,4674,697.5,131,85.165
2854,-19.8506530555556,-43.9839978333333,848.515,89.9,2022-06-15, _Campo20220615-Pampulha_0000SET_000_DJI_9581.TIF,0.066135596884288,0.1808362118993541,0.1897042493837419,0.0836943931239899,0.1611086857381631,0000SET_000_DJI_9581.T,-0.6833180766263068,5.906811424424636,-0.1157847277647375,-0.3877482905086261,-0.0815122841341128,0.8492623979775251,0.4411835443637811,0.5110719575085274,3.1722185254439434,0.4644279668192768,2.7343249387428727,0.953253353505808,2022-06-15,11:44:37,-19.85076,-43.98491,B2,,,,rede,,0.3,30,17.58,8.69,333.2,0.203,29.35,9.48,5.05,141.3,0.288,0.18,371.1,241.0,37.25,7.22,19.658,0.365,4674,697.5,124,96.14
2860,-19.8506530555556,-43.9839978333333,848.515,89.9,2022-06-15, _Campo20220615-Pampulha_0000SET_000_DJI_9581.TIF,0.066135596884288,0.1808362118993541,0.1897042493837419,0.0836943931239899,0.1611086857381631,0000SET_000_DJI_9581.T,-0.6833180766263068,5.906811424424636,-0.1157847277647375,-0.3877482905086261,-0.0815122841341128,0.8492623979775251,0.4411835443637811,0.5110719575085274,3.1722185254439434,0.4644279668192768,2.7343249387428727,0.953253353505808,2022-06-15,11:40:55,-19.85014,-43.98422,B4,,,,rede,,0.3,30,9.89,10.24,302.3,0.194,27.56,8.9,7.5,137.0,0.276,0.16,331.0,215.0,34.16,7.56,20.456,0.347,4674,697.5,130,61.6
2861,-19.8506530555556,-43.9839978333333,848.515,89.9,2022-06-15, _Campo20220615-Pampulha_0000SET_000_DJI_9581.TIF,0.066135596884288,0.1808362118993541,0.1897042493837419,0.0836943931239899,0.1611086857381631,0000SET_000_DJI_9581.T,-0.6833180766263068,5.906811424424636,-0.1157847277647375,-0.3877482905086261,-0.0815122841341128,0.8492623979775251,0.4411835443637811,0.5110719575085274,3.1722185254439434,0.4644279668192768,2.7343249387428727,0.953253353505808,2022-06-15,11:39:10,-19.85097,-43.98486,B5,,,,rede,,0.3,30,6.57,9.48,298.8,0.219,27.17,8.78,7.44,134.6,0.31,0.16,325.4,212.0,31.54,7.62,20.719,0.359,4674,697.5,131,96.814
2890,-19.8507081111111,-43.9838597222222,848.459,89.9,2022-06-15, _Campo20220615-Pampulha_0000SET_000_DJI_9591.TIF,0.0669528266159873,0.1830334150961386,0.1841001193136177,0.0840564019321068,0.1608412851524679,0000SET_000_DJI_9591.T,-0.6400322729928772,5.904074786088197,-0.093040456954162,-0.3730795615812606,-0.0674283627886039,0.8736620364621928,0.4565798340897068,0.488815227187646,3.039115403264022,0.4643479084493979,2.733766807874144,0.9942058472234776,2022-06-15,11:40:55,-19.85014,-43.98422,B4,,,,rede,,0.3,30,9.89,10.24,302.3,0.194,27.56,8.9,7.5,137.0,0.276,0.16,331.0,215.0,34.16,7.56,20.456,0.347,4674,697.5,130,73.556
2920,-19.850771,-43.98372475,848.275,89.9,2022-06-15, _Campo20220615-Pampulha_0000SET_000_DJI_9601.TIF,0.0671252737414682,0.176351619863297,0.1836359119056016,0.0798283657285037,0.16127200317995,0000SET_000_DJI_9601.T,-0.6606723445718803,5.753365762164592,-0.0918522837816176,-0.3940099474178585,-0.0648402305296601,0.8782160390438891,0.4347099916357299,0.3823183253766609,2.3706428756271087,0.4486107264828808,2.6272015000268323,0.960332965558234,2022-06-15,11:40:55,-19.85014,-43.98422,B4,,,,rede,,0.3,30,9.89,10.24,302.3,0.194,27.56,8.9,7.5,137.0,0.276,0.16,331.0,215.0,34.16,7.56,20.456,0.347,4674,697.5,130,87.212
