,lat_d,long_d,Altitude,Gimbal Degree,DateTime,Image Index,Blue,Green,Red,Near-IR,RedEdge,Image,R^2/NIR,R^2/RE,R^2/B,R/B,MLR,KIVU,Kab 1(Rs),SABI,NDCI,NDVI,2BDA_1,2BDA_2,3BDA_1,3BDA_MOD,B3B1,GB1,GR,date,time,lat_p,long_p,spot,northing,easting,alt,obs,medicao,secchi_m,secchi_cm,chl_rfu,pc_rfu,cond_uscm,depth_m,fdom_qsu,fdom_rfu,od_mgl,orp_mv,press_psi,sal_psu,cond_uscm.1,sdt_mgl,turb_fnu,ph,temp_c,vertical_position_m,epsg,press_mmhg,id,Distance
59,-19.8495777777778,-43.9916526666667,840.023,89.9,2022-06-15, _Campo20220615-Pampulha_0000SET_000_DJI_8641.TIF,0.0778560568765987,0.1845739334787853,0.191664821984792,0.0878681655388041,0.1695915535136116,0000SET_000_DJI_8641.T,8242186673.823338,1084720.9843949385,65022919888162.72,inf,1.6687379938409208e+19,-0.6166025882591614,5.341315161148683,-0.0841110745051991,-0.3713216724993008,-0.061101394932414,0.88483401261327,0.4584470151010609,0.2482023041021457,1.463529869028676,0.4066527474915071,2.3707074424708368,0.9630037039005032,2022-06-15,12:09:47,-19.84977,-43.99191,A3,,,,não mensurado,,,0,,,,,,,,,,,,,,,,,4674,,149,34.369
60,-19.8493244722222,-43.99186375,840.176,90.0,2022-06-15, _Campo20220615-Pampulha_0000SET_000_DJI_8651.TIF,0.0742159656715861,0.1842428952647494,0.1930245685818686,0.086870912532311,0.165287193052004,0000SET_000_DJI_8651.T,14883066720.242992,1908374.6700518809,497614151249310.9,inf,6.411359561668312e+18,-0.6448476764303961,5.523186197989987,-0.10731833851383,-0.3792617716691668,-0.0774112895523842,0.8563013209476483,0.4500510643310463,0.3244350779344375,1.962856721950388,0.4257038400407774,2.482523721109346,0.9545048934359124,2022-06-15,12:13:36,-19.84865,-43.99236,A2,,,,,,0.3,30,12.13,5.53,347.5,0.158,34.13,11.04,4.81,156.7,0.225,0.19,385.5,251.0,22.49,7.04,19.837,0.262,4674,697.2,120,91.206
89,-19.8493244722222,-43.99186375,840.176,90.0,2022-06-15, _Campo20220615-Pampulha_0000SET_000_DJI_8651.TIF,0.0742159656715861,0.1842428952647494,0.1930245685818686,0.086870912532311,0.165287193052004,0000SET_000_DJI_8651.T,14883066720.242992,1908374.6700518809,497614151249310.9,inf,6.411359561668312e+18,-0.6448476764303961,5.523186197989987,-0.10731833851383,-0.3792617716691668,-0.0774112895523842,0.8563013209476483,0.4500510643310463,0.3244350779344375,1.962856721950388,0.4257038400407774,2.482523721109346,0.9545048934359124,2022-06-15,12:09:47,-19.84977,-43.99191,A3,,,,não mensurado,,,0,,,,,,,,,,,,,,,,,4674,,149,49.776
90,-19.8490206944444,-43.9921163055556,840.469,89.9,2022-06-15, _Campo20220615-Pampulha_0000SET_000_DJI_8661.TIF,0.0747108305307248,0.1814028331109125,0.1964278437960536,0.085072418406841,0.1664087088547903,0000SET_000_DJI_8661.T,57184600472.81695,2885720.0632674363,1314924750210833.5,inf,3.4940692693975982e+19,-0.6709763633675399,5.438280262274313,-0.1172102046975012,-0.3955784073442598,-0.0827345941910945,0.8471747469140299,0.4330975525810367,0.2712876492167364,1.630249108257095,0.4165806738428242,2.428066075859117,0.923508753164642,2022-06-15,12:13:36,-19.84865,-43.99236,A2,,,,,,0.3,30,12.13,5.53,347.5,0.158,34.13,11.04,4.81,156.7,0.225,0.19,385.5,251.0,22.49,7.04,19.837,0.262,4674,697.2,120,48.463
119,-19.8490206944444,-43.9921163055556,840.469,89.9,2022-06-15, _Campo20220615-Pampulha_0000SET_000_DJI_8661.TIF,0.0747108305307248,0.1814028331109125,0.1964278437960536,0.085072418406841,0.1664087088547903,0000SET_000_DJI_8661.T,57184600472.81695,2885720.0632674363,1314924750210833.5,inf,3.4940692693975982e+19,-0.6709763633675399,5.438280262274313,-0.1172102046975012,-0.3955784073442598,-0.0827345941910945,0.8471747469140299,0.4330975525810367,0.2712876492167364,1.630249108257095,0.4165806738428242,2.428066075859117,0.923508753164642,2022-06-15,12:09:47,-19.84977,-43.99191,A3,,,,não mensurado,,,0,,,,,,,,,,,,,,,,,4674,,149,86.068
120,-19.8487194722222,-43.9923663055556,840.212,89.9,2022-06-15, _Campo20220615-Pampulha_0000SET_000_DJI_8671.TIF,0.0731603564252444,0.1767162132022305,0.1933913218910348,0.0835208225566912,0.1654661643409891,0000SET_000_DJI_8671.T,41780469015.03812,1984879.5093417496,923971802714166.8,inf,3.825572573606048e+19,-0.6803618258173091,5.421965878722964,-0.1117558064434674,-0.3967702447773444,-0.0778168454649162,0.8556028405153568,0.4318747177484547,0.2805549396192956,1.6955426551203183,0.4144280391369664,2.415464082420101,0.9137753001233436,2022-06-15,12:13:36,-19.84865,-43.99236,A2,,,,,,0.3,30,12.13,5.53,347.5,0.158,34.13,11.04,4.81,156.7,0.225,0.19,385.5,251.0,22.49,7.04,19.837,0.262,4674,697.2,120,7.753
363,-19.8474663333333,-43.9926246111111,849.774,89.9,2022-06-15, _Campo20220615-Pampulha_0000SET_000_DJI_8751.TIF,0.0843575563244474,0.1729159183686842,0.15545212250099,0.0832938836561689,0.164122507484914,0000SET_000_DJI_8751.T,7607080.320089146,12660.869158062676,243351823.79480177,inf,2.334758783760288e+17,-0.4111510776292885,4.778691777336826,0.0337010451398683,-0.3022385170176276,0.0271310178292514,1.0557752756567784,0.5358169596921293,-0.0248450022807426,-0.1513808353374468,0.3442187817841177,2.0497976222027185,1.1123419583259984,2022-06-15,12:15:40,-19.847638,-43.991933,P0,,,,,,0.3,30,16.39,8.21,336.2,0.19,33.09,10.7,4.74,155.9,0.27,0.18,372.2,242.0,28.44,7.1,19.934,0.359,4674,697.0,123,74.812
396,-19.8467175833333,-43.9928913888889,851.606,89.9,2022-06-15, _Campo20220615-Pampulha_0000SET_000_DJI_8761.TIF,0.0700339612848289,0.1771055104384965,0.1852298784902568,0.0851446924146491,0.1650502801998187,0000SET_000_DJI_8761.T,3610912065.925856,619380.6586952506,219808711690177.3,inf,6.474111766582714e+18,-0.6504366629824995,5.602357110913629,-0.0816526722733683,-0.3701723344049574,-0.0576098810903326,0.8910564620842228,0.4596704004161389,0.4182495394025667,2.5340734889768832,0.4332434167923408,2.5288518197365195,0.9561389981034424,2022-06-15,12:19:27,-19.84618,-43.9923,A0,,,,,,0.25,25,17.2,9.74,329.4,0.064,30.83,9.97,6.82,153.3,0.091,0.17,359.8,234.0,32.92,7.3,20.57,0.108,4674,697.0,126,86.018
426,-19.8463896944444,-43.9925185277778,851.035,90.0,2022-06-15, _Campo20220615-Pampulha_0000SET_000_DJI_8771.TIF,0.0741031654267508,0.1821530133186351,0.1900476022367788,0.0872001621336811,0.1689703588240457,0000SET_000_DJI_8771.T,6669547236.041925,903054.2346417469,185670532664982.2,inf,1.7074422574737617e+19,-0.6365222001966538,5.486057251734798,-0.082250673977603,-0.3709585912681064,-0.0587080472254205,0.889094925878238,0.4588332665467629,0.3424744621700353,2.02683159669836,0.4216477761468603,2.458100302053749,0.9584599393771468,2022-06-15,12:19:27,-19.84618,-43.9923,A0,,,,,,0.25,25,17.2,9.74,329.4,0.064,30.83,9.97,6.82,153.3,0.091,0.17,359.8,234.0,32.92,7.3,20.57,0.108,4674,697.0,126,32.651
456,-19.8462485,-43.9923386388889,851.191,90.0,2022-06-15, _Campo20220615-Pampulha_0000SET_000_DJI_8781.TIF,0.0734058857841632,0.1794593482965409,0.1967515870794704,0.0863982604600702,0.1672219341999595,0000SET_000_DJI_8781.T,42378443761.66002,2818680.8224149398,2744325422726143.5,inf,2.7442093379174875e+19,-0.687318339591255,5.466990736336069,-0.1167802010698167,-0.3897347202491072,-0.0811313217942587,0.8499140295748491,0.4391235757868263,0.3425672936335489,2.0485787063311687,0.4194070525271569,2.444754209821932,0.9121113123425788,2022-06-15,12:19:27,-19.84618,-43.9923,A0,,,,,,0.25,25,17.2,9.74,329.4,0.064,30.83,9.97,6.82,153.3,0.091,0.17,359.8,234.0,32.92,7.3,20.57,0.108,4674,697.0,126,8.623
486,-19.8461024444444,-43.9921661944444,851.612,90.0,2022-06-15, _Campo20220615-Pampulha_0000SET_000_DJI_8791.TIF,0.0734549907391558,0.1825150888855364,0.1915572005375669,0.0883732840784119,0.1753296449266217,0000SET_000_DJI_8791.T,7051732308.970577,678021.3861528602,420960335747135.75,inf,1.4853345424052168e+20,-0.6470818961849144,5.528177991576984,-0.0633962986406001,-0.3686055007574731,-0.0442304100339545,0.915286110021415,0.4613414887585013,0.4029324023072247,2.298141894235048,0.4260658054499432,2.484720058486716,0.9527968062455724,2022-06-15,12:19:27,-19.84618,-43.9923,A0,,,,,,0.25,25,17.2,9.74,329.4,0.064,30.83,9.97,6.82,153.3,0.091,0.17,359.8,234.0,32.92,7.3,20.57,0.108,4674,697.0,126,16.439
1055,-19.84912275,-43.9868888055556,849.119,89.9,2022-06-15, _Campo20220615-Pampulha_0000SET_000_DJI_8981.TIF,0.0763673120759771,0.1848034916890129,0.1923705771258151,0.0922157580417102,0.1717277354197436,0000SET_000_DJI_8981.T,3298022368.6582365,1009758.334844898,153548536871902.47,inf,5.338792423736287e+18,-0.627711435480062,5.422082862975883,-0.0790396223792556,-0.3519312303774091,-0.0566957906554112,0.8926923128552524,0.4793651888947592,0.3864688375705471,2.250474197577491,0.415192579146826,2.4199292428304098,0.960664018636004,2022-06-15,11:48:14,-19.849626,-43.986118,P2,,,,"coleta, sedimento, ponto Ramon",,0.2,20,20.43,9.22,324.3,0.255,28.19,9.11,6.26,150.8,0.363,0.17,361.6,235.0,52.66,7.36,19.594,0.281,4674,697.3,125,98.136
1085,-19.8493644166667,-43.9866101666667,849.037,89.9,2022-06-15, _Campo20220615-Pampulha_0000SET_000_DJI_8991.TIF,0.0754391482686289,0.1834945338361267,0.1982005066140781,0.0911838330601172,0.1714643212671867,0000SET_000_DJI_8991.T,16529370584.342224,2417952.995108086,1755509992967658.5,inf,1.587781946403342e+19,-0.6690191570234106,5.443393874661795,-0.1032549536605858,-0.3698081025201506,-0.0723254779204446,0.8651053632322434,0.4600585266800748,0.3924579348323277,2.288860632532261,0.4173091144001202,2.4323516111651577,0.9258025469804384,2022-06-15,11:48:14,-19.849626,-43.986118,P2,,,,"coleta, sedimento, ponto Ramon",,0.2,20,20.43,9.22,324.3,0.255,28.19,9.11,6.26,150.8,0.363,0.17,361.6,235.0,52.66,7.36,19.594,0.281,4674,697.3,125,59.125
1115,-19.8495788055556,-43.9863127222222,849.307,89.9,2022-06-15, _Campo20220615-Pampulha_0000SET_000_DJI_9001.TIF,0.0772413071549807,0.1822034648880464,0.1937486198406765,0.0937650569420984,0.1780498228406716,0000SET_000_DJI_9001.T,3130230672.9039545,748666.1216493275,168807711707512.34,inf,3.561517118577305e+19,-0.639435220165999,5.323688110672176,-0.0605092053942076,-0.3477523713562978,-0.04222394501383,0.9189733737824076,0.4839521283774993,0.4062183328471674,2.2814868690471712,0.4045645510854944,2.3588863472036348,0.940411678998674,2022-06-15,11:48:14,-19.849626,-43.986118,P2,,,,"coleta, sedimento, ponto Ramon",,0.2,20,20.43,9.22,324.3,0.255,28.19,9.11,6.26,150.8,0.363,0.17,361.6,235.0,52.66,7.36,19.594,0.281,4674,697.3,125,21.031
1145,-19.8497888333333,-43.9860052222222,849.101,90.0,2022-06-15, _Campo20220615-Pampulha_0000SET_000_DJI_9011.TIF,0.0742026210338026,0.1810668663903746,0.1941856944289365,0.0913809326837231,0.1731280061249019,0000SET_000_DJI_9011.T,6128083382.741064,1171047.8051017227,753209511190914.5,inf,1.858078003148807e+19,-0.6626451088873107,5.458165875750012,-0.0824919911757544,-0.3600027173506365,-0.0573288942728889,0.8915590133147486,0.4705852969883142,0.4386043882435133,2.533410960252644,0.4186330549526171,2.440168067754515,0.9324418409031524,2022-06-15,11:48:14,-19.849626,-43.986118,P2,,,,"coleta, sedimento, ponto Ramon",,0.2,20,20.43,9.22,324.3,0.255,28.19,9.11,6.26,150.8,0.363,0.17,361.6,235.0,52.66,7.36,19.594,0.281,4674,697.3,125,21.609
1175,-19.8499075,-43.9858076944444,849.064,90.0,2022-06-15, _Campo20220615-Pampulha_0000SET_000_DJI_9021.TIF,0.0756345304904246,0.1789978011915256,0.2005457109349512,0.092858881460285,0.1775902664658489,0000SET_000_DJI_9021.T,18740895736.471317,2041587.5015886168,3689593736546737.0,inf,1.0513981078479897e+20,-0.6978363958274161,5.3394158076781455,-0.09015133434734,-0.3670250305066957,-0.0607068510827547,0.88553510138869,0.463031001896643,0.4355303876171682,2.452445149638434,0.4059314464048792,2.366614825673928,0.8925536245927751,2022-06-15,11:48:14,-19.849626,-43.986118,P2,,,,"coleta, sedimento, ponto Ramon",,0.2,20,20.43,9.22,324.3,0.255,28.19,9.11,6.26,150.8,0.363,0.17,361.6,235.0,52.66,7.36,19.594,0.281,4674,697.3,125,45.089
1205,-19.8500220277778,-43.9856040833333,848.958,89.9,2022-06-15, _Campo20220615-Pampulha_0000SET_000_DJI_9031.TIF,0.0755269167810162,0.1782991590424561,0.2012579200651466,0.0911863442387454,0.1736334333278111,0000SET_000_DJI_9031.T,34327998049.10441,3159969.274873872,5012805975274849.0,inf,5.320455071237535e+19,-0.7051687958561357,5.33024318099446,-0.1088323437523709,-0.3763847996417562,-0.0736866467773124,0.8627408713734419,0.4530820163958201,0.3948004794713455,2.2737584110658133,0.4048923733624383,2.360736630616329,0.8859236892875629,2022-06-15,11:48:14,-19.849626,-43.986118,P2,,,,"coleta, sedimento, ponto Ramon",,0.2,20,20.43,9.22,324.3,0.255,28.19,9.11,6.26,150.8,0.363,0.17,361.6,235.0,52.66,7.36,19.594,0.281,4674,697.3,125,69.485
1234,-19.8502345277778,-43.98522525,839.304,90.0,2022-06-15, _Campo20220615-Pampulha_0000SET_000_DJI_9041.TIF,0.0753633852832646,0.1772865120400398,0.2021053285361914,0.0914434925378354,0.1738265947557836,0000SET_000_DJI_9041.T,39326010410.65218,3525730.3873637,7360828371677854.0,inf,5.610099485784734e+19,-0.7148989609785001,5.317253708633823,-0.1119285385824669,-0.3769793235533023,-0.0752230178612539,0.8600792270781527,0.4524546344232603,0.4055944094776404,2.333327705392131,0.4034164582554684,2.352422351698797,0.877198603936327,2022-06-15,11:44:37,-19.85076,-43.98491,B2,,,,rede,,0.3,30,17.58,8.69,333.2,0.203,29.35,9.48,5.05,141.3,0.288,0.18,371.1,241.0,37.25,7.22,19.658,0.365,4674,697.5,124,67.091
1241,-19.8502345277778,-43.98522525,839.304,90.0,2022-06-15, _Campo20220615-Pampulha_0000SET_000_DJI_9041.TIF,0.0753633852832646,0.1772865120400398,0.2021053285361914,0.0914434925378354,0.1738265947557836,0000SET_000_DJI_9041.T,39326010410.65218,3525730.3873637,7360828371677854.0,inf,5.610099485784734e+19,-0.7148989609785001,5.317253708633823,-0.1119285385824669,-0.3769793235533023,-0.0752230178612539,0.8600792270781527,0.4524546344232603,0.4055944094776404,2.333327705392131,0.4034164582554684,2.352422351698797,0.877198603936327,2022-06-15,11:39:10,-19.85097,-43.98486,B5,,,,rede,,0.3,30,6.57,9.48,298.8,0.219,27.17,8.78,7.44,134.6,0.31,0.16,325.4,212.0,31.54,7.62,20.719,0.359,4674,697.5,131,90.263
1264,-19.8503660833333,-43.9849882222222,839.062,90.0,2022-06-15, _Campo20220615-Pampulha_0000SET_000_DJI_9051.TIF,0.0811911259571749,0.1732202239406347,0.1651009047890535,0.0991811729098442,0.1876931576717354,0000SET_000_DJI_9051.T,3300705.422566329,11127.851005540782,6737795012.761208,inf,4.09031859881417e+18,-0.4844109822917434,4.936076378712784,0.0888020636333897,-0.2494294446796089,0.0640380757122092,1.136839061612337,0.6007306443084987,0.419317447466752,2.234058250541633,0.3617334604781803,2.1334871502090205,1.049177920387263,2022-06-15,11:44:37,-19.85076,-43.98491,B2,,,,rede,,0.3,30,17.58,8.69,333.2,0.203,29.35,9.48,5.05,141.3,0.288,0.18,371.1,241.0,37.25,7.22,19.658,0.365,4674,697.5,124,44.559
1267,-19.8503660833333,-43.9849882222222,839.062,90.0,2022-06-15, _Campo20220615-Pampulha_0000SET_000_DJI_9051.TIF,0.0811911259571749,0.1732202239406347,0.1651009047890535,0.0991811729098442,0.1876931576717354,0000SET_000_DJI_9051.T,3300705.422566329,11127.851005540782,6737795012.761208,inf,4.09031859881417e+18,-0.4844109822917434,4.936076378712784,0.0888020636333897,-0.2494294446796089,0.0640380757122092,1.136839061612337,0.6007306443084987,0.419317447466752,2.234058250541633,0.3617334604781803,2.1334871502090205,1.049177920387263,2022-06-15,11:46:29,-19.85122,-43.98524,B3,,,,rede,,0.3,30,14.2,9.61,320.0,0.201,27.63,8.93,6.1,139.3,0.285,0.17,352.6,229.0,40.5,7.35,20.157,0.37,4674,697.5,127,98.535
1270,-19.8503660833333,-43.9849882222222,839.062,90.0,2022-06-15, _Campo20220615-Pampulha_0000SET_000_DJI_9051.TIF,0.0811911259571749,0.1732202239406347,0.1651009047890535,0.0991811729098442,0.1876931576717354,0000SET_000_DJI_9051.T,3300705.422566329,11127.851005540782,6737795012.761208,inf,4.09031859881417e+18,-0.4844109822917434,4.936076378712784,0.0888020636333897,-0.2494294446796089,0.0640380757122092,1.136839061612337,0.6007306443084987,0.419317447466752,2.234058250541633,0.3617334604781803,2.1334871502090205,1.049177920387263,2022-06-15,11:40:55,-19.85014,-43.98422,B4,,,,rede,,0.3,30,9.89,10.24,302.3,0.194,27.56,8.9,7.5,137.0,0.276,0.16,331.0,215.0,34.16,7.56,20.456,0.347,4674,697.5,130,84.188
1271,-19.8503660833333,-43.9849882222222,839.062,90.0,2022-06-15, _Campo20220615-Pampulha_0000SET_000_DJI_9051.TIF,0.0811911259571749,0.1732202239406347,0.1651009047890535,0.0991811729098442,0.1876931576717354,0000SET_000_DJI_9051.T,3300705.422566329,11127.851005540782,6737795012.761208,inf,4.09031859881417e+18,-0.4844109822917434,4.936076378712784,0.0888020636333897,-0.2494294446796089,0.0640380757122092,1.136839061612337,0.6007306443084987,0.419317447466752,2.234058250541633,0.3617334604781803,2.1334871502090205,1.049177920387263,2022-06-15,11:39:10,-19.85097,-43.98486,B5,,,,rede,,0.3,30,6.57,9.48,298.8,0.219,27.17,8.78,7.44,134.6,0.31,0.16,325.4,212.0,31.54,7.62,20.719,0.359,4674,697.5,131,68.478
1272,-19.8503660833333,-43.9849882222222,839.062,90.0,2022-06-15, _Campo20220615-Pampulha_0000SET_000_DJI_9051.TIF,0.0811911259571749,0.1732202239406347,0.1651009047890535,0.0991811729098442,0.1876931576717354,0000SET_000_DJI_9051.T,3300705.422566329,11127.851005540782,6737795012.761208,inf,4.09031859881417e+18,-0.4844109822917434,4.936076378712784,0.0888020636333897,-0.2494294446796089,0.0640380757122092,1.136839061612337,0.6007306443084987,0.419317447466752,2.234058250541633,0.3617334604781803,2.1334871502090205,1.049177920387263,2022-06-15,11:36:58,-19.85121,-43.98505,B6,,,,rede,,0.3,30,6.26,10.52,299.9,0.13,26.13,8.44,8.19,132.4,0.185,0.15,323.9,211.0,33.32,7.74,21.109,0.34,4674,697.5,132,94.061
1294,-19.8504426666667,-43.9848460555556,839.192,90.0,2022-06-15, _Campo20220615-Pampulha_0000SET_000_DJI_9061.TIF,0.0710844732302923,0.1720011214596508,0.1946315789381439,0.0889346800513157,0.1679569990580155,0000SET_000_DJI_9061.T,12669885208.289623,1923853.588587616,3989295722854866.5,inf,9.078176833438112e+18,-0.718292442859648,5.433151014401216,-0.1097332810451065,-0.3727414511990901,-0.0735670716037032,0.8629483456607734,0.4569385941198172,0.4742370302390732,2.823562179003108,0.4151486160999305,2.4196721681037,0.8837266922358714,2022-06-15,11:44:37,-19.85076,-43.98491,B2,,,,rede,,0.3,30,17.58,8.69,333.2,0.203,29.35,9.48,5.05,141.3,0.288,0.18,371.1,241.0,37.25,7.22,19.658,0.365,4674,697.5,124,35.914
1297,-19.8504426666667,-43.9848460555556,839.192,90.0,2022-06-15, _Campo20220615-Pampulha_0000SET_000_DJI_9061.TIF,0.0710844732302923,0.1720011214596508,0.1946315789381439,0.0889346800513157,0.1679569990580155,0000SET_000_DJI_9061.T,12669885208.289623,1923853.588587616,3989295722854866.5,inf,9.078176833438112e+18,-0.718292442859648,5.433151014401216,-0.1097332810451065,-0.3727414511990901,-0.0735670716037032,0.8629483456607734,0.4569385941198172,0.4742370302390732,2.823562179003108,0.4151486160999305,2.4196721681037,0.8837266922358714,2022-06-15,11:46:29,-19.85122,-43.98524,B3,,,,rede,,0.3,30,14.2,9.61,320.0,0.201,27.63,8.93,6.1,139.3,0.285,0.17,352.6,229.0,40.5,7.35,20.157,0.37,4674,697.5,127,95.753
1300,-19.8504426666667,-43.9848460555556,839.192,90.0,2022-06-15, _Campo20220615-Pampulha_0000SET_000_DJI_9061.TIF,0.0710844732302923,0.1720011214596508,0.1946315789381439,0.0889346800513157,0.1679569990580155,0000SET_000_DJI_9061.T,12669885208.289623,1923853.588587616,3989295722854866.5,inf,9.078176833438112e+18,-0.718292442859648,5.433151014401216,-0.1097332810451065,-0.3727414511990901,-0.0735670716037032,0.8629483456607734,0.4569385941198172,0.4742370302390732,2.823562179003108,0.4151486160999305,2.4196721681037,0.8837266922358714,2022-06-15,11:40:55,-19.85014,-43.98422,B4,,,,rede,,0.3,30,9.89,10.24,302.3,0.194,27.56,8.9,7.5,137.0,0.276,0.16,331.0,215.0,34.16,7.56,20.456,0.347,4674,697.5,130,73.621
1301,-19.8504426666667,-43.9848460555556,839.192,90.0,2022-06-15, _Campo20220615-Pampulha_0000SET_000_DJI_9061.TIF,0.0710844732302923,0.1720011214596508,0.1946315789381439,0.0889346800513157,0.1679569990580155,0000SET_000_DJI_9061.T,12669885208.289623,1923853.588587616,3989295722854866.5,inf,9.078176833438112e+18,-0.718292442859648,5.433151014401216,-0.1097332810451065,-0.3727414511990901,-0.0735670716037032,0.8629483456607734,0.4569385941198172,0.4742370302390732,2.823562179003108,0.4151486160999305,2.4196721681037,0.8837266922358714,2022-06-15,11:39:10,-19.85097,-43.98486,B5,,,,rede,,0.3,30,6.57,9.48,298.8,0.219,27.17,8.78,7.44,134.6,0.31,0.16,325.4,212.0,31.54,7.62,20.719,0.359,4674,697.5,131,58.655
1302,-19.8504426666667,-43.9848460555556,839.192,90.0,2022-06-15, _Campo20220615-Pampulha_0000SET_000_DJI_9061.TIF,0.0710844732302923,0.1720011214596508,0.1946315789381439,0.0889346800513157,0.1679569990580155,0000SET_000_DJI_9061.T,12669885208.289623,1923853.588587616,3989295722854866.5,inf,9.078176833438112e+18,-0.718292442859648,5.433151014401216,-0.1097332810451065,-0.3727414511990901,-0.0735670716037032,0.8629483456607734,0.4569385941198172,0.4742370302390732,2.823562179003108,0.4151486160999305,2.4196721681037,0.8837266922358714,2022-06-15,11:36:58,-19.85121,-43.98505,B6,,,,rede,,0.3,30,6.26,10.52,299.9,0.13,26.13,8.44,8.19,132.4,0.185,0.15,323.9,211.0,33.32,7.74,21.109,0.34,4674,697.5,132,87.949
1324,-19.8505309722222,-43.9846769722222,839.298,90.0,2022-06-15, _Campo20220615-Pampulha_0000SET_000_DJI_9071.TIF,0.0738194302508323,0.1853509586970183,0.1947559133104374,0.1152949295209692,0.1553616825668843,0000SET_000_DJI_9071.T,63518920.2156515,6343344.304744966,1101778146623153.6,inf,138329834666.35922,-0.6524729297855559,5.566959410812993,-0.1520012795577502,-0.2562837212884983,-0.1125171405477047,0.7977251110175052,0.5919970673095362,0.757102432522904,4.873160614728578,0.4303405527883356,2.51086953756228,0.9517090164115952,2022-06-15,11:44:37,-19.85076,-43.98491,B2,,,,rede,,0.3,30,17.58,8.69,333.2,0.203,29.35,9.48,5.05,141.3,0.288,0.18,371.1,241.0,37.25,7.22,19.658,0.365,4674,697.5,124,35.25
1327,-19.8505309722222,-43.9846769722222,839.298,90.0,2022-06-15, _Campo20220615-Pampulha_0000SET_000_DJI_9071.TIF,0.0738194302508323,0.1853509586970183,0.1947559133104374,0.1152949295209692,0.1553616825668843,0000SET_000_DJI_9071.T,63518920.2156515,6343344.304744966,1101778146623153.6,inf,138329834666.35922,-0.6524729297855559,5.566959410812993,-0.1520012795577502,-0.2562837212884983,-0.1125171405477047,0.7977251110175052,0.5919970673095362,0.757102432522904,4.873160614728578,0.4303405527883356,2.51086953756228,0.9517090164115952,2022-06-15,11:46:29,-19.85122,-43.98524,B3,,,,rede,,0.3,30,14.2,9.61,320.0,0.201,27.63,8.93,6.1,139.3,0.285,0.17,352.6,229.0,40.5,7.35,20.157,0.37,4674,697.5,127,96.631
1330,-19.8505309722222,-43.9846769722222,839.298,90.0,2022-06-15, _Campo20220615-Pampulha_0000SET_000_DJI_9071.TIF,0.0738194302508323,0.1853509586970183,0.1947559133104374,0.1152949295209692,0.1553616825668843,0000SET_000_DJI_9071.T,63518920.2156515,6343344.304744966,1101778146623153.6,inf,138329834666.35922,-0.6524729297855559,5.566959410812993,-0.1520012795577502,-0.2562837212884983,-0.1125171405477047,0.7977251110175052,0.5919970673095362,0.757102432522904,4.873160614728578,0.4303405527883356,2.51086953756228,0.9517090164115952,2022-06-15,11:40:55,-19.85014,-43.98422,B4,,,,rede,,0.3,30,9.89,10.24,302.3,0.194,27.56,8.9,7.5,137.0,0.276,0.16,331.0,215.0,34.16,7.56,20.456,0.347,4674,697.5,130,64.608
1331,-19.8505309722222,-43.9846769722222,839.298,90.0,2022-06-15, _Campo20220615-Pampulha_0000SET_000_DJI_9071.TIF,0.0738194302508323,0.1853509586970183,0.1947559133104374,0.1152949295209692,0.1553616825668843,0000SET_000_DJI_9071.T,63518920.2156515,6343344.304744966,1101778146623153.6,inf,138329834666.35922,-0.6524729297855559,5.566959410812993,-0.1520012795577502,-0.2562837212884983,-0.1125171405477047,0.7977251110175052,0.5919970673095362,0.757102432522904,4.873160614728578,0.4303405527883356,2.51086953756228,0.9517090164115952,2022-06-15,11:39:10,-19.85097,-43.98486,B5,,,,rede,,0.3,30,6.57,9.48,298.8,0.219,27.17,8.78,7.44,134.6,0.31,0.16,325.4,212.0,31.54,7.62,20.719,0.359,4674,697.5,131,52.437
1332,-19.8505309722222,-43.9846769722222,839.298,90.0,2022-06-15, _Campo20220615-Pampulha_0000SET_000_DJI_9071.TIF,0.0738194302508323,0.1853509586970183,0.1947559133104374,0.1152949295209692,0.1553616825668843,0000SET_000_DJI_9071.T,63518920.2156515,6343344.304744966,1101778146623153.6,inf,138329834666.35922,-0.6524729297855559,5.566959410812993,-0.1520012795577502,-0.2562837212884983,-0.1125171405477047,0.7977251110175052,0.5919970673095362,0.757102432522904,4.873160614728578,0.4303405527883356,2.51086953756228,0.9517090164115952,2022-06-15,11:36:58,-19.85121,-43.98505,B6,,,,rede,,0.3,30,6.26,10.52,299.9,0.13,26.13,8.44,8.19,132.4,0.185,0.15,323.9,211.0,33.32,7.74,21.109,0.34,4674,697.5,132,84.988
1354,-19.8506076944444,-43.9845264722222,839.401,89.9,2022-06-15, _Campo20220615-Pampulha_0000SET_000_DJI_9081.TIF,0.0721889865929195,0.1758252807900783,0.1877780742984285,0.0865015888620128,0.1692520813531183,0000SET_000_DJI_9081.T,4659239639.444457,637734.8811558305,199230944979667.47,inf,2.220229851921743e+19,-0.6574088048436753,5.455523263577061,-0.0746972871391357,-0.3692453325537792,-0.0518891546051676,0.9013410217645136,0.4606586215414007,0.3879337737404834,2.2920472861489927,0.4178642434191809,2.435624727378064,0.936346170589895,2022-06-15,11:44:37,-19.85076,-43.98491,B2,,,,rede,,0.3,30,17.58,8.69,333.2,0.203,29.35,9.48,5.05,141.3,0.288,0.18,371.1,241.0,37.25,7.22,19.658,0.365,4674,697.5,124,43.541
1360,-19.8506076944444,-43.9845264722222,839.401,89.9,2022-06-15, _Campo20220615-Pampulha_0000SET_000_DJI_9081.TIF,0.0721889865929195,0.1758252807900783,0.1877780742984285,0.0865015888620128,0.1692520813531183,0000SET_000_DJI_9081.T,4659239639.444457,637734.8811558305,199230944979667.47,inf,2.220229851921743e+19,-0.6574088048436753,5.455523263577061,-0.0746972871391357,-0.3692453325537792,-0.0518891546051676,0.9013410217645136,0.4606586215414007,0.3879337737404834,2.2920472861489927,0.4178642434191809,2.435624727378064,0.936346170589895,2022-06-15,11:40:55,-19.85014,-43.98422,B4,,,,rede,,0.3,30,9.89,10.24,302.3,0.194,27.56,8.9,7.5,137.0,0.276,0.16,331.0,215.0,34.16,7.56,20.456,0.347,4674,697.5,130,61.09
1361,-19.8506076944444,-43.9845264722222,839.401,89.9,2022-06-15, _Campo20220615-Pampulha_0000SET_000_DJI_9081.TIF,0.0721889865929195,0.1758252807900783,0.1877780742984285,0.0865015888620128,0.1692520813531183,0000SET_000_DJI_9081.T,4659239639.444457,637734.8811558305,199230944979667.47,inf,2.220229851921743e+19,-0.6574088048436753,5.455523263577061,-0.0746972871391357,-0.3692453325537792,-0.0518891546051676,0.9013410217645136,0.4606586215414007,0.3879337737404834,2.2920472861489927,0.4178642434191809,2.435624727378064,0.936346170589895,2022-06-15,11:39:10,-19.85097,-43.98486,B5,,,,rede,,0.3,30,6.57,9.48,298.8,0.219,27.17,8.78,7.44,134.6,0.31,0.16,325.4,212.0,31.54,7.62,20.719,0.359,4674,697.5,131,53.29
1362,-19.8506076944444,-43.9845264722222,839.401,89.9,2022-06-15, _Campo20220615-Pampulha_0000SET_000_DJI_9081.TIF,0.0721889865929195,0.1758252807900783,0.1877780742984285,0.0865015888620128,0.1692520813531183,0000SET_000_DJI_9081.T,4659239639.444457,637734.8811558305,199230944979667.47,inf,2.220229851921743e+19,-0.6574088048436753,5.455523263577061,-0.0746972871391357,-0.3692453325537792,-0.0518891546051676,0.9013410217645136,0.4606586215414007,0.3879337737404834,2.2920472861489927,0.4178642434191809,2.435624727378064,0.936346170589895,2022-06-15,11:36:58,-19.85121,-43.98505,B6,,,,rede,,0.3,30,6.26,10.52,299.9,0.13,26.13,8.44,8.19,132.4,0.185,0.15,323.9,211.0,33.32,7.74,21.109,0.34,4674,697.5,132,86.507
1384,-19.8506977222222,-43.9843505833333,839.632,90.0,2022-06-15, _Campo20220615-Pampulha_0000SET_000_DJI_9091.TIF,0.0726535105044454,0.1758973518051357,0.1894032818686316,0.0864564106250062,0.1691300889933835,0000SET_000_DJI_9091.T,6942832270.011207,812479.1403076267,285057828786106.5,inf,2.557108260999443e+19,-0.6637380845478847,5.431800363535842,-0.0815655704706304,-0.3731856231442717,-0.0565447864072056,0.8929628215771394,0.4564673313579201,0.3716528076726769,2.197437545765238,0.4153831547447842,2.4210440842273293,0.9286922067545614,2022-06-15,11:44:37,-19.85076,-43.98491,B2,,,,rede,,0.3,30,17.58,8.69,333.2,0.203,29.35,9.48,5.05,141.3,0.288,0.18,371.1,241.0,37.25,7.22,19.658,0.365,4674,697.5,124,58.917
1390,-19.8506977222222,-43.9843505833333,839.632,90.0,2022-06-15, _Campo20220615-Pampulha_0000SET_000_DJI_9091.TIF,0.0726535105044454,0.1758973518051357,0.1894032818686316,0.0864564106250062,0.1691300889933835,0000SET_000_DJI_9091.T,6942832270.011207,812479.1403076267,285057828786106.5,inf,2.557108260999443e+19,-0.6637380845478847,5.431800363535842,-0.0815655704706304,-0.3731856231442717,-0.0565447864072056,0.8929628215771394,0.4564673313579201,0.3716528076726769,2.197437545765238,0.4153831547447842,2.4210440842273293,0.9286922067545614,2022-06-15,11:40:55,-19.85014,-43.98422,B4,,,,rede,,0.3,30,9.89,10.24,302.3,0.194,27.56,8.9,7.5,137.0,0.276,0.16,331.0,215.0,34.16,7.56,20.456,0.347,4674,697.5,130,63.502
1391,-19.8506977222222,-43.9843505833333,839.632,90.0,2022-06-15, _Campo20220615-Pampulha_0000SET_000_DJI_9091.TIF,0.0726535105044454,0.1758973518051357,0.1894032818686316,0.0864564106250062,0.1691300889933835,0000SET_000_DJI_9091.T,6942832270.011207,812479.1403076267,285057828786106.5,inf,2.557108260999443e+19,-0.6637380845478847,5.431800363535842,-0.0815655704706304,-0.3731856231442717,-0.0565447864072056,0.8929628215771394,0.4564673313579201,0.3716528076726769,2.197437545765238,0.4153831547447842,2.4210440842273293,0.9286922067545614,2022-06-15,11:39:10,-19.85097,-43.98486,B5,,,,rede,,0.3,30,6.57,9.48,298.8,0.219,27.17,8.78,7.44,134.6,0.31,0.16,325.4,212.0,31.54,7.62,20.719,0.359,4674,697.5,131,61.28
1392,-19.8506977222222,-43.9843505833333,839.632,90.0,2022-06-15, _Campo20220615-Pampulha_0000SET_000_DJI_9091.TIF,0.0726535105044454,0.1758973518051357,0.1894032818686316,0.0864564106250062,0.1691300889933835,0000SET_000_DJI_9091.T,6942832270.011207,812479.1403076267,285057828786106.5,inf,2.557108260999443e+19,-0.6637380845478847,5.431800363535842,-0.0815655704706304,-0.3731856231442717,-0.0565447864072056,0.8929628215771394,0.4564673313579201,0.3716528076726769,2.197437545765238,0.4153831547447842,2.4210440842273293,0.9286922067545614,2022-06-15,11:36:58,-19.85121,-43.98505,B6,,,,rede,,0.3,30,6.26,10.52,299.9,0.13,26.13,8.44,8.19,132.4,0.185,0.15,323.9,211.0,33.32,7.74,21.109,0.34,4674,697.5,132,92.713
1414,-19.8507623611111,-43.9842119166667,839.776,89.9,2022-06-15, _Campo20220615-Pampulha_0000SET_000_DJI_9101.TIF,0.0721510090700107,0.1763296554782182,0.1894297650255302,0.0866635981890266,0.1695902074735267,0000SET_000_DJI_9101.T,6618417980.697357,786007.1453068054,362807484266307.3,inf,2.834278288799368e+19,-0.6651107871642544,5.468424416961638,-0.0798434662434377,-0.3722152739928133,-0.0552603171737349,0.8952669473599906,0.4574972585609584,0.3936103822564405,2.32094994233605,0.4192625876851151,2.4438972891857857,0.9308445029980033,2022-06-15,11:44:37,-19.85076,-43.98491,B2,,,,rede,,0.3,30,17.58,8.69,333.2,0.203,29.35,9.48,5.05,141.3,0.288,0.18,371.1,241.0,37.25,7.22,19.658,0.365,4674,697.5,124,73.011
1420,-19.8507623611111,-43.9842119166667,839.776,89.9,2022-06-15, _Campo20220615-Pampulha_0000SET_000_DJI_9101.TIF,0.0721510090700107,0.1763296554782182,0.1894297650255302,0.0866635981890266,0.1695902074735267,0000SET_000_DJI_9101.T,6618417980.697357,786007.1453068054,362807484266307.3,inf,2.834278288799368e+19,-0.6651107871642544,5.468424416961638,-0.0798434662434377,-0.3722152739928133,-0.0552603171737349,0.8952669473599906,0.4574972585609584,0.3936103822564405,2.32094994233605,0.4192625876851151,2.4438972891857857,0.9308445029980033,2022-06-15,11:40:55,-19.85014,-43.98422,B4,,,,rede,,0.3,30,9.89,10.24,302.3,0.194,27.56,8.9,7.5,137.0,0.276,0.16,331.0,215.0,34.16,7.56,20.456,0.347,4674,697.5,130,69.209
1421,-19.8507623611111,-43.9842119166667,839.776,89.9,2022-06-15, _Campo20220615-Pampulha_0000SET_000_DJI_9101.TIF,0.0721510090700107,0.1763296554782182,0.1894297650255302,0.0866635981890266,0.1695902074735267,0000SET_000_DJI_9101.T,6618417980.697357,786007.1453068054,362807484266307.3,inf,2.834278288799368e+19,-0.6651107871642544,5.468424416961638,-0.0798434662434377,-0.3722152739928133,-0.0552603171737349,0.8952669473599906,0.4574972585609584,0.3936103822564405,2.32094994233605,0.4192625876851151,2.4438972891857857,0.9308445029980033,2022-06-15,11:39:10,-19.85097,-43.98486,B5,,,,rede,,0.3,30,6.57,9.48,298.8,0.219,27.17,8.78,7.44,134.6,0.31,0.16,325.4,212.0,31.54,7.62,20.719,0.359,4674,697.5,131,71.606
1444,-19.8508260555556,-43.9840737777778,839.886,90.0,2022-06-15, _Campo20220615-Pampulha_0000SET_000_DJI_9111.TIF,0.0729865337126072,0.1774197040876872,0.1915049570465523,0.087792460753569,0.1706798284188539,0000SET_000_DJI_9111.T,8091782086.959611,970144.7856986404,512953976345936.94,inf,3.1024696907875365e+19,-0.6680116165415823,5.446356075298581,-0.0831653748350589,-0.3713335307926296,-0.0574986290518475,0.8912554069154666,0.4584344035137839,0.394382687265032,2.310657861087158,0.4170549874974289,2.430855324439677,0.926449669104695,2022-06-15,11:44:37,-19.85076,-43.98491,B2,,,,rede,,0.3,30,17.58,8.69,333.2,0.203,29.35,9.48,5.05,141.3,0.288,0.18,371.1,241.0,37.25,7.22,19.658,0.365,4674,697.5,124,87.766
1450,-19.8508260555556,-43.9840737777778,839.886,90.0,2022-06-15, _Campo20220615-Pampulha_0000SET_000_DJI_9111.TIF,0.0729865337126072,0.1774197040876872,0.1915049570465523,0.087792460753569,0.1706798284188539,0000SET_000_DJI_9111.T,8091782086.959611,970144.7856986404,512953976345936.94,inf,3.1024696907875365e+19,-0.6680116165415823,5.446356075298581,-0.0831653748350589,-0.3713335307926296,-0.0574986290518475,0.8912554069154666,0.4584344035137839,0.394382687265032,2.310657861087158,0.4170549874974289,2.430855324439677,0.926449669104695,2022-06-15,11:40:55,-19.85014,-43.98422,B4,,,,rede,,0.3,30,9.89,10.24,302.3,0.194,27.56,8.9,7.5,137.0,0.276,0.16,331.0,215.0,34.16,7.56,20.456,0.347,4674,697.5,130,77.804
1451,-19.8508260555556,-43.9840737777778,839.886,90.0,2022-06-15, _Campo20220615-Pampulha_0000SET_000_DJI_9111.TIF,0.0729865337126072,0.1774197040876872,0.1915049570465523,0.087792460753569,0.1706798284188539,0000SET_000_DJI_9111.T,8091782086.959611,970144.7856986404,512953976345936.94,inf,3.1024696907875365e+19,-0.6680116165415823,5.446356075298581,-0.0831653748350589,-0.3713335307926296,-0.0574986290518475,0.8912554069154666,0.4584344035137839,0.394382687265032,2.310657861087158,0.4170549874974289,2.430855324439677,0.926449669104695,2022-06-15,11:39:10,-19.85097,-43.98486,B5,,,,rede,,0.3,30,6.57,9.48,298.8,0.219,27.17,8.78,7.44,134.6,0.31,0.16,325.4,212.0,31.54,7.62,20.719,0.359,4674,697.5,131,83.772
1483,-19.8514709444444,-43.983569,836.33,89.9,2022-06-15, _Campo20220615-Pampulha_0000SET_000_DJI_9121.TIF,0.0673865220558379,0.1785690432959518,0.1769933334476047,0.0773000286057947,0.1564482318794392,0000SET_000_DJI_9121.T,4093757457.894038,379386.30541552376,40680265496277.62,inf,4.134325951684568e+18,-0.6138063427383084,5.78529415589019,-0.0835317612706989,-0.3920405316001731,-0.0616152984647087,0.8839216078483122,0.4367397748835427,0.297745536915812,1.903156931458696,0.4520431203948965,2.6499222373872584,1.008902650838053,2022-06-15,11:34:09,-19.851933,-43.983601,P3,,,,,,0.4,40,4.6,9.96,289.0,0.236,27.46,8.87,7.31,136.8,0.335,0.15,313.3,204.0,24.25,7.68,20.942,0.263,4674,697.6,133,51.487
1513,-19.8518141111111,-43.9834405833333,836.644,90.0,2022-06-15, _Campo20220615-Pampulha_0000SET_000_DJI_9131.TIF,0.066572115644916,0.1771631418092687,0.1830988914327483,0.0798002107351575,0.1626712349108557,0000SET_000_DJI_9131.T,9213636779.141035,552363.8664433926,552956270009978.3,inf,3.0113450885210763e+19,-0.65773712634473,5.803323199437153,-0.0838108394134665,-0.3929213901674606,-0.059078720125153,0.8884337509525795,0.4358312063536873,0.4050528335408191,2.490008966630082,0.4537342168690579,2.6612214452403147,0.96758172822876,2022-06-15,11:34:09,-19.851933,-43.983601,P3,,,,,,0.4,40,4.6,9.96,289.0,0.236,27.46,8.87,7.31,136.8,0.335,0.15,313.3,204.0,24.25,7.68,20.942,0.263,4674,697.6,133,21.36
1543,-19.8520639166667,-43.9834188333333,836.532,90.0,2022-06-15, _Campo20220615-Pampulha_0000SET_000_DJI_9141.TIF,0.0693420708098431,0.1775181462016331,0.1818001825274487,0.0810184016539185,0.1594911281752273,0000SET_000_DJI_9141.T,4741012751.622718,594199.0069227922,89888489369598.81,inf,3.6559025531753626e+18,-0.6335020623180158,5.6502720547138185,-0.0903712012502374,-0.3834651997211208,-0.0653666051628735,0.8772880530587304,0.445645326245402,0.3314839031226519,2.0783845905112805,0.4382078112924976,2.5600352589475075,0.9764464685002772,2022-06-15,11:34:09,-19.851933,-43.983601,P3,,,,,,0.4,40,4.6,9.96,289.0,0.236,27.46,8.87,7.31,136.8,0.335,0.15,313.3,204.0,24.25,7.68,20.942,0.263,4674,697.6,133,23.977
1573,-19.8526466944444,-43.9833986111111,836.386,89.9,2022-06-15, _Campo20220615-Pampulha_0000SET_000_DJI_9151.TIF,0.0660072442022828,0.1695636425343092,0.1771331418503262,0.0749898011703154,0.1568692652621748,0000SET_000_DJI_9151.T,8392749616.019905,374025.5433027631,82361026448449.92,inf,1.6111771152704236e+19,-0.6553639446944435,5.671171809693632,-0.086020292527955,-0.405133065068371,-0.0606698519430908,0.8856008741420397,0.4233527412599061,0.2846715323854745,1.8147055888207573,0.4395976080347311,2.568864138831068,0.9572666117873466,2022-06-15,11:34:09,-19.851933,-43.983601,P3,,,,,,0.4,40,4.6,9.96,289.0,0.236,27.46,8.87,7.31,136.8,0.335,0.15,313.3,204.0,24.25,7.68,20.942,0.263,4674,697.6,133,82.134
1633,-19.8525426111111,-43.9841379444444,850.286,90.0,2022-06-15, _Campo20220615-Pampulha_0000SET_000_DJI_9171.TIF,0.0662298888680047,0.1666695428968005,0.1815186569136741,0.0798715304108396,0.1653870201876942,0000SET_000_DJI_9171.T,6087411743.931358,355520.8976598373,366594032608449.5,inf,7.292031521930956e+19,-0.691720670986988,5.592830731016259,-0.0692643885119932,-0.3888712408956671,-0.0465015068671422,0.9111295940579168,0.4400182976718727,0.4265029345948626,2.578817455631244,0.4312576173660455,2.5165306139795995,0.9181951085946196,2022-06-15,11:34:09,-19.851933,-43.983601,P3,,,,,,0.4,40,4.6,9.96,289.0,0.236,27.46,8.87,7.31,136.8,0.335,0.15,313.3,204.0,24.25,7.68,20.942,0.263,4674,697.6,133,88.026
1651,-19.8511765277778,-43.9877666111111,852.211,89.9,2022-06-15, _Campo20220615-Pampulha_0000SET_000_DJI_9181.TIF,0.0688481664802327,0.1736649510141348,0.1917431914758777,0.0826635901735894,0.1586447332223646,0000SET_000_DJI_9181.T,35398673517.21764,2864473.8647269285,4296390646568631.0,inf,3.651591212257455e+18,-0.707655887258693,5.595484047447338,-0.1364811050036574,-0.397510588647291,-0.0944623256695213,0.827381311436672,0.431116169170413,0.3851086070128257,2.42749065279739,0.4322107835520959,2.5224339280552446,0.9057163890796236,2022-06-15,11:58:03,-19.85054,-43.98779,A6,,,,,,0.2,20,18.5,7.8,339.7,0.134,30.05,9.71,5.37,154.1,0.191,0.18,379.2,246.0,33.24,7.3,19.537,0.338,4674,697.3,121,70.821
1681,-19.8511663055556,-43.9878009722222,851.796,90.0,2022-06-15, _Campo20220615-Pampulha_0000SET_000_DJI_9191.TIF,0.0685781629094478,0.1726448509549236,0.191847371232508,0.0822944961278915,0.1580666255592036,0000SET_000_DJI_9191.T,40533798482.89188,3074006.843791261,5148885709368218.0,inf,3.544077739970399e+18,-0.714004545407757,5.588697004901468,-0.1400394810268715,-0.39962110187494,-0.0965401383855262,0.8239186419064137,0.4289581639779431,0.3841683405930128,2.4304203321473654,0.4314127677054383,2.517490169325298,0.8999073057179812,2022-06-15,11:58:03,-19.85054,-43.98779,A6,,,,,,0.2,20,18.5,7.8,339.7,0.134,30.05,9.71,5.37,154.1,0.191,0.18,379.2,246.0,33.24,7.3,19.537,0.338,4674,697.3,121,69.651
1711,-19.8511363055556,-43.9879860555556,851.942,89.9,2022-06-15, _Campo20220615-Pampulha_0000SET_000_DJI_9201.TIF,0.0682900839835606,0.1687467491977672,0.1824146751854632,0.0777085234614029,0.1572920849843988,0000SET_000_DJI_9201.T,14332151558.04706,783971.0568032446,183907592118185.6,inf,8.496068324558698e+18,-0.6763069021741644,5.518956895678159,-0.1059860185604411,-0.4025252352298097,-0.0739537540804382,0.8622775816938963,0.4259992973832599,0.2791640670591674,1.774813189658314,0.4238019208489827,2.471028579176875,0.9250722236366145,2022-06-15,11:58:03,-19.85054,-43.98779,A6,,,,,,0.2,20,18.5,7.8,339.7,0.134,30.05,9.71,5.37,154.1,0.191,0.18,379.2,246.0,33.24,7.3,19.537,0.338,4674,697.3,121,69.404
1741,-19.8511061388889,-43.9881932777778,852.111,90.0,2022-06-15, _Campo20220615-Pampulha_0000SET_000_DJI_9211.TIF,0.0694040067190151,0.1746333562252852,0.1870517901072046,0.0806674338406189,0.1630805311136761,0000SET_000_DJI_9211.T,19387334519.71894,950161.0698678131,573216335337712.5,inf,3.296573886304072e+19,-0.6736844892130365,5.5848222905960885,-0.0982278234132523,-0.3973728695975871,-0.0684634280832538,0.8718469415353368,0.431257213814346,0.3280876522559026,2.011813734082136,0.4312017972849834,2.5161855126361123,0.9336096496333872,2022-06-15,11:58:03,-19.85054,-43.98779,A6,,,,,,0.2,20,18.5,7.8,339.7,0.134,30.05,9.71,5.37,154.1,0.191,0.18,379.2,246.0,33.24,7.3,19.537,0.338,4674,697.3,121,75.775
1771,-19.8510652777778,-43.9883711111111,851.937,89.9,2022-06-15, _Campo20220615-Pampulha_0000SET_000_DJI_9221.TIF,0.0689896652970471,0.173458213732236,0.1866509634633039,0.079959599651386,0.1625141686218074,0000SET_000_DJI_9221.T,21585153993.948715,939612.7929114376,607285514161353.8,inf,3.600383628414413e+19,-0.6783264720337095,5.582892216575388,-0.0995545720512623,-0.4001768068207472,-0.0691271625472986,0.8706848633747242,0.4283910362300717,0.3231771228230281,1.988608904464849,0.4308907500179495,2.5142637376972514,0.9293186089893308,2022-06-15,11:58:03,-19.85054,-43.98779,A6,,,,,,0.2,20,18.5,7.8,339.7,0.134,30.05,9.71,5.37,154.1,0.191,0.18,379.2,246.0,33.24,7.3,19.537,0.338,4674,697.3,121,84.293
1801,-19.8510054722222,-43.9885309444444,851.871,90.0,2022-06-15, _Campo20220615-Pampulha_0000SET_000_DJI_9231.TIF,0.0690921141377768,0.1742927163917099,0.180130870532182,0.0813964469080861,0.1566022655944453,0000SET_000_DJI_9231.T,2850222518.743494,592857.3940522122,56000149942060.88,inf,7.99126588913475e+17,-0.6370820232375853,5.595187573031692,-0.0966724379927456,-0.3775300591558527,-0.0698731500213535,0.8693804961458114,0.4518739440252907,0.3426274700719793,2.187883226155142,0.4322397662379693,2.522613739162073,0.9675893747516806,2022-06-15,11:58:03,-19.85054,-43.98779,A6,,,,,,0.2,20,18.5,7.8,339.7,0.134,30.05,9.71,5.37,154.1,0.191,0.18,379.2,246.0,33.24,7.3,19.537,0.338,4674,697.3,121,93.189
1832,-19.8508964166667,-43.9887144166667,852.023,89.9,2022-06-15, _Campo20220615-Pampulha_0000SET_000_DJI_9241.TIF,0.0670348039807904,0.1656499022214488,0.1810357699271855,0.0780177721376463,0.1501427167522857,0000SET_000_DJI_9241.T,9198001628.494392,1207722.7095814887,205518204267090.0,inf,3.73640785567848e+17,-0.6882042453245346,5.522039089215244,-0.1327678715078461,-0.397670678302316,-0.0932821859434349,0.8293538719595286,0.4309522486579634,0.3153044543136583,2.1000316307974245,0.4238142671695257,2.4711029552487047,0.9150120017059332,2022-06-15,12:07:51,-19.850129,-43.988846,P1,,,,,,0.2,20,19.94,8.14,337.4,0.141,29.99,9.69,5.33,154.2,0.2,0.18,377.5,245.0,36.86,7.2,19.444,0.274,4674,697.3,122,86.435
1862,-19.8506896944444,-43.9889857222222,852.31,89.9,2022-06-15, _Campo20220615-Pampulha_0000SET_000_DJI_9251.TIF,0.069381576441155,0.1714774872206612,0.1902026543455866,0.0798273638258867,0.1549317967554356,0000SET_000_DJI_9251.T,56099722607.87381,3206058.042474078,1839262080306752.0,inf,2.7282059273739607e+18,-0.7045885723118642,5.5171611891019525,-0.1464377426945156,-0.4087519279045852,-0.1021945432501233,0.8145616962523247,0.419696371223323,0.2922037521603013,1.8860153840567249,0.4238823701600714,2.471513275085316,0.9015514941715644,2022-06-15,12:07:51,-19.850129,-43.988846,P1,,,,,,0.2,20,19.94,8.14,337.4,0.141,29.99,9.69,5.33,154.2,0.2,0.18,377.5,245.0,36.86,7.2,19.444,0.274,4674,697.3,122,64.036
1892,-19.850586,-43.9891684444444,852.255,89.9,2022-06-15, _Campo20220615-Pampulha_0000SET_000_DJI_9261.TIF,0.066790203929769,0.1690047326365262,0.1790210791146478,0.0775809533894739,0.1594600309507524,0000SET_000_DJI_9261.T,6280880606.4761305,397965.7055177337,111509776777385.9,inf,1.5431495526107892e+19,-0.6640694224004402,5.6122315369999045,-0.0829578804733819,-0.3953208193062324,-0.0577906641824587,0.8907332686148752,0.4333621145238986,0.3320745336483388,2.082493849200974,0.4334890740031601,2.5303820424659498,0.9440493458778284,2022-06-15,12:07:51,-19.850129,-43.988846,P1,,,,,,0.2,20,19.94,8.14,337.4,0.141,29.99,9.69,5.33,154.2,0.2,0.18,377.5,245.0,36.86,7.2,19.444,0.274,4674,697.3,122,60.988
1922,-19.8505845555556,-43.9891799444444,851.962,89.9,2022-06-15, _Campo20220615-Pampulha_0000SET_000_DJI_9271.TIF,0.0674609718241638,0.170473271651628,0.177915755250125,0.0774098195574285,0.1577240657357797,0000SET_000_DJI_9271.T,4998010913.257916,390646.8527994294,54504332479044.48,inf,7.226771624213361e+18,-0.6479302142548302,5.605563662246819,-0.0848624780501578,-0.3936383410414363,-0.0601588019414217,0.8865098288459132,0.4350925495530228,0.3004845171234626,1.9051278935887692,0.4329444064992058,2.5269910444807184,0.9581684961625018,2022-06-15,12:07:51,-19.850129,-43.988846,P1,,,,,,0.2,20,19.94,8.14,337.4,0.141,29.99,9.69,5.33,154.2,0.2,0.18,377.5,245.0,36.86,7.2,19.444,0.274,4674,697.3,122,61.529
1952,-19.8505884722222,-43.9892421944444,852.15,89.9,2022-06-15, _Campo20220615-Pampulha_0000SET_000_DJI_9281.TIF,0.0668003308344291,0.1667447016202181,0.1853697799196759,0.0813163214485446,0.1568776795333498,0000SET_000_DJI_9281.T,10536884714.594069,1267360.717803994,1145586833212152.5,inf,1.814279982096196e+18,-0.7110837581832348,5.560744773479244,-0.1219983147869311,-0.3901720334778975,-0.0832499982084942,0.8462958719664433,0.4386708636314961,0.4192291747347347,2.6723315641956127,0.427944751105753,2.4961658054285767,0.8995247320921005,2022-06-15,12:07:51,-19.850129,-43.988846,P1,,,,,,0.2,20,19.94,8.14,337.4,0.141,29.99,9.69,5.33,154.2,0.2,0.18,377.5,245.0,36.86,7.2,19.444,0.274,4674,697.3,122,65.782
1982,-19.8505968888889,-43.9894337222222,852.287,90.0,2022-06-15, _Campo20220615-Pampulha_0000SET_000_DJI_9291.TIF,0.0666343505360738,0.1729068055887908,0.1788987251627059,0.077799135488832,0.1510449960001416,0000SET_000_DJI_9291.T,5717309238.353147,801210.4477682424,115061167013844.3,inf,4.748495347435262e+17,-0.6492767837815516,5.70771859174711,-0.1162795137719262,-0.3938466390692463,-0.0844196369744426,0.8443044849132841,0.4348780876894162,0.3252997760000624,2.1536613897474464,0.4436500882433781,2.594859921313172,0.9665066390581288,2022-06-15,12:07:51,-19.850129,-43.988846,P1,,,,,,0.2,20,19.94,8.14,337.4,0.141,29.99,9.69,5.33,154.2,0.2,0.18,377.5,245.0,36.86,7.2,19.444,0.274,4674,697.3,122,80.531
2102,-19.8507131944444,-43.9894691944444,840.378,89.9,2022-06-15, _Campo20220615-Pampulha_0000SET_000_DJI_9331.TIF,0.0636522627840249,0.1666306428545817,0.1803756423277159,0.0779760579073872,0.1529420586919397,0000SET_000_DJI_9331.T,7878694658.6373,845637.0271034597,919859759524383.6,inf,1.216824817853928e+18,-0.700491683546797,5.7483544904745445,-0.1191299178707992,-0.39635730799195,-0.0823046107418053,0.8479086018391915,0.4322981578949346,0.441377214643586,2.885911294895152,0.4471820423881807,2.617827482739573,0.923797918079418,2022-06-15,12:07:51,-19.850129,-43.988846,P1,,,,,,0.2,20,19.94,8.14,337.4,0.141,29.99,9.69,5.33,154.2,0.2,0.18,377.5,245.0,36.86,7.2,19.444,0.274,4674,697.3,122,92.022
2132,-19.85044825,-43.9889786666667,844.849,89.9,2022-06-15, _Campo20220615-Pampulha_0000SET_000_DJI_9341.TIF,0.0641462389174336,0.1667271367143673,0.1720254968755291,0.0728957301951552,0.1511414447364898,0000SET_000_DJI_9341.T,4253264948.868987,285323.53781773424,32029156131865.94,inf,2.7115602603328645e+18,-0.6470407882246038,5.720084305680487,-0.0904567366500734,-0.404741425910646,-0.064623107904743,0.87859908840054,0.4237495692158918,0.2828089072082115,1.8711539227462044,0.4443167061434174,2.59917244608794,0.9692001461562674,2022-06-15,12:07:51,-19.850129,-43.988846,P1,,,,,,0.2,20,19.94,8.14,337.4,0.141,29.99,9.69,5.33,154.2,0.2,0.18,377.5,245.0,36.86,7.2,19.444,0.274,4674,697.3,122,38.114
2161,-19.8503934722222,-43.9886752222222,850.387,89.9,2022-06-15, _Campo20220615-Pampulha_0000SET_000_DJI_9351.TIF,0.0643223454635379,0.1684453536707343,0.1803927084308521,0.077623454376259,0.1605952761086323,0000SET_000_DJI_9351.T,8775867768.389814,442374.8232921476,646603671731325.5,inf,3.023347122836452e+19,-0.6890683562231154,5.748037952510634,-0.0850523178080633,-0.3983054896116015,-0.0580590320475862,0.8902536998616631,0.4303026161726128,0.4278246247309764,2.663992584947397,0.4473258471620367,2.618768834638036,0.9337703011167026,2022-06-15,11:58:03,-19.85054,-43.98779,A6,,,,,,0.2,20,18.5,7.8,339.7,0.134,30.05,9.71,5.37,154.1,0.191,0.18,379.2,246.0,33.24,7.3,19.537,0.338,4674,697.3,121,94.006
2162,-19.8503934722222,-43.9886752222222,850.387,89.9,2022-06-15, _Campo20220615-Pampulha_0000SET_000_DJI_9351.TIF,0.0643223454635379,0.1684453536707343,0.1803927084308521,0.077623454376259,0.1605952761086323,0000SET_000_DJI_9351.T,8775867768.389814,442374.8232921476,646603671731325.5,inf,3.023347122836452e+19,-0.6890683562231154,5.748037952510634,-0.0850523178080633,-0.3983054896116015,-0.0580590320475862,0.8902536998616631,0.4303026161726128,0.4278246247309764,2.663992584947397,0.4473258471620367,2.618768834638036,0.9337703011167026,2022-06-15,12:07:51,-19.850129,-43.988846,P1,,,,,,0.2,20,19.94,8.14,337.4,0.141,29.99,9.69,5.33,154.2,0.2,0.18,377.5,245.0,36.86,7.2,19.444,0.274,4674,697.3,122,34.407
2191,-19.8503989166667,-43.9882555555556,850.308,89.9,2022-06-15, _Campo20220615-Pampulha_0000SET_000_DJI_9361.TIF,0.0659696582238942,0.1706809363514365,0.1793045090246462,0.079236005785141,0.1529789212652173,0000SET_000_DJI_9361.T,4204980434.300923,717110.885165046,184971806897429.5,inf,5.461588125769243e+17,-0.6640158720912603,5.698241559114268,-0.1112424323575866,-0.3870515354745361,-0.079226303088493,0.8531794437148799,0.4419074914298427,0.3882541943085199,2.537958766459134,0.4424720686438443,2.58726422035056,0.9519054332759452,2022-06-15,11:58:03,-19.85054,-43.98779,A6,,,,,,0.2,20,18.5,7.8,339.7,0.134,30.05,9.71,5.37,154.1,0.191,0.18,379.2,246.0,33.24,7.3,19.537,0.338,4674,697.3,121,51.156
2192,-19.8503989166667,-43.9882555555556,850.308,89.9,2022-06-15, _Campo20220615-Pampulha_0000SET_000_DJI_9361.TIF,0.0659696582238942,0.1706809363514365,0.1793045090246462,0.079236005785141,0.1529789212652173,0000SET_000_DJI_9361.T,4204980434.300923,717110.885165046,184971806897429.5,inf,5.461588125769243e+17,-0.6640158720912603,5.698241559114268,-0.1112424323575866,-0.3870515354745361,-0.079226303088493,0.8531794437148799,0.4419074914298427,0.3882541943085199,2.537958766459134,0.4424720686438443,2.58726422035056,0.9519054332759452,2022-06-15,12:07:51,-19.850129,-43.988846,P1,,,,,,0.2,20,19.94,8.14,337.4,0.141,29.99,9.69,5.33,154.2,0.2,0.18,377.5,245.0,36.86,7.2,19.444,0.274,4674,697.3,122,68.661
2221,-19.8504045277778,-43.9877568888889,849.849,89.9,2022-06-15, _Campo20220615-Pampulha_0000SET_000_DJI_9371.TIF,0.065053453089036,0.1687106196743279,0.1857732646034232,0.0780902459613594,0.1596825153849864,0000SET_000_DJI_9371.T,30356783661.512333,1051554.5115113016,3394669694794187.5,inf,2.99448201201073e+19,-0.71554364359173,5.709455317441824,-0.111611458980902,-0.4081012126745958,-0.0755255830986882,0.8595559523910309,0.4203524448367822,0.4097896504694243,2.5662775256354298,0.4434264228884418,2.593415286401793,0.908153388134081,2022-06-15,11:58:03,-19.85054,-43.98779,A6,,,,,,0.2,20,18.5,7.8,339.7,0.134,30.05,9.71,5.37,154.1,0.191,0.18,379.2,246.0,33.24,7.3,19.537,0.338,4674,697.3,121,15.457
2251,-19.8503926388889,-43.9875080277778,849.942,89.9,2022-06-15, _Campo20220615-Pampulha_0000SET_000_DJI_9381.TIF,0.0642469217225154,0.1675702116283503,0.1822052154128732,0.0796088579044767,0.1558738715391582,0000SET_000_DJI_9381.T,7782458548.146403,859562.4099513488,1341199307259574.0,inf,2.133332527498913e+18,-0.7039335484756354,5.732970839696394,-0.1135867029891243,-0.3918672369610838,-0.0778851602774562,0.8554852350738219,0.4369186563846961,0.4681721350183004,3.003531832470637,0.4457103252564617,2.6082216413743784,0.919678458427437,2022-06-15,11:58:03,-19.85054,-43.98779,A6,,,,,,0.2,20,18.5,7.8,339.7,0.134,30.05,9.71,5.37,154.1,0.191,0.18,379.2,246.0,33.24,7.3,19.537,0.338,4674,697.3,121,33.737
2281,-19.8503868611111,-43.9872815555556,850.08,89.9,2022-06-15, _Campo20220615-Pampulha_0000SET_000_DJI_9391.TIF,0.0676996048274675,0.1655270053396672,0.1793309131804817,0.0777029768704594,0.1535693022543479,0000SET_000_DJI_9391.T,6554280871.01805,683586.0630123104,80654594460613.31,inf,1.383401298057466e+18,-0.6743993714134009,5.480352158836492,-0.1104574255385032,-0.3953873020008405,-0.0773853837627721,0.8563459558129453,0.433293822533864,0.2920297128042632,1.90161515691848,0.4194521390251939,2.445021736264384,0.9230254974114696,2022-06-15,11:58:03,-19.85054,-43.98779,A6,,,,,,0.2,20,18.5,7.8,339.7,0.134,30.05,9.71,5.37,154.1,0.191,0.18,379.2,246.0,33.24,7.3,19.537,0.338,4674,697.3,121,55.837
2311,-19.8503902777778,-43.9870074166667,849.956,89.9,2022-06-15, _Campo20220615-Pampulha_0000SET_000_DJI_9401.TIF,0.0636740549685643,0.1744660961316941,0.179644409209988,0.0779902017983849,0.1613671263711349,0000SET_000_DJI_9401.T,6525251924.781051,373479.5663734422,687960443956805.4,inf,3.2327390842282103e+19,-0.6647157058749372,5.920699788453962,-0.0767501101952281,-0.3945673565121241,-0.0535972567840161,0.8982585491013605,0.4341365375151833,0.4651988763217733,2.8828602627021027,0.4652388127379901,2.739987208570704,0.9711746494028604,2022-06-15,11:58:03,-19.85054,-43.98779,A6,,,,,,0.2,20,18.5,7.8,339.7,0.134,30.05,9.71,5.37,154.1,0.191,0.18,379.2,246.0,33.24,7.3,19.537,0.338,4674,697.3,121,83.525
2375,-19.8504050555556,-43.98651875,849.53,89.9,2022-06-15, _Campo20220615-Pampulha_0000SET_000_DJI_9421.TIF,0.0682025463892317,0.1761138162329096,0.1811228131555,0.0792958129421331,0.1635600452371957,0000SET_000_DJI_9421.T,6494323320.959701,387627.84433366335,120592760066153.52,inf,4.159383871854659e+19,-0.6411777859434483,5.685535327223287,-0.0718853527852606,-0.3910127387554495,-0.0509534126535968,0.9030339270226216,0.4378013545651756,0.3354948245438092,2.051202810914321,0.4416866258383726,2.5822176085307524,0.9723447486524516,2022-06-15,11:48:14,-19.849626,-43.986118,P2,,,,"coleta, sedimento, ponto Ramon",,0.2,20,20.43,9.22,324.3,0.255,28.19,9.11,6.26,150.8,0.363,0.17,361.6,235.0,52.66,7.36,19.594,0.281,4674,697.3,125,96.234
2405,-19.8504135,-43.986248,849.321,89.9,2022-06-15, _Campo20220615-Pampulha_0000SET_000_DJI_9431.TIF,0.0685326092774665,0.1766806002055077,0.1843069573442461,0.082786313518437,0.1614870316389696,0000SET_000_DJI_9431.T,5397314639.761878,725962.5896866951,324003817122125.3,inf,4.673089624641988e+18,-0.6552748175640992,5.678659453044258,-0.0930615677409537,-0.380094352425683,-0.065992835133939,0.8761852182136904,0.4491762802193615,0.4057042746933074,2.5123025086022075,0.4410365622474762,2.5780515592246718,0.9586214364957802,2022-06-15,11:48:14,-19.849626,-43.986118,P2,,,,"coleta, sedimento, ponto Ramon",,0.2,20,20.43,9.22,324.3,0.255,28.19,9.11,6.26,150.8,0.363,0.17,361.6,235.0,52.66,7.36,19.594,0.281,4674,697.3,125,88.615
2435,-19.8504235833333,-43.9859257777778,849.542,89.9,2022-06-15, _Campo20220615-Pampulha_0000SET_000_DJI_9441.TIF,0.068367110693764,0.1761326310603196,0.1853245552311897,0.0839957226470687,0.1695852672284103,0000SET_000_DJI_9441.T,4991846753.187805,439374.9260096543,509025168313198.56,inf,7.450045964960449e+19,-0.6640305310455031,5.676443854117321,-0.0643734340570792,-0.3762391505845874,-0.0443472876960767,0.9150717616284314,0.4532357978266034,0.46153445822819,2.721548078858527,0.4407592400442922,2.576277237300088,0.9504009376447534,2022-06-15,11:48:14,-19.849626,-43.986118,P2,,,,"coleta, sedimento, ponto Ramon",,0.2,20,20.43,9.22,324.3,0.255,28.19,9.11,6.26,150.8,0.363,0.17,361.6,235.0,52.66,7.36,19.594,0.281,4674,697.3,125,90.937
2464,-19.8504476111111,-43.9855361944444,849.459,89.9,2022-06-15, _Campo20220615-Pampulha_0000SET_000_DJI_9451.TIF,0.0695786182388427,0.1775535017549792,0.1913073140448019,0.0853510310234669,0.1651386530773839,0000SET_000_DJI_9451.T,14805878266.608885,1496089.0866820936,2504578359666877.0,inf,1.2245939234352746e+19,-0.6855888202866464,5.63760713091331,-0.1058893557343828,-0.3829860364240557,-0.0734155058021673,0.8632113931551535,0.446146199112276,0.4385936111032795,2.65591127776581,0.4369115739339579,2.551840008456202,0.9281061868517912,2022-06-15,11:44:37,-19.85076,-43.98491,B2,,,,rede,,0.3,30,17.58,8.69,333.2,0.203,29.35,9.48,5.05,141.3,0.288,0.18,371.1,241.0,37.25,7.22,19.658,0.365,4674,697.5,124,74.134
2467,-19.8504476111111,-43.9855361944444,849.459,89.9,2022-06-15, _Campo20220615-Pampulha_0000SET_000_DJI_9451.TIF,0.0695786182388427,0.1775535017549792,0.1913073140448019,0.0853510310234669,0.1651386530773839,0000SET_000_DJI_9451.T,14805878266.608885,1496089.0866820936,2504578359666877.0,inf,1.2245939234352746e+19,-0.6855888202866464,5.63760713091331,-0.1058893557343828,-0.3829860364240557,-0.0734155058021673,0.8632113931551535,0.446146199112276,0.4385936111032795,2.65591127776581,0.4369115739339579,2.551840008456202,0.9281061868517912,2022-06-15,11:46:29,-19.85122,-43.98524,B3,,,,rede,,0.3,30,14.2,9.61,320.0,0.201,27.63,8.93,6.1,139.3,0.285,0.17,352.6,229.0,40.5,7.35,20.157,0.37,4674,697.5,127,91.302
2471,-19.8504476111111,-43.9855361944444,849.459,89.9,2022-06-15, _Campo20220615-Pampulha_0000SET_000_DJI_9451.TIF,0.0695786182388427,0.1775535017549792,0.1913073140448019,0.0853510310234669,0.1651386530773839,0000SET_000_DJI_9451.T,14805878266.608885,1496089.0866820936,2504578359666877.0,inf,1.2245939234352746e+19,-0.6855888202866464,5.63760713091331,-0.1058893557343828,-0.3829860364240557,-0.0734155058021673,0.8632113931551535,0.446146199112276,0.4385936111032795,2.65591127776581,0.4369115739339579,2.551840008456202,0.9281061868517912,2022-06-15,11:39:10,-19.85097,-43.98486,B5,,,,rede,,0.3,30,6.57,9.48,298.8,0.219,27.17,8.78,7.44,134.6,0.31,0.16,325.4,212.0,31.54,7.62,20.719,0.359,4674,697.5,131,91.519
2472,-19.8504476111111,-43.9855361944444,849.459,89.9,2022-06-15, _Campo20220615-Pampulha_0000SET_000_DJI_9451.TIF,0.0695786182388427,0.1775535017549792,0.1913073140448019,0.0853510310234669,0.1651386530773839,0000SET_000_DJI_9451.T,14805878266.608885,1496089.0866820936,2504578359666877.0,inf,1.2245939234352746e+19,-0.6855888202866464,5.63760713091331,-0.1058893557343828,-0.3829860364240557,-0.0734155058021673,0.8632113931551535,0.446146199112276,0.4385936111032795,2.65591127776581,0.4369115739339579,2.551840008456202,0.9281061868517912,2022-06-15,11:36:58,-19.85121,-43.98505,B6,,,,rede,,0.3,30,6.26,10.52,299.9,0.13,26.13,8.44,8.19,132.4,0.185,0.15,323.9,211.0,33.32,7.74,21.109,0.34,4674,697.5,132,98.855
2494,-19.8504903055556,-43.9852596388889,849.566,89.9,2022-06-15, _Campo20220615-Pampulha_0000SET_000_DJI_9461.TIF,0.0694427390421886,0.1748158967335908,0.1913413256867705,0.0870361757920543,0.1664033723132561,0000SET_000_DJI_9461.T,9485640011.07992,1349599.5645046078,2718641858289450.0,inf,8.989236865498196e+18,-0.6972969216314934,5.586573195934374,-0.1020965064113702,-0.3746895828169157,-0.0697087993558818,0.8696677088234545,0.4548739038974478,0.4843799569649188,2.9108782486274887,0.431399927199016,2.5174107350141357,0.9136337699455884,2022-06-15,11:44:37,-19.85076,-43.98491,B2,,,,rede,,0.3,30,17.58,8.69,333.2,0.203,29.35,9.48,5.05,141.3,0.288,0.18,371.1,241.0,37.25,7.22,19.658,0.365,4674,697.5,124,47.292
2497,-19.8504903055556,-43.9852596388889,849.566,89.9,2022-06-15, _Campo20220615-Pampulha_0000SET_000_DJI_9461.TIF,0.0694427390421886,0.1748158967335908,0.1913413256867705,0.0870361757920543,0.1664033723132561,0000SET_000_DJI_9461.T,9485640011.07992,1349599.5645046078,2718641858289450.0,inf,8.989236865498196e+18,-0.6972969216314934,5.586573195934374,-0.1020965064113702,-0.3746895828169157,-0.0697087993558818,0.8696677088234545,0.4548739038974478,0.4843799569649188,2.9108782486274887,0.431399927199016,2.5174107350141357,0.9136337699455884,2022-06-15,11:46:29,-19.85122,-43.98524,B3,,,,rede,,0.3,30,14.2,9.61,320.0,0.201,27.63,8.93,6.1,139.3,0.285,0.17,352.6,229.0,40.5,7.35,20.157,0.37,4674,697.5,127,81.164
2501,-19.8504903055556,-43.9852596388889,849.566,89.9,2022-06-15, _Campo20220615-Pampulha_0000SET_000_DJI_9461.TIF,0.0694427390421886,0.1748158967335908,0.1913413256867705,0.0870361757920543,0.1664033723132561,0000SET_000_DJI_9461.T,9485640011.07992,1349599.5645046078,2718641858289450.0,inf,8.989236865498196e+18,-0.6972969216314934,5.586573195934374,-0.1020965064113702,-0.3746895828169157,-0.0697087993558818,0.8696677088234545,0.4548739038974478,0.4843799569649188,2.9108782486274887,0.431399927199016,2.5174107350141357,0.9136337699455884,2022-06-15,11:39:10,-19.85097,-43.98486,B5,,,,rede,,0.3,30,6.57,9.48,298.8,0.219,27.17,8.78,7.44,134.6,0.31,0.16,325.4,212.0,31.54,7.62,20.719,0.359,4674,697.5,131,67.765
2502,-19.8504903055556,-43.9852596388889,849.566,89.9,2022-06-15, _Campo20220615-Pampulha_0000SET_000_DJI_9461.TIF,0.0694427390421886,0.1748158967335908,0.1913413256867705,0.0870361757920543,0.1664033723132561,0000SET_000_DJI_9461.T,9485640011.07992,1349599.5645046078,2718641858289450.0,inf,8.989236865498196e+18,-0.6972969216314934,5.586573195934374,-0.1020965064113702,-0.3746895828169157,-0.0697087993558818,0.8696677088234545,0.4548739038974478,0.4843799569649188,2.9108782486274887,0.431399927199016,2.5174107350141357,0.9136337699455884,2022-06-15,11:36:58,-19.85121,-43.98505,B6,,,,rede,,0.3,30,6.26,10.52,299.9,0.13,26.13,8.44,8.19,132.4,0.185,0.15,323.9,211.0,33.32,7.74,21.109,0.34,4674,697.5,132,82.976
2524,-19.8505552777778,-43.9850299444444,850.156,89.9,2022-06-15, _Campo20220615-Pampulha_0000SET_000_DJI_9471.TIF,0.0618188917897572,0.1271223418972468,0.1170423299373949,0.0688814545657369,0.1725987178020094,0000SET_000_DJI_9471.T,52123.18339703446,162.70581928113913,3070974.334943071,inf,2.220508641180364e+20,-0.4344117432345205,4.840524135980848,0.2940405690197197,-0.2590355800919422,0.1918111686800679,1.474669189295285,0.5885174586201513,0.2862703449833684,1.658589059229012,0.3456283672608485,2.056367207771747,1.0861227896372505,2022-06-15,11:44:37,-19.85076,-43.98491,B2,,,,rede,,0.3,30,17.58,8.69,333.2,0.203,29.35,9.48,5.05,141.3,0.288,0.18,371.1,241.0,37.25,7.22,19.658,0.365,4674,697.5,124,25.992
2527,-19.8505552777778,-43.9850299444444,850.156,89.9,2022-06-15, _Campo20220615-Pampulha_0000SET_000_DJI_9471.TIF,0.0618188917897572,0.1271223418972468,0.1170423299373949,0.0688814545657369,0.1725987178020094,0000SET_000_DJI_9471.T,52123.18339703446,162.70581928113913,3070974.334943071,inf,2.220508641180364e+20,-0.4344117432345205,4.840524135980848,0.2940405690197197,-0.2590355800919422,0.1918111686800679,1.474669189295285,0.5885174586201513,0.2862703449833684,1.658589059229012,0.3456283672608485,2.056367207771747,1.0861227896372505,2022-06-15,11:46:29,-19.85122,-43.98524,B3,,,,rede,,0.3,30,14.2,9.61,320.0,0.201,27.63,8.93,6.1,139.3,0.285,0.17,352.6,229.0,40.5,7.35,20.157,0.37,4674,697.5,127,77.11
2530,-19.8505552777778,-43.9850299444444,850.156,89.9,2022-06-15, _Campo20220615-Pampulha_0000SET_000_DJI_9471.TIF,0.0618188917897572,0.1271223418972468,0.1170423299373949,0.0688814545657369,0.1725987178020094,0000SET_000_DJI_9471.T,52123.18339703446,162.70581928113913,3070974.334943071,inf,2.220508641180364e+20,-0.4344117432345205,4.840524135980848,0.2940405690197197,-0.2590355800919422,0.1918111686800679,1.474669189295285,0.5885174586201513,0.2862703449833684,1.658589059229012,0.3456283672608485,2.056367207771747,1.0861227896372505,2022-06-15,11:40:55,-19.85014,-43.98422,B4,,,,rede,,0.3,30,9.89,10.24,302.3,0.194,27.56,8.9,7.5,137.0,0.276,0.16,331.0,215.0,34.16,7.56,20.456,0.347,4674,697.5,130,96.479
2531,-19.8505552777778,-43.9850299444444,850.156,89.9,2022-06-15, _Campo20220615-Pampulha_0000SET_000_DJI_9471.TIF,0.0618188917897572,0.1271223418972468,0.1170423299373949,0.0688814545657369,0.1725987178020094,0000SET_000_DJI_9471.T,52123.18339703446,162.70581928113913,3070974.334943071,inf,2.220508641180364e+20,-0.4344117432345205,4.840524135980848,0.2940405690197197,-0.2590355800919422,0.1918111686800679,1.474669189295285,0.5885174586201513,0.2862703449833684,1.658589059229012,0.3456283672608485,2.056367207771747,1.0861227896372505,2022-06-15,11:39:10,-19.85097,-43.98486,B5,,,,rede,,0.3,30,6.57,9.48,298.8,0.219,27.17,8.78,7.44,134.6,0.31,0.16,325.4,212.0,31.54,7.62,20.719,0.359,4674,697.5,131,49.422
2532,-19.8505552777778,-43.9850299444444,850.156,89.9,2022-06-15, _Campo20220615-Pampulha_0000SET_000_DJI_9471.TIF,0.0618188917897572,0.1271223418972468,0.1170423299373949,0.0688814545657369,0.1725987178020094,0000SET_000_DJI_9471.T,52123.18339703446,162.70581928113913,3070974.334943071,inf,2.220508641180364e+20,-0.4344117432345205,4.840524135980848,0.2940405690197197,-0.2590355800919422,0.1918111686800679,1.474669189295285,0.5885174586201513,0.2862703449833684,1.658589059229012,0.3456283672608485,2.056367207771747,1.0861227896372505,2022-06-15,11:36:58,-19.85121,-43.98505,B6,,,,rede,,0.3,30,6.26,10.52,299.9,0.13,26.13,8.44,8.19,132.4,0.185,0.15,323.9,211.0,33.32,7.74,21.109,0.34,4674,697.5,132,72.832
2554,-19.8506538888889,-43.9848874166667,849.74,89.9,2022-06-15, _Campo20220615-Pampulha_0000SET_000_DJI_9481.TIF,0.0702989601704381,0.1784400683131193,0.1856746127070477,0.0846565627508769,0.1630076385248872,0000SET_000_DJI_9481.T,4559755607.003085,781144.8061725945,227339015837460.44,inf,3.78321676536839e+18,-0.6465792892107234,5.6158537934183,-0.0911275336257046,-0.3736825757704503,-0.065007536523799,0.8779209831021766,0.455940429963065,0.3932605220541736,2.4125281834208803,0.4347572988523983,2.5383030969518714,0.9610364374081508,2022-06-15,11:44:37,-19.85076,-43.98491,B2,,,,rede,,0.3,30,17.58,8.69,333.2,0.203,29.35,9.48,5.05,141.3,0.288,0.18,371.1,241.0,37.25,7.22,19.658,0.365,4674,697.5,124,12.033
2557,-19.8506538888889,-43.9848874166667,849.74,89.9,2022-06-15, _Campo20220615-Pampulha_0000SET_000_DJI_9481.TIF,0.0702989601704381,0.1784400683131193,0.1856746127070477,0.0846565627508769,0.1630076385248872,0000SET_000_DJI_9481.T,4559755607.003085,781144.8061725945,227339015837460.44,inf,3.78321676536839e+18,-0.6465792892107234,5.6158537934183,-0.0911275336257046,-0.3736825757704503,-0.065007536523799,0.8779209831021766,0.455940429963065,0.3932605220541736,2.4125281834208803,0.4347572988523983,2.5383030969518714,0.9610364374081508,2022-06-15,11:46:29,-19.85122,-43.98524,B3,,,,rede,,0.3,30,14.2,9.61,320.0,0.201,27.63,8.93,6.1,139.3,0.285,0.17,352.6,229.0,40.5,7.35,20.157,0.37,4674,697.5,127,72.955
2560,-19.8506538888889,-43.9848874166667,849.74,89.9,2022-06-15, _Campo20220615-Pampulha_0000SET_000_DJI_9481.TIF,0.0702989601704381,0.1784400683131193,0.1856746127070477,0.0846565627508769,0.1630076385248872,0000SET_000_DJI_9481.T,4559755607.003085,781144.8061725945,227339015837460.44,inf,3.78321676536839e+18,-0.6465792892107234,5.6158537934183,-0.0911275336257046,-0.3736825757704503,-0.065007536523799,0.8779209831021766,0.455940429963065,0.3932605220541736,2.4125281834208803,0.4347572988523983,2.5383030969518714,0.9610364374081508,2022-06-15,11:40:55,-19.85014,-43.98422,B4,,,,rede,,0.3,30,9.89,10.24,302.3,0.194,27.56,8.9,7.5,137.0,0.276,0.16,331.0,215.0,34.16,7.56,20.456,0.347,4674,697.5,130,90.21
2561,-19.8506538888889,-43.9848874166667,849.74,89.9,2022-06-15, _Campo20220615-Pampulha_0000SET_000_DJI_9481.TIF,0.0702989601704381,0.1784400683131193,0.1856746127070477,0.0846565627508769,0.1630076385248872,0000SET_000_DJI_9481.T,4559755607.003085,781144.8061725945,227339015837460.44,inf,3.78321676536839e+18,-0.6465792892107234,5.6158537934183,-0.0911275336257046,-0.3736825757704503,-0.065007536523799,0.8779209831021766,0.455940429963065,0.3932605220541736,2.4125281834208803,0.4347572988523983,2.5383030969518714,0.9610364374081508,2022-06-15,11:39:10,-19.85097,-43.98486,B5,,,,rede,,0.3,30,6.57,9.48,298.8,0.219,27.17,8.78,7.44,134.6,0.31,0.16,325.4,212.0,31.54,7.62,20.719,0.359,4674,697.5,131,35.267
2562,-19.8506538888889,-43.9848874166667,849.74,89.9,2022-06-15, _Campo20220615-Pampulha_0000SET_000_DJI_9481.TIF,0.0702989601704381,0.1784400683131193,0.1856746127070477,0.0846565627508769,0.1630076385248872,0000SET_000_DJI_9481.T,4559755607.003085,781144.8061725945,227339015837460.44,inf,3.78321676536839e+18,-0.6465792892107234,5.6158537934183,-0.0911275336257046,-0.3736825757704503,-0.065007536523799,0.8779209831021766,0.455940429963065,0.3932605220541736,2.4125281834208803,0.4347572988523983,2.5383030969518714,0.9610364374081508,2022-06-15,11:36:58,-19.85121,-43.98505,B6,,,,rede,,0.3,30,6.26,10.52,299.9,0.13,26.13,8.44,8.19,132.4,0.185,0.15,323.9,211.0,33.32,7.74,21.109,0.34,4674,697.5,132,64.132
2584,-19.8507889166667,-43.9848011388889,849.639,89.9,2022-06-15, _Campo20220615-Pampulha_0000SET_000_DJI_9491.TIF,0.0694181569479567,0.1738401545778501,0.1844659666265535,0.0846608470871604,0.1326518060710502,0000SET_000_DJI_9491.T,3412863542.743,14036173.37427657,223960868747198.25,inf,18082950974155.203,-0.6618022743823289,5.566810840182487,-0.2130005763441569,-0.3708479216996999,-0.1633909071533247,0.7191126281825215,0.4589510392372489,0.3440480494326405,2.59361752864762,0.4292638429286124,2.504246183144553,0.9423968971457208,2022-06-15,11:44:37,-19.85076,-43.98491,B2,,,,rede,,0.3,30,17.58,8.69,333.2,0.203,29.35,9.48,5.05,141.3,0.288,0.18,371.1,241.0,37.25,7.22,19.658,0.365,4674,697.5,124,11.831
2587,-19.8507889166667,-43.9848011388889,849.639,89.9,2022-06-15, _Campo20220615-Pampulha_0000SET_000_DJI_9491.TIF,0.0694181569479567,0.1738401545778501,0.1844659666265535,0.0846608470871604,0.1326518060710502,0000SET_000_DJI_9491.T,3412863542.743,14036173.37427657,223960868747198.25,inf,18082950974155.203,-0.6618022743823289,5.566810840182487,-0.2130005763441569,-0.3708479216996999,-0.1633909071533247,0.7191126281825215,0.4589510392372489,0.3440480494326405,2.59361752864762,0.4292638429286124,2.504246183144553,0.9423968971457208,2022-06-15,11:46:29,-19.85122,-43.98524,B3,,,,rede,,0.3,30,14.2,9.61,320.0,0.201,27.63,8.93,6.1,139.3,0.285,0.17,352.6,229.0,40.5,7.35,20.157,0.37,4674,697.5,127,66.366
2590,-19.8507889166667,-43.9848011388889,849.639,89.9,2022-06-15, _Campo20220615-Pampulha_0000SET_000_DJI_9491.TIF,0.0694181569479567,0.1738401545778501,0.1844659666265535,0.0846608470871604,0.1326518060710502,0000SET_000_DJI_9491.T,3412863542.743,14036173.37427657,223960868747198.25,inf,18082950974155.203,-0.6618022743823289,5.566810840182487,-0.2130005763441569,-0.3708479216996999,-0.1633909071533247,0.7191126281825215,0.4589510392372489,0.3440480494326405,2.59361752864762,0.4292638429286124,2.504246183144553,0.9423968971457208,2022-06-15,11:40:55,-19.85014,-43.98422,B4,,,,rede,,0.3,30,9.89,10.24,302.3,0.194,27.56,8.9,7.5,137.0,0.276,0.16,331.0,215.0,34.16,7.56,20.456,0.347,4674,697.5,130,94.344
2591,-19.8507889166667,-43.9848011388889,849.639,89.9,2022-06-15, _Campo20220615-Pampulha_0000SET_000_DJI_9491.TIF,0.0694181569479567,0.1738401545778501,0.1844659666265535,0.0846608470871604,0.1326518060710502,0000SET_000_DJI_9491.T,3412863542.743,14036173.37427657,223960868747198.25,inf,18082950974155.203,-0.6618022743823289,5.566810840182487,-0.2130005763441569,-0.3708479216996999,-0.1633909071533247,0.7191126281825215,0.4589510392372489,0.3440480494326405,2.59361752864762,0.4292638429286124,2.504246183144553,0.9423968971457208,2022-06-15,11:39:10,-19.85097,-43.98486,B5,,,,rede,,0.3,30,6.57,9.48,298.8,0.219,27.17,8.78,7.44,134.6,0.31,0.16,325.4,212.0,31.54,7.62,20.719,0.359,4674,697.5,131,21.056
2592,-19.8507889166667,-43.9848011388889,849.639,89.9,2022-06-15, _Campo20220615-Pampulha_0000SET_000_DJI_9491.TIF,0.0694181569479567,0.1738401545778501,0.1844659666265535,0.0846608470871604,0.1326518060710502,0000SET_000_DJI_9491.T,3412863542.743,14036173.37427657,223960868747198.25,inf,18082950974155.203,-0.6618022743823289,5.566810840182487,-0.2130005763441569,-0.3708479216996999,-0.1633909071533247,0.7191126281825215,0.4589510392372489,0.3440480494326405,2.59361752864762,0.4292638429286124,2.504246183144553,0.9423968971457208,2022-06-15,11:36:58,-19.85121,-43.98505,B6,,,,rede,,0.3,30,6.26,10.52,299.9,0.13,26.13,8.44,8.19,132.4,0.185,0.15,323.9,211.0,33.32,7.74,21.109,0.34,4674,697.5,132,53.57
2614,-19.8508904166667,-43.9847459166667,849.672,89.8,2022-06-15, _Campo20220615-Pampulha_0000SET_000_DJI_9501.TIF,0.0619068180130186,0.1642059010453642,0.1725625155633539,0.0909982946367218,0.1243438573668432,0000SET_000_DJI_9501.T,57741014.05226823,4704282.033188935,120671331096773.31,inf,9895357832.252115,-0.6738838059161167,5.8024952753880825,-0.2132505345002751,-0.3094702162461658,-0.1624035810367969,0.7205728136316609,0.5273352346518909,0.6421232070083335,5.164092707160606,0.4524251597095329,2.6524687637932347,0.9515734081025164,2022-06-15,11:44:37,-19.85076,-43.98491,B2,,,,rede,,0.3,30,17.58,8.69,333.2,0.203,29.35,9.48,5.05,141.3,0.288,0.18,371.1,241.0,37.25,7.22,19.658,0.365,4674,697.5,124,22.468
2617,-19.8508904166667,-43.9847459166667,849.672,89.8,2022-06-15, _Campo20220615-Pampulha_0000SET_000_DJI_9501.TIF,0.0619068180130186,0.1642059010453642,0.1725625155633539,0.0909982946367218,0.1243438573668432,0000SET_000_DJI_9501.T,57741014.05226823,4704282.033188935,120671331096773.31,inf,9895357832.252115,-0.6738838059161167,5.8024952753880825,-0.2132505345002751,-0.3094702162461658,-0.1624035810367969,0.7205728136316609,0.5273352346518909,0.6421232070083335,5.164092707160606,0.4524251597095329,2.6524687637932347,0.9515734081025164,2022-06-15,11:46:29,-19.85122,-43.98524,B3,,,,rede,,0.3,30,14.2,9.61,320.0,0.201,27.63,8.93,6.1,139.3,0.285,0.17,352.6,229.0,40.5,7.35,20.157,0.37,4674,697.5,127,63.351
2620,-19.8508904166667,-43.9847459166667,849.672,89.8,2022-06-15, _Campo20220615-Pampulha_0000SET_000_DJI_9501.TIF,0.0619068180130186,0.1642059010453642,0.1725625155633539,0.0909982946367218,0.1243438573668432,0000SET_000_DJI_9501.T,57741014.05226823,4704282.033188935,120671331096773.31,inf,9895357832.252115,-0.6738838059161167,5.8024952753880825,-0.2132505345002751,-0.3094702162461658,-0.1624035810367969,0.7205728136316609,0.5273352346518909,0.6421232070083335,5.164092707160606,0.4524251597095329,2.6524687637932347,0.9515734081025164,2022-06-15,11:40:55,-19.85014,-43.98422,B4,,,,rede,,0.3,30,9.89,10.24,302.3,0.194,27.56,8.9,7.5,137.0,0.276,0.16,331.0,215.0,34.16,7.56,20.456,0.347,4674,697.5,130,99.941
2621,-19.8508904166667,-43.9847459166667,849.672,89.8,2022-06-15, _Campo20220615-Pampulha_0000SET_000_DJI_9501.TIF,0.0619068180130186,0.1642059010453642,0.1725625155633539,0.0909982946367218,0.1243438573668432,0000SET_000_DJI_9501.T,57741014.05226823,4704282.033188935,120671331096773.31,inf,9895357832.252115,-0.6738838059161167,5.8024952753880825,-0.2132505345002751,-0.3094702162461658,-0.1624035810367969,0.7205728136316609,0.5273352346518909,0.6421232070083335,5.164092707160606,0.4524251597095329,2.6524687637932347,0.9515734081025164,2022-06-15,11:39:10,-19.85097,-43.98486,B5,,,,rede,,0.3,30,6.57,9.48,298.8,0.219,27.17,8.78,7.44,134.6,0.31,0.16,325.4,212.0,31.54,7.62,20.719,0.359,4674,697.5,131,14.855
2622,-19.8508904166667,-43.9847459166667,849.672,89.8,2022-06-15, _Campo20220615-Pampulha_0000SET_000_DJI_9501.TIF,0.0619068180130186,0.1642059010453642,0.1725625155633539,0.0909982946367218,0.1243438573668432,0000SET_000_DJI_9501.T,57741014.05226823,4704282.033188935,120671331096773.31,inf,9895357832.252115,-0.6738838059161167,5.8024952753880825,-0.2132505345002751,-0.3094702162461658,-0.1624035810367969,0.7205728136316609,0.5273352346518909,0.6421232070083335,5.164092707160606,0.4524251597095329,2.6524687637932347,0.9515734081025164,2022-06-15,11:36:58,-19.85121,-43.98505,B6,,,,rede,,0.3,30,6.26,10.52,299.9,0.13,26.13,8.44,8.19,132.4,0.185,0.15,323.9,211.0,33.32,7.74,21.109,0.34,4674,697.5,132,47.689
2644,-19.8509219166667,-43.9847264166667,849.563,89.9,2022-06-15, _Campo20220615-Pampulha_0000SET_000_DJI_9511.TIF,0.0617108454702084,0.1641901544880731,0.1733677567319881,0.0751471996526663,0.1554918117187087,0000SET_000_DJI_9511.T,3065947643.6124697,243097.8187065623,181329081067633.47,inf,6.502334878975926e+18,-0.6800463256150389,5.814625041750265,-0.079131765758366,-0.3952299632513661,-0.0543573814728744,0.8968900252835705,0.4334554537083704,0.4505206160329331,2.897391258440953,0.4536469915440399,2.660636930786141,0.9470628078893424,2022-06-15,11:44:37,-19.85076,-43.98491,B2,,,,rede,,0.3,30,17.58,8.69,333.2,0.203,29.35,9.48,5.05,141.3,0.288,0.18,371.1,241.0,37.25,7.22,19.658,0.365,4674,697.5,124,26.321
2647,-19.8509219166667,-43.9847264166667,849.563,89.9,2022-06-15, _Campo20220615-Pampulha_0000SET_000_DJI_9511.TIF,0.0617108454702084,0.1641901544880731,0.1733677567319881,0.0751471996526663,0.1554918117187087,0000SET_000_DJI_9511.T,3065947643.6124697,243097.8187065623,181329081067633.47,inf,6.502334878975926e+18,-0.6800463256150389,5.814625041750265,-0.079131765758366,-0.3952299632513661,-0.0543573814728744,0.8968900252835705,0.4334554537083704,0.4505206160329331,2.897391258440953,0.4536469915440399,2.660636930786141,0.9470628078893424,2022-06-15,11:46:29,-19.85122,-43.98524,B3,,,,rede,,0.3,30,14.2,9.61,320.0,0.201,27.63,8.93,6.1,139.3,0.285,0.17,352.6,229.0,40.5,7.35,20.157,0.37,4674,697.5,127,63.118
2651,-19.8509219166667,-43.9847264166667,849.563,89.9,2022-06-15, _Campo20220615-Pampulha_0000SET_000_DJI_9511.TIF,0.0617108454702084,0.1641901544880731,0.1733677567319881,0.0751471996526663,0.1554918117187087,0000SET_000_DJI_9511.T,3065947643.6124697,243097.8187065623,181329081067633.47,inf,6.502334878975926e+18,-0.6800463256150389,5.814625041750265,-0.079131765758366,-0.3952299632513661,-0.0543573814728744,0.8968900252835705,0.4334554537083704,0.4505206160329331,2.897391258440953,0.4536469915440399,2.660636930786141,0.9470628078893424,2022-06-15,11:39:10,-19.85097,-43.98486,B5,,,,rede,,0.3,30,6.57,9.48,298.8,0.219,27.17,8.78,7.44,134.6,0.31,0.16,325.4,212.0,31.54,7.62,20.719,0.359,4674,697.5,131,14.959
2652,-19.8509219166667,-43.9847264166667,849.563,89.9,2022-06-15, _Campo20220615-Pampulha_0000SET_000_DJI_9511.TIF,0.0617108454702084,0.1641901544880731,0.1733677567319881,0.0751471996526663,0.1554918117187087,0000SET_000_DJI_9511.T,3065947643.6124697,243097.8187065623,181329081067633.47,inf,6.502334878975926e+18,-0.6800463256150389,5.814625041750265,-0.079131765758366,-0.3952299632513661,-0.0543573814728744,0.8968900252835705,0.4334554537083704,0.4505206160329331,2.897391258440953,0.4536469915440399,2.660636930786141,0.9470628078893424,2022-06-15,11:36:58,-19.85121,-43.98505,B6,,,,rede,,0.3,30,6.26,10.52,299.9,0.13,26.13,8.44,8.19,132.4,0.185,0.15,323.9,211.0,33.32,7.74,21.109,0.34,4674,697.5,132,46.599
2674,-19.8509073333333,-43.9846930555556,849.505,89.9,2022-06-15, _Campo20220615-Pampulha_0000SET_000_DJI_9521.TIF,0.0655585134180439,0.164004605360688,0.1795656367049462,0.074866451923065,0.1549543253670887,0000SET_000_DJI_9521.T,16411188504.806162,627751.5427789956,250280482756117.03,inf,1.063614788329861e+19,-0.6951458651796487,5.5720463590509866,-0.1072093438562294,-0.4115014947464239,-0.0735720259724224,0.8629397484425282,0.4169308409831332,0.2938602612265618,1.8964314841189704,0.4288410632612677,2.501652292126997,0.9133407057730796,2022-06-15,11:44:37,-19.85076,-43.98491,B2,,,,rede,,0.3,30,17.58,8.69,333.2,0.203,29.35,9.48,5.05,141.3,0.288,0.18,371.1,241.0,37.25,7.22,19.658,0.365,4674,697.5,124,27.986
2677,-19.8509073333333,-43.9846930555556,849.505,89.9,2022-06-15, _Campo20220615-Pampulha_0000SET_000_DJI_9521.TIF,0.0655585134180439,0.164004605360688,0.1795656367049462,0.074866451923065,0.1549543253670887,0000SET_000_DJI_9521.T,16411188504.806162,627751.5427789956,250280482756117.03,inf,1.063614788329861e+19,-0.6951458651796487,5.5720463590509866,-0.1072093438562294,-0.4115014947464239,-0.0735720259724224,0.8629397484425282,0.4169308409831332,0.2938602612265618,1.8964314841189704,0.4288410632612677,2.501652292126997,0.9133407057730796,2022-06-15,11:46:29,-19.85122,-43.98524,B3,,,,rede,,0.3,30,14.2,9.61,320.0,0.201,27.63,8.93,6.1,139.3,0.285,0.17,352.6,229.0,40.5,7.35,20.157,0.37,4674,697.5,127,66.94
2680,-19.8509073333333,-43.9846930555556,849.505,89.9,2022-06-15, _Campo20220615-Pampulha_0000SET_000_DJI_9521.TIF,0.0655585134180439,0.164004605360688,0.1795656367049462,0.074866451923065,0.1549543253670887,0000SET_000_DJI_9521.T,16411188504.806162,627751.5427789956,250280482756117.03,inf,1.063614788329861e+19,-0.6951458651796487,5.5720463590509866,-0.1072093438562294,-0.4115014947464239,-0.0735720259724224,0.8629397484425282,0.4169308409831332,0.2938602612265618,1.8964314841189704,0.4288410632612677,2.501652292126997,0.9133407057730796,2022-06-15,11:40:55,-19.85014,-43.98422,B4,,,,rede,,0.3,30,9.89,10.24,302.3,0.194,27.56,8.9,7.5,137.0,0.276,0.16,331.0,215.0,34.16,7.56,20.456,0.347,4674,697.5,130,98.631
2681,-19.8509073333333,-43.9846930555556,849.505,89.9,2022-06-15, _Campo20220615-Pampulha_0000SET_000_DJI_9521.TIF,0.0655585134180439,0.164004605360688,0.1795656367049462,0.074866451923065,0.1549543253670887,0000SET_000_DJI_9521.T,16411188504.806162,627751.5427789956,250280482756117.03,inf,1.063614788329861e+19,-0.6951458651796487,5.5720463590509866,-0.1072093438562294,-0.4115014947464239,-0.0735720259724224,0.8629397484425282,0.4169308409831332,0.2938602612265618,1.8964314841189704,0.4288410632612677,2.501652292126997,0.9133407057730796,2022-06-15,11:39:10,-19.85097,-43.98486,B5,,,,rede,,0.3,30,6.57,9.48,298.8,0.219,27.17,8.78,7.44,134.6,0.31,0.16,325.4,212.0,31.54,7.62,20.719,0.359,4674,697.5,131,18.799
2682,-19.8509073333333,-43.9846930555556,849.505,89.9,2022-06-15, _Campo20220615-Pampulha_0000SET_000_DJI_9521.TIF,0.0655585134180439,0.164004605360688,0.1795656367049462,0.074866451923065,0.1549543253670887,0000SET_000_DJI_9521.T,16411188504.806162,627751.5427789956,250280482756117.03,inf,1.063614788329861e+19,-0.6951458651796487,5.5720463590509866,-0.1072093438562294,-0.4115014947464239,-0.0735720259724224,0.8629397484425282,0.4169308409831332,0.2938602612265618,1.8964314841189704,0.4288410632612677,2.501652292126997,0.9133407057730796,2022-06-15,11:36:58,-19.85121,-43.98505,B6,,,,rede,,0.3,30,6.26,10.52,299.9,0.13,26.13,8.44,8.19,132.4,0.185,0.15,323.9,211.0,33.32,7.74,21.109,0.34,4674,697.5,132,50.263
2704,-19.8508396388889,-43.9845627777778,849.243,89.9,2022-06-15, _Campo20220615-Pampulha_0000SET_000_DJI_9531.TIF,0.0661259254288094,0.1728427559604706,0.1818596443600029,0.0831298578735594,0.1631307847826117,0000SET_000_DJI_9531.T,2730728807.452234,445452.532967041,438469264036852.6,inf,6.275393511829791e+18,-0.6695896411051324,5.736495884881373,-0.078373699300294,-0.3725799914874471,-0.0542880555380535,0.8970147574889336,0.4571099771260879,0.5046107465814686,3.0932895176953483,0.4465724542280897,2.613842526053592,0.950418420583278,2022-06-15,11:44:37,-19.85076,-43.98491,B2,,,,rede,,0.3,30,17.58,8.69,333.2,0.203,29.35,9.48,5.05,141.3,0.288,0.18,371.1,241.0,37.25,7.22,19.658,0.365,4674,697.5,124,37.379
2707,-19.8508396388889,-43.9845627777778,849.243,89.9,2022-06-15, _Campo20220615-Pampulha_0000SET_000_DJI_9531.TIF,0.0661259254288094,0.1728427559604706,0.1818596443600029,0.0831298578735594,0.1631307847826117,0000SET_000_DJI_9531.T,2730728807.452234,445452.532967041,438469264036852.6,inf,6.275393511829791e+18,-0.6695896411051324,5.736495884881373,-0.078373699300294,-0.3725799914874471,-0.0542880555380535,0.8970147574889336,0.4571099771260879,0.5046107465814686,3.0932895176953483,0.4465724542280897,2.613842526053592,0.950418420583278,2022-06-15,11:46:29,-19.85122,-43.98524,B3,,,,rede,,0.3,30,14.2,9.61,320.0,0.201,27.63,8.93,6.1,139.3,0.285,0.17,352.6,229.0,40.5,7.35,20.157,0.37,4674,697.5,127,82.496
2710,-19.8508396388889,-43.9845627777778,849.243,89.9,2022-06-15, _Campo20220615-Pampulha_0000SET_000_DJI_9531.TIF,0.0661259254288094,0.1728427559604706,0.1818596443600029,0.0831298578735594,0.1631307847826117,0000SET_000_DJI_9531.T,2730728807.452234,445452.532967041,438469264036852.6,inf,6.275393511829791e+18,-0.6695896411051324,5.736495884881373,-0.078373699300294,-0.3725799914874471,-0.0542880555380535,0.8970147574889336,0.4571099771260879,0.5046107465814686,3.0932895176953483,0.4465724542280897,2.613842526053592,0.950418420583278,2022-06-15,11:40:55,-19.85014,-43.98422,B4,,,,rede,,0.3,30,9.89,10.24,302.3,0.194,27.56,8.9,7.5,137.0,0.276,0.16,331.0,215.0,34.16,7.56,20.456,0.347,4674,697.5,130,85.659
2711,-19.8508396388889,-43.9845627777778,849.243,89.9,2022-06-15, _Campo20220615-Pampulha_0000SET_000_DJI_9531.TIF,0.0661259254288094,0.1728427559604706,0.1818596443600029,0.0831298578735594,0.1631307847826117,0000SET_000_DJI_9531.T,2730728807.452234,445452.532967041,438469264036852.6,inf,6.275393511829791e+18,-0.6695896411051324,5.736495884881373,-0.078373699300294,-0.3725799914874471,-0.0542880555380535,0.8970147574889336,0.4571099771260879,0.5046107465814686,3.0932895176953483,0.4465724542280897,2.613842526053592,0.950418420583278,2022-06-15,11:39:10,-19.85097,-43.98486,B5,,,,rede,,0.3,30,6.57,9.48,298.8,0.219,27.17,8.78,7.44,134.6,0.31,0.16,325.4,212.0,31.54,7.62,20.719,0.359,4674,697.5,131,34.299
2712,-19.8508396388889,-43.9845627777778,849.243,89.9,2022-06-15, _Campo20220615-Pampulha_0000SET_000_DJI_9531.TIF,0.0661259254288094,0.1728427559604706,0.1818596443600029,0.0831298578735594,0.1631307847826117,0000SET_000_DJI_9531.T,2730728807.452234,445452.532967041,438469264036852.6,inf,6.275393511829791e+18,-0.6695896411051324,5.736495884881373,-0.078373699300294,-0.3725799914874471,-0.0542880555380535,0.8970147574889336,0.4571099771260879,0.5046107465814686,3.0932895176953483,0.4465724542280897,2.613842526053592,0.950418420583278,2022-06-15,11:36:58,-19.85121,-43.98505,B6,,,,rede,,0.3,30,6.26,10.52,299.9,0.13,26.13,8.44,8.19,132.4,0.185,0.15,323.9,211.0,33.32,7.74,21.109,0.34,4674,697.5,132,65.518
2734,-19.8507826388889,-43.984452,849.25,89.9,2022-06-15, _Campo20220615-Pampulha_0000SET_000_DJI_9541.TIF,0.0654194829029284,0.1711145436424425,0.1800502230337689,0.0776499677654666,0.1607939140947165,0000SET_000_DJI_9541.T,7983400592.546967,414404.97283689433,321373351349164.44,inf,2.994412543641596e+19,-0.6699064713655819,5.740828993740461,-0.081410312166477,-0.397361969157712,-0.0564959371203545,0.8930503466499964,0.4312683786617866,0.3871371911537031,2.4076607210746666,0.4468492854208447,2.6156511187400846,0.9503711839909772,2022-06-15,11:44:37,-19.85076,-43.98491,B2,,,,rede,,0.3,30,17.58,8.69,333.2,0.203,29.35,9.48,5.05,141.3,0.288,0.18,371.1,241.0,37.25,7.22,19.658,0.365,4674,697.5,124,47.967
2737,-19.8507826388889,-43.984452,849.25,89.9,2022-06-15, _Campo20220615-Pampulha_0000SET_000_DJI_9541.TIF,0.0654194829029284,0.1711145436424425,0.1800502230337689,0.0776499677654666,0.1607939140947165,0000SET_000_DJI_9541.T,7983400592.546967,414404.97283689433,321373351349164.44,inf,2.994412543641596e+19,-0.6699064713655819,5.740828993740461,-0.081410312166477,-0.397361969157712,-0.0564959371203545,0.8930503466499964,0.4312683786617866,0.3871371911537031,2.4076607210746666,0.4468492854208447,2.6156511187400846,0.9503711839909772,2022-06-15,11:46:29,-19.85122,-43.98524,B3,,,,rede,,0.3,30,14.2,9.61,320.0,0.201,27.63,8.93,6.1,139.3,0.285,0.17,352.6,229.0,40.5,7.35,20.157,0.37,4674,697.5,127,95.694
2740,-19.8507826388889,-43.984452,849.25,89.9,2022-06-15, _Campo20220615-Pampulha_0000SET_000_DJI_9541.TIF,0.0654194829029284,0.1711145436424425,0.1800502230337689,0.0776499677654666,0.1607939140947165,0000SET_000_DJI_9541.T,7983400592.546967,414404.97283689433,321373351349164.44,inf,2.994412543641596e+19,-0.6699064713655819,5.740828993740461,-0.081410312166477,-0.397361969157712,-0.0564959371203545,0.8930503466499964,0.4312683786617866,0.3871371911537031,2.4076607210746666,0.4468492854208447,2.6156511187400846,0.9503711839909772,2022-06-15,11:40:55,-19.85014,-43.98422,B4,,,,rede,,0.3,30,9.89,10.24,302.3,0.194,27.56,8.9,7.5,137.0,0.276,0.16,331.0,215.0,34.16,7.56,20.456,0.347,4674,697.5,130,75.465
2741,-19.8507826388889,-43.984452,849.25,89.9,2022-06-15, _Campo20220615-Pampulha_0000SET_000_DJI_9541.TIF,0.0654194829029284,0.1711145436424425,0.1800502230337689,0.0776499677654666,0.1607939140947165,0000SET_000_DJI_9541.T,7983400592.546967,414404.97283689433,321373351349164.44,inf,2.994412543641596e+19,-0.6699064713655819,5.740828993740461,-0.081410312166477,-0.397361969157712,-0.0564959371203545,0.8930503466499964,0.4312683786617866,0.3871371911537031,2.4076607210746666,0.4468492854208447,2.6156511187400846,0.9503711839909772,2022-06-15,11:39:10,-19.85097,-43.98486,B5,,,,rede,,0.3,30,6.57,9.48,298.8,0.219,27.17,8.78,7.44,134.6,0.31,0.16,325.4,212.0,31.54,7.62,20.719,0.359,4674,697.5,131,47.486
2742,-19.8507826388889,-43.984452,849.25,89.9,2022-06-15, _Campo20220615-Pampulha_0000SET_000_DJI_9541.TIF,0.0654194829029284,0.1711145436424425,0.1800502230337689,0.0776499677654666,0.1607939140947165,0000SET_000_DJI_9541.T,7983400592.546967,414404.97283689433,321373351349164.44,inf,2.994412543641596e+19,-0.6699064713655819,5.740828993740461,-0.081410312166477,-0.397361969157712,-0.0564959371203545,0.8930503466499964,0.4312683786617866,0.3871371911537031,2.4076607210746666,0.4468492854208447,2.6156511187400846,0.9503711839909772,2022-06-15,11:36:58,-19.85121,-43.98505,B6,,,,rede,,0.3,30,6.26,10.52,299.9,0.13,26.13,8.44,8.19,132.4,0.185,0.15,323.9,211.0,33.32,7.74,21.109,0.34,4674,697.5,132,78.548
2764,-19.8507271111111,-43.9843512222222,849.106,89.9,2022-06-15, _Campo20220615-Pampulha_0000SET_000_DJI_9551.TIF,0.068374699473715,0.1697581329275495,0.185432354067828,0.0805691935845586,0.159087324477593,0000SET_000_DJI_9551.T,13258199867.390465,1052440.7246683673,527496001881115.25,inf,6.038202971311666e+18,-0.6895555021453472,5.536665831863999,-0.1106316559735972,-0.3942201141637927,-0.076468867327013,0.857926467456707,0.4344937213874109,0.3521558594572937,2.213600993125596,0.4257431973219,2.4827623994575494,0.9154720263404242,2022-06-15,11:44:37,-19.85076,-43.98491,B2,,,,rede,,0.3,30,17.58,8.69,333.2,0.203,29.35,9.48,5.05,141.3,0.288,0.18,371.1,241.0,37.25,7.22,19.658,0.365,4674,697.5,124,58.556
2770,-19.8507271111111,-43.9843512222222,849.106,89.9,2022-06-15, _Campo20220615-Pampulha_0000SET_000_DJI_9551.TIF,0.068374699473715,0.1697581329275495,0.185432354067828,0.0805691935845586,0.159087324477593,0000SET_000_DJI_9551.T,13258199867.390465,1052440.7246683673,527496001881115.25,inf,6.038202971311666e+18,-0.6895555021453472,5.536665831863999,-0.1106316559735972,-0.3942201141637927,-0.076468867327013,0.857926467456707,0.4344937213874109,0.3521558594572937,2.213600993125596,0.4257431973219,2.4827623994575494,0.9154720263404242,2022-06-15,11:40:55,-19.85014,-43.98422,B4,,,,rede,,0.3,30,9.89,10.24,302.3,0.194,27.56,8.9,7.5,137.0,0.276,0.16,331.0,215.0,34.16,7.56,20.456,0.347,4674,697.5,130,66.711
2771,-19.8507271111111,-43.9843512222222,849.106,89.9,2022-06-15, _Campo20220615-Pampulha_0000SET_000_DJI_9551.TIF,0.068374699473715,0.1697581329275495,0.185432354067828,0.0805691935845586,0.159087324477593,0000SET_000_DJI_9551.T,13258199867.390465,1052440.7246683673,527496001881115.25,inf,6.038202971311666e+18,-0.6895555021453472,5.536665831863999,-0.1106316559735972,-0.3942201141637927,-0.076468867327013,0.857926467456707,0.4344937213874109,0.3521558594572937,2.213600993125596,0.4257431973219,2.4827623994575494,0.9154720263404242,2022-06-15,11:39:10,-19.85097,-43.98486,B5,,,,rede,,0.3,30,6.57,9.48,298.8,0.219,27.17,8.78,7.44,134.6,0.31,0.16,325.4,212.0,31.54,7.62,20.719,0.359,4674,697.5,131,59.674
2772,-19.8507271111111,-43.9843512222222,849.106,89.9,2022-06-15, _Campo20220615-Pampulha_0000SET_000_DJI_9551.TIF,0.068374699473715,0.1697581329275495,0.185432354067828,0.0805691935845586,0.159087324477593,0000SET_000_DJI_9551.T,13258199867.390465,1052440.7246683673,527496001881115.25,inf,6.038202971311666e+18,-0.6895555021453472,5.536665831863999,-0.1106316559735972,-0.3942201141637927,-0.076468867327013,0.857926467456707,0.4344937213874109,0.3521558594572937,2.213600993125596,0.4257431973219,2.4827623994575494,0.9154720263404242,2022-06-15,11:36:58,-19.85121,-43.98505,B6,,,,rede,,0.3,30,6.26,10.52,299.9,0.13,26.13,8.44,8.19,132.4,0.185,0.15,323.9,211.0,33.32,7.74,21.109,0.34,4674,697.5,132,90.688
2794,-19.8506698888889,-43.9842553333333,848.907,89.9,2022-06-15, _Campo20220615-Pampulha_0000SET_000_DJI_9561.TIF,0.0680237278662067,0.1769989229698564,0.1842345643964237,0.083775381250737,0.1656014742373925,0000SET_000_DJI_9561.T,4071217277.603623,513816.8335273018,405154451366211.6,inf,1.5080311647752698e+19,-0.6565623936028591,5.714828893645099,-0.0760463985490794,-0.3748337879891322,-0.0532623517914202,0.8988621368629952,0.4547213033840637,0.4577343490051069,2.764071703546172,0.4447555959900277,2.6020173919016742,0.9607259286536584,2022-06-15,11:44:37,-19.85076,-43.98491,B2,,,,rede,,0.3,30,17.58,8.69,333.2,0.203,29.35,9.48,5.05,141.3,0.288,0.18,371.1,241.0,37.25,7.22,19.658,0.365,4674,697.5,124,69.199
2800,-19.8506698888889,-43.9842553333333,848.907,89.9,2022-06-15, _Campo20220615-Pampulha_0000SET_000_DJI_9561.TIF,0.0680237278662067,0.1769989229698564,0.1842345643964237,0.083775381250737,0.1656014742373925,0000SET_000_DJI_9561.T,4071217277.603623,513816.8335273018,405154451366211.6,inf,1.5080311647752698e+19,-0.6565623936028591,5.714828893645099,-0.0760463985490794,-0.3748337879891322,-0.0532623517914202,0.8988621368629952,0.4547213033840637,0.4577343490051069,2.764071703546172,0.4447555959900277,2.6020173919016742,0.9607259286536584,2022-06-15,11:40:55,-19.85014,-43.98422,B4,,,,rede,,0.3,30,9.89,10.24,302.3,0.194,27.56,8.9,7.5,137.0,0.276,0.16,331.0,215.0,34.16,7.56,20.456,0.347,4674,697.5,130,59.037
2801,-19.8506698888889,-43.9842553333333,848.907,89.9,2022-06-15, _Campo20220615-Pampulha_0000SET_000_DJI_9561.TIF,0.0680237278662067,0.1769989229698564,0.1842345643964237,0.083775381250737,0.1656014742373925,0000SET_000_DJI_9561.T,4071217277.603623,513816.8335273018,405154451366211.6,inf,1.5080311647752698e+19,-0.6565623936028591,5.714828893645099,-0.0760463985490794,-0.3748337879891322,-0.0532623517914202,0.8988621368629952,0.4547213033840637,0.4577343490051069,2.764071703546172,0.4447555959900277,2.6020173919016742,0.9607259286536584,2022-06-15,11:39:10,-19.85097,-43.98486,B5,,,,rede,,0.3,30,6.57,9.48,298.8,0.219,27.17,8.78,7.44,134.6,0.31,0.16,325.4,212.0,31.54,7.62,20.719,0.359,4674,697.5,131,71.505
2824,-19.8506196666667,-43.9841358888889,849.009,89.9,2022-06-15, _Campo20220615-Pampulha_0000SET_000_DJI_9571.TIF,0.0681112644221748,0.1775107616639818,0.1919912247291828,0.0841717746717048,0.1595375343826157,0000SET_000_DJI_9571.T,24366376094.674805,2738625.205545706,6968652465768960.0,inf,2.6337074625475666e+18,-0.6978729579308889,5.720677035955149,-0.1321285833510035,-0.3904196083160425,-0.0923215796868719,0.8309626370041373,0.4384146972885611,0.4469272016036169,2.801392182304637,0.445397747852764,2.606188024402468,0.9245774743839116,2022-06-15,11:44:37,-19.85076,-43.98491,B2,,,,rede,,0.3,30,17.58,8.69,333.2,0.203,29.35,9.48,5.05,141.3,0.288,0.18,371.1,241.0,37.25,7.22,19.658,0.365,4674,697.5,124,82.453
2830,-19.8506196666667,-43.9841358888889,849.009,89.9,2022-06-15, _Campo20220615-Pampulha_0000SET_000_DJI_9571.TIF,0.0681112644221748,0.1775107616639818,0.1919912247291828,0.0841717746717048,0.1595375343826157,0000SET_000_DJI_9571.T,24366376094.674805,2738625.205545706,6968652465768960.0,inf,2.6337074625475666e+18,-0.6978729579308889,5.720677035955149,-0.1321285833510035,-0.3904196083160425,-0.0923215796868719,0.8309626370041373,0.4384146972885611,0.4469272016036169,2.801392182304637,0.445397747852764,2.606188024402468,0.9245774743839116,2022-06-15,11:40:55,-19.85014,-43.98422,B4,,,,rede,,0.3,30,9.89,10.24,302.3,0.194,27.56,8.9,7.5,137.0,0.276,0.16,331.0,215.0,34.16,7.56,20.456,0.347,4674,697.5,130,54.057
2831,-19.8506196666667,-43.9841358888889,849.009,89.9,2022-06-15, _Campo20220615-Pampulha_0000SET_000_DJI_9571.TIF,0.0681112644221748,0.1775107616639818,0.1919912247291828,0.0841717746717048,0.1595375343826157,0000SET_000_DJI_9571.T,24366376094.674805,2738625.205545706,6968652465768960.0,inf,2.6337074625475666e+18,-0.6978729579308889,5.720677035955149,-0.1321285833510035,-0.3904196083160425,-0.0923215796868719,0.8309626370041373,0.4384146972885611,0.4469272016036169,2.801392182304637,0.445397747852764,2.606188024402468,0.9245774743839116,2022-06-15,11:39:10,-19.85097,-43.98486,B5,,,,rede,,0.3,30,6.57,9.48,298.8,0.219,27.17,8.78,7.44,134.6,0.31,0.16,325.4,212.0,31.54,7.62,20.719,0.359,4674,697.5,131,85.165
2854,-19.8506530555556,-43.9839978333333,848.515,89.9,2022-06-15, _Campo20220615-Pampulha_0000SET_000_DJI_9581.TIF,0.0671505271545819,0.1771643259616175,0.1909181323447262,0.0831886210941759,0.1587589556065125,0000SET_000_DJI_9581.T,24682696702.3516,2494538.016150528,7774721233216717.0,inf,2.8542061489129743e+18,-0.6986034266117348,5.769263652878308,-0.1316300516650062,-0.3930202736670733,-0.0919682125203988,0.8315551469980527,0.4357292839213856,0.4558034773944776,2.8710410423976107,0.4502951720037732,2.6383162347152025,0.9279596641021266,2022-06-15,11:44:37,-19.85076,-43.98491,B2,,,,rede,,0.3,30,17.58,8.69,333.2,0.203,29.35,9.48,5.05,141.3,0.288,0.18,371.1,241.0,37.25,7.22,19.658,0.365,4674,697.5,124,96.14
2860,-19.8506530555556,-43.9839978333333,848.515,89.9,2022-06-15, _Campo20220615-Pampulha_0000SET_000_DJI_9581.TIF,0.0671505271545819,0.1771643259616175,0.1909181323447262,0.0831886210941759,0.1587589556065125,0000SET_000_DJI_9581.T,24682696702.3516,2494538.016150528,7774721233216717.0,inf,2.8542061489129743e+18,-0.6986034266117348,5.769263652878308,-0.1316300516650062,-0.3930202736670733,-0.0919682125203988,0.8315551469980527,0.4357292839213856,0.4558034773944776,2.8710410423976107,0.4502951720037732,2.6383162347152025,0.9279596641021266,2022-06-15,11:40:55,-19.85014,-43.98422,B4,,,,rede,,0.3,30,9.89,10.24,302.3,0.194,27.56,8.9,7.5,137.0,0.276,0.16,331.0,215.0,34.16,7.56,20.456,0.347,4674,697.5,130,61.6
2861,-19.8506530555556,-43.9839978333333,848.515,89.9,2022-06-15, _Campo20220615-Pampulha_0000SET_000_DJI_9581.TIF,0.0671505271545819,0.1771643259616175,0.1909181323447262,0.0831886210941759,0.1587589556065125,0000SET_000_DJI_9581.T,24682696702.3516,2494538.016150528,7774721233216717.0,inf,2.8542061489129743e+18,-0.6986034266117348,5.769263652878308,-0.1316300516650062,-0.3930202736670733,-0.0919682125203988,0.8315551469980527,0.4357292839213856,0.4558034773944776,2.8710410423976107,0.4502951720037732,2.6383162347152025,0.9279596641021266,2022-06-15,11:39:10,-19.85097,-43.98486,B5,,,,rede,,0.3,30,6.57,9.48,298.8,0.219,27.17,8.78,7.44,134.6,0.31,0.16,325.4,212.0,31.54,7.62,20.719,0.359,4674,697.5,131,96.814
2890,-19.8507081111111,-43.9838597222222,848.459,89.9,2022-06-15, _Campo20220615-Pampulha_0000SET_000_DJI_9591.TIF,0.0681156370041677,0.1795843251062081,0.185552467409821,0.083940895349951,0.159228225030311,0000SET_000_DJI_9591.T,5351554090.659687,1058439.3293792875,627137995857657.2,inf,1.2575018473160494e+18,-0.6539369754915966,5.764323661563578,-0.1062747129843316,-0.3770466590319969,-0.0763506859772345,0.8581304644073049,0.452383611609727,0.4407075013668054,2.76777249311742,0.4500149582274446,2.636462536424934,0.9678358235440148,2022-06-15,11:40:55,-19.85014,-43.98422,B4,,,,rede,,0.3,30,9.89,10.24,302.3,0.194,27.56,8.9,7.5,137.0,0.276,0.16,331.0,215.0,34.16,7.56,20.456,0.347,4674,697.5,130,73.556
2920,-19.850771,-43.98372475,848.275,89.9,2022-06-15, _Campo20220615-Pampulha_0000SET_000_DJI_9601.TIF,0.0680670132999864,0.1725624221147917,0.1844198577880595,0.0792277634144945,0.1590690096741207,0000SET_000_DJI_9601.T,15197263582.079844,906354.939436034,424336615869362.4,inf,1.0405213595463983e+19,-0.6742652488423757,5.61636873373647,-0.1053522320336288,-0.3989874586911159,-0.0738039875971528,0.8625373188223975,0.429605381788903,0.3292038238254599,2.069566061295589,0.434258629392885,2.535184280148607,0.9357041274432892,2022-06-15,11:40:55,-19.85014,-43.98422,B4,,,,rede,,0.3,30,9.89,10.24,302.3,0.194,27.56,8.9,7.5,137.0,0.276,0.16,331.0,215.0,34.16,7.56,20.456,0.347,4674,697.5,130,87.212
