Blue,Green,Red,Near-IR,RedEdge,Image
0.05525672053483055,0.19565122101164562,0.12051601646909568,0.05176556525011537,0.10447287012489703,0000SET_000_DJI_0311.T
0.052388410377647715,0.20456643925281734,0.12445937772668844,0.05297907429860618,0.10220447028973885,0000SET_000_DJI_0321.T
0.055742782645455846,0.1953378310712463,0.12718550608977983,0.05218254310599962,0.10383711831507392,0000SET_000_DJI_0331.T
0.052885696391112944,0.1852835059200892,0.12151194393940802,0.05271351637901603,0.20582635045593894,0000SET_000_DJI_0341.T
0.0521847166755358,0.17958252246644732,0.11947918885809142,0.05279379791021017,0.10476438324279058,0000SET_000_DJI_0351.T
0.055610065207502585,0.17258683900709565,0.12211559630753445,0.05168077306462586,0.10550556616033616,0000SET_000_DJI_0361.T
0.05609828682496812,0.1722545755776974,0.12408941388945913,0.053020407282519534,0.10390963821742238,0000SET_000_DJI_0371.T
0.0557588406720659,0.17077490943529705,0.1195334830611838,0.05260656598834573,0.10361812424696529,0000SET_000_DJI_0381.T
0.05615278876958595,0.14997348990957404,0.12147185007682143,0.10895173253031812,0.20335355018796714,0000SET_000_DJI_0391.T
0.05391047900532428,0.1547892012018398,0.12220783509926234,0.10474787874315619,0.20508707782358512,0000SET_000_DJI_0401.T
0.05559021623134733,0.15966860861732002,0.12117804110012315,0.055027120773804256,0.16885507424670415,0000SET_000_DJI_0411.T
0.05486501082158794,0.1653687363865676,0.12015430316016246,0.0662375150362189,0.18984487437777214,0000SET_000_DJI_0421.T
0.05501609514783318,0.1700054583840312,0.12088756749771955,0.06905541582835012,0.2047742215697867,0000SET_000_DJI_0431.T
0.052787009084694754,0.1693056477047717,0.12715743832776952,0.09073696400377457,0.15470171698681695,0000SET_000_DJI_0441.T
0.0516023605816919,0.1689690605743981,0.12958993380653946,0.08414124071793477,0.13880750541488762,0000SET_000_DJI_0451.T
0.05482523223740621,0.16581665587998742,0.13159381378505475,0.08334458240996846,0.14189549796598172,0000SET_000_DJI_0461.T
0.05385766385671174,0.16636968851290004,0.13738172298748524,0.0651323967599777,0.18976862820778195,0000SET_000_DJI_0471.T
0.05464399084921755,0.1647244930267586,0.14170514878546991,0.0748865868415983,0.19963005642781087,0000SET_000_DJI_0481.T
0.055033598036540426,0.16414429916130902,0.1430094606815089,0.10503294334780554,0.21116545712130508,0000SET_000_DJI_0491.T
0.055072939691010986,0.1641536515480881,0.14303788309787932,0.10495676721686426,0.21090715679458716,0000SET_000_DJI_0501.T
0.05753772867205301,0.1641538659711621,0.1434299830846083,0.10553933130586124,0.21078574216940518,0000SET_000_DJI_0511.T
0.049261038883522706,0.16617557314653075,0.13692506542532562,0.08074892586457302,0.14720875063564456,0000SET_000_DJI_0521.T
0.049547730184087466,0.17086252305323613,0.13052120086506763,0.0692356468252978,0.13875482766919514,0000SET_000_DJI_0531.T
0.04959291369800093,0.17137667363366335,0.130126947669677,0.06839992892864635,0.138519986856872,0000SET_000_DJI_0541.T
0.048999291107410095,0.17214580150797357,0.12813996866464236,0.06755420603407053,0.1378335979596539,0000SET_000_DJI_0551.T
0.05227426355552043,0.17323936211911173,0.12535376954023425,0.10706506630343172,0.17078091504522197,0000SET_000_DJI_0561.T
0.053956688619336154,0.17829975272784,0.12474034691390942,0.10725896709098075,0.20547949698499393,0000SET_000_DJI_0571.T
0.0513949535917693,0.18047835988124505,0.12364459969644032,0.10504205886318299,0.2103734619997806,0000SET_000_DJI_0581.T
0.052774761438146356,0.1827118391387437,0.12303181696732712,0.08946232043746483,0.1829722775853337,0000SET_000_DJI_0591.T
0.05261308803641117,0.18241943685010348,0.12262596515497928,0.09141323058655887,0.1860849146087904,0000SET_000_DJI_0601.T
0.0526162005279438,0.18243329565282046,0.12267098369147035,0.09071309828863403,0.1848379623101763,0000SET_000_DJI_0611.T
0.050795523203537286,0.18461038058430954,0.12301310684825495,0.08384742509719079,0.18012975750507365,0000SET_000_DJI_0621.T
0.05098965199883928,0.1829909282822304,0.1222761234605824,0.07786327695021793,0.19727182221260245,0000SET_000_DJI_0631.T
0.05100542166581738,0.1849841259846494,0.12243008970273332,0.09746977475633373,0.20398670761273624,0000SET_000_DJI_0641.T
0.052885150238215384,0.18529741394658486,0.12231798492875137,0.0935848094518045,0.20401165120147174,0000SET_000_DJI_0651.T
0.05218924378684066,0.1871857405677636,0.12084608692814655,0.10409421509967713,0.2114479769756377,0000SET_000_DJI_0661.T
0.05372299016403068,0.18827324625307684,0.1196870389256337,0.05360697292210222,0.21030940520322916,0000SET_000_DJI_0671.T
0.050070953852891384,0.18734970742636348,0.12490361689693227,0.05291249150027619,0.10351298536166151,0000SET_000_DJI_0681.T
0.05041911517949583,0.18720781409311835,0.1178444343673811,0.052977867228701694,0.10353389118898931,0000SET_000_DJI_0691.T
0.0502553059689726,0.18722526650180493,0.12535813343593738,0.05127356980160713,0.10360427540236031,0000SET_000_DJI_0701.T
0.05018397617539017,0.18712551714857592,0.12531274666525088,0.053011166927807496,0.10357824234398395,0000SET_000_DJI_0711.T
0.05010265247878665,0.18692578898274495,0.12520758541744603,0.051177093869239465,0.10344128225783206,0000SET_000_DJI_0721.T
0.05001389326705028,0.18681944827694902,0.11730137881309485,0.05093193946365876,0.10327027711649989,0000SET_000_DJI_0731.T
0.05894637781824259,0.1916278901898541,0.11967522831822955,0.10014488778733914,0.19909094961459423,0000SET_000_DJI_0741.T
0.060359544584715596,0.19612549383020023,0.12177529457823213,0.05175655332724916,0.10500135035119623,0000SET_000_DJI_0751.T
0.05999125324646433,0.2017337289668562,0.12044315427982617,0.08819134779644737,0.18663553102921884,0000SET_000_DJI_0761.T
0.05964913351334847,0.20487513082848557,0.12510875730603477,0.08746749383754224,0.18647311065323516,0000SET_000_DJI_0771.T
0.05745156256537523,0.20474152678756546,0.12366431989438084,0.09231127745494021,0.18510468418477938,0000SET_000_DJI_0781.T
0.05718572928379553,0.20292767133985246,0.12877195863069676,0.046987301323874756,0.09973032752256931,0000SET_000_DJI_0791.T
0.056882520440366464,0.20002064405419548,0.12657973104711712,0.05349832745278196,0.10559610446072223,0000SET_000_DJI_0801.T
0.056877655818900766,0.19972807006053672,0.1262671043720308,0.052583038339877985,0.10412648269073362,0000SET_000_DJI_0811.T
0.056802520671319884,0.19974067873965184,0.12622564204898823,0.05280026333645789,0.1044268824380798,0000SET_000_DJI_0821.T
0.05667473447192522,0.19976079226558213,0.1260088406661804,0.05336394827185845,0.10565469080297435,0000SET_000_DJI_0831.T
0.056705969393480375,0.20196735976997915,0.1278548368438043,0.08180646902564304,0.17650751607409482,0000SET_000_DJI_0841.T
0.058714961506550756,0.2143254021324951,0.122530197287182,0.07983889221043636,0.1947649800975835,0000SET_000_DJI_0851.T
0.058387370621715104,0.211915883785749,0.12134384815392613,0.06599485280271586,0.17175069897853928,0000SET_000_DJI_0861.T
0.05789536693330334,0.21108516958219886,0.12064870580173645,0.05888504603131786,0.15291236539848568,0000SET_000_DJI_0871.T
0.05578585166211692,0.21091392776539808,0.12024729607300785,0.06552926208080641,0.1577285370497944,0000SET_000_DJI_0881.T
0.05372816072836353,0.21106552367138645,0.12027293073908402,0.0876022147725013,0.1916586454360244,0000SET_000_DJI_0891.T
0.055413709126442647,0.20843587460735213,0.1246106654229636,0.05269221955619409,0.10449568239073348,0000SET_000_DJI_0901.T
0.05602488724541822,0.20906451514234936,0.12563980745404957,0.05192533631197146,0.10491710730520057,0000SET_000_DJI_0911.T
0.0579485632485872,0.2090427103832428,0.12581751495168442,0.05213109526992137,0.10501697063521248,0000SET_000_DJI_0921.T
0.05799487169464466,0.20876842151778474,0.12591493658240982,0.054036212320451645,0.10543245559438139,0000SET_000_DJI_0931.T
0.057980777351097225,0.2082553755544388,0.1258495026184349,0.05390652252642274,0.10510761060098309,0000SET_000_DJI_0941.T
0.05794725238113007,0.20761959435511232,0.12573178673494378,0.0523886831186182,0.10157883497762354,0000SET_000_DJI_0951.T
0.05792587453508158,0.20724271713262357,0.1257699844444719,0.05431533200107785,0.10557595078663244,0000SET_000_DJI_0961.T
0.058369299787064885,0.20787410554496566,0.12635784698427754,0.05362900383092799,0.10643746803178758,0000SET_000_DJI_0971.T
0.05805663133751722,0.20736390932498966,0.12613890451450135,0.05353866268772344,0.10667218415318805,0000SET_000_DJI_0981.T
0.05806456278351483,0.20702379879608918,0.1258674332043233,0.05289558288206018,0.10230071441303529,0000SET_000_DJI_0991.T
0.05816164273973159,0.20583869050843803,0.12512296409004026,0.053172028764093944,0.1041147583466645,0000SET_000_DJI_1001.T
0.055169400948367,0.1945887521588718,0.12479522941088286,0.05284674368043577,0.10598827810429148,0000SET_000_DJI_1011.T
0.055100713721602246,0.19229819721029223,0.123213536533689,0.05113833834947489,0.10284819452382231,0000SET_000_DJI_1021.T
0.05500043159051744,0.18722147340601386,0.1263811932821809,0.05295017546790256,0.10173966896106104,0000SET_000_DJI_1031.T
0.056360169217436425,0.17866541672467465,0.12288940033521277,0.05367517994445867,0.10381503871247458,0000SET_000_DJI_1041.T
0.05734092398950087,0.17023989118295318,0.1234885299415332,0.05287619558504135,0.10393482843902536,0000SET_000_DJI_1051.T
0.05894047505036202,0.16834116096635363,0.12226577444043515,0.05221460032978025,0.10256282367155228,0000SET_000_DJI_1061.T
0.05902056285205181,0.16804332248014758,0.12766447382108959,0.052378720194614495,0.10268120166464731,0000SET_000_DJI_1071.T
0.05903124349580677,0.16786831581873102,0.12181351175873098,0.050255052052703926,0.10255824263000082,0000SET_000_DJI_1081.T
0.05893572414825839,0.16815033357507164,0.121884559789525,0.05233366431750358,0.10260901501657357,0000SET_000_DJI_1091.T
0.05909718689229578,0.16836743154773165,0.12789943547172378,0.052847863211679544,0.10228526362076737,0000SET_000_DJI_1101.T
0.0573405256469036,0.16715679624182417,0.12128030472974577,0.050054639627295214,0.1013109758195106,0000SET_000_DJI_1111.T
0.055569338697924305,0.20156638457401999,0.11227580928004664,0.06011442264088829,0.1439611197024294,0000SET_000_DJI_1121.T
0.05390253572771882,0.20038633574521791,0.11135366942670406,0.09465674711861335,0.11924375301452071,0000SET_000_DJI_1131.T
0.06100330889473409,0.19623450199398074,0.11558776759937119,0.04562960614854637,0.11631502701227178,0000SET_000_DJI_1141.T
0.05944099661297857,0.18691074235991129,0.12304215704147063,0.04906776616137722,0.10101686776265689,0000SET_000_DJI_1151.T
0.05930271610907249,0.18687841319604417,0.12292705129147391,0.04889629861028859,0.10082329600264126,0000SET_000_DJI_1161.T
0.05945338732733904,0.19003629131397626,0.12538248141420832,0.06814040306192115,0.14196764034129655,0000SET_000_DJI_1171.T
0.05825389846003186,0.20276998419602443,0.11303478237001398,0.0940427318591773,0.1201595192857395,0000SET_000_DJI_1181.T
0.05380050029616849,0.2024771787582409,0.11299884824525783,0.10872990400595851,0.13288822036267728,0000SET_000_DJI_1191.T
0.05773874545060971,0.20172690348792843,0.11274075638704117,0.05216240786817329,0.14149402961991392,0000SET_000_DJI_1201.T
0.05851849860908897,0.1834488206095481,0.12644321376982176,0.049111395170335484,0.09438429861645847,0000SET_000_DJI_1211.T
0.05850210874501022,0.17169872767092886,0.12439407183841711,0.04711533413302099,0.09642818053681296,0000SET_000_DJI_1221.T
0.05825721902240287,0.17144917933364778,0.12438382753141462,0.05345726512429684,0.10166160765194569,0000SET_000_DJI_1231.T
0.05857660656971683,0.1771389440259828,0.12301750719420013,0.05139925413787108,0.1022541283155069,0000SET_000_DJI_1241.T
0.058432232616707803,0.1733983257296761,0.12182340693371821,0.044542107669850506,0.0975030077282031,0000SET_000_DJI_1251.T
0.05779193998017319,0.18672037551274234,0.1228090828701912,0.045844719312523985,0.09652570968577015,0000SET_000_DJI_1261.T
0.05786435970468972,0.18751690718069242,0.12326532749381416,0.04246991196786125,0.09080970263077168,0000SET_000_DJI_1271.T
0.06000899106924823,0.18894688818256888,0.12419008658218267,0.042942698302001765,0.09164845773746785,0000SET_000_DJI_1281.T
0.05989173973110312,0.18810811380851722,0.12396872647046489,0.04744664043554482,0.10177733625599968,0000SET_000_DJI_1291.T
0.059962124178686974,0.18841062189354493,0.12422342845229845,0.046039326422287585,0.0986101197629283,0000SET_000_DJI_1301.T
0.06014251666811765,0.18849163931845508,0.12435530425530865,0.04611732336651604,0.10201702537550386,0000SET_000_DJI_1311.T
0.05818391594700149,0.1889975916981979,0.12432217921952042,0.044733214711882456,0.09868572902229127,0000SET_000_DJI_1321.T
0.0584539769774492,0.19165434154159233,0.11939517152809231,0.08409065013572603,0.17682180144743326,0000SET_000_DJI_1331.T
0.058490294087987615,0.19302657733449763,0.12027243808292334,0.08280061197409264,0.17749100719929095,0000SET_000_DJI_1341.T
0.05984294452343865,0.19071684641243553,0.12500857163017437,0.04719098749244288,0.09829326205614569,0000SET_000_DJI_1351.T
0.05936316927067089,0.18667007799860816,0.12220666641285587,0.05221923174312738,0.1010648375716765,0000SET_000_DJI_1361.T
0.05961346162159936,0.1931086769628701,0.12667853517127806,0.0502281303062144,0.10483337062501172,0000SET_000_DJI_1371.T
0.05972395276737387,0.19487108518418414,0.1280043564775183,0.0522433348379418,0.10433816282015348,0000SET_000_DJI_1381.T
0.058004447790410044,0.19664812095196454,0.1221667220401928,0.049411613140982955,0.10401110422208942,0000SET_000_DJI_1391.T
0.05794924391157351,0.1973082121407573,0.12259365820257062,0.05047830132772638,0.10162198544034581,0000SET_000_DJI_1401.T
0.058108698479181854,0.1981515668502868,0.12294724377058303,0.050628477210708525,0.0986198703389405,0000SET_000_DJI_1411.T
0.058269831076194975,0.19846146724576724,0.12316935800756781,0.04893655220398367,0.09874590136699139,0000SET_000_DJI_1421.T
0.05840284551505183,0.19855958471131555,0.12326724818529194,0.049001823423801924,0.09888785342800402,0000SET_000_DJI_1431.T
0.05843793483354924,0.1984922302932683,0.1231834582492923,0.05060562661772758,0.10223629773738624,0000SET_000_DJI_1441.T
0.05826184128030641,0.19788780095160846,0.12274130319035761,0.05200990133937252,0.10227605800732509,0000SET_000_DJI_1451.T
0.0580297972062752,0.1964201113090774,0.12182089133796553,0.05283141877821206,0.10373499828000496,0000SET_000_DJI_1461.T
0.059735618267577395,0.19420884765630242,0.12737442490537423,0.05260343648874194,0.10760462054109665,0000SET_000_DJI_1471.T
0.058777026272607814,0.18978755442728334,0.12423697549809168,0.05361178841174162,0.10602083066958921,0000SET_000_DJI_1481.T
0.05915290090671996,0.19477931037718071,0.12726976075162094,0.052424951736987885,0.10427493428484133,0000SET_000_DJI_1491.T
0.057344406887599925,0.19708485406626844,0.12104448505411197,0.05262265377927503,0.10155196145433756,0000SET_000_DJI_1501.T
0.05703297328496519,0.19545061596418328,0.12559397172598202,0.050498072696098045,0.09895339167975235,0000SET_000_DJI_1511.T
0.058674321310730096,0.19425565992486404,0.12391135750365478,0.049029643938348105,0.10090383951092458,0000SET_000_DJI_1521.T
0.05854701267979394,0.19294254684599788,0.12908183660308434,0.05002320491358759,0.10651055888147241,0000SET_000_DJI_1531.T
0.058320780492275494,0.19108067924439237,0.1276786344056467,0.051514806345980754,0.10314424156975446,0000SET_000_DJI_1541.T
0.058269011203790626,0.19056140932259305,0.12733975833831696,0.05112270564920922,0.10247255330359872,0000SET_000_DJI_1551.T
0.058487071123481525,0.19124236751584203,0.12786841307459695,0.05165933751431637,0.1032967972043978,0000SET_000_DJI_1561.T
0.058401799815828284,0.18966837131094005,0.12669538512140172,0.053057397021367386,0.10060401239411046,0000SET_000_DJI_1571.T
0.05835506026715548,0.18927413142755256,0.12629541456167898,0.054402059180818016,0.10542226306870496,0000SET_000_DJI_1581.T
0.058288300603139415,0.18769458554735538,0.12522673277654472,0.051389715324167286,0.10411478022228268,0000SET_000_DJI_1591.T
0.05805783916182154,0.18510112038201076,0.12337624566804706,0.04717874948559406,0.09416618691780501,0000SET_000_DJI_1601.T
0.05928922464940636,0.17939859195092903,0.12583671483667977,0.04969472988281494,0.10143310979487699,0000SET_000_DJI_1611.T
0.05856257511819433,0.17331811946185577,0.1270324914385683,0.04497603249090647,0.09662972593719713,0000SET_000_DJI_1621.T
0.058342848922681476,0.20920561952146216,0.12199821567762226,0.05328268585611253,0.10492316084444782,0000SET_000_DJI_1631.T
0.058220285329173754,0.20886430533274683,0.12195980293928128,0.053063081484733016,0.10483257568781759,0000SET_000_DJI_1641.T
0.05832515302364148,0.21010546531504043,0.1225257998684737,0.05182743373479463,0.1021153609546393,0000SET_000_DJI_1651.T
0.05815452097409836,0.20899706502669838,0.12190640560471319,0.05299372836755836,0.10460393752559632,0000SET_000_DJI_1661.T
0.05807890745947192,0.2076202582480795,0.12117604888331254,0.053629401422179514,0.10313722168704259,0000SET_000_DJI_1671.T
0.05784601397787716,0.20465472733183318,0.1265641276955896,0.051849232921817034,0.10365607246757913,0000SET_000_DJI_1681.T
0.0576151741621216,0.20247176441229897,0.12531631442264707,0.050478162698764456,0.10488075629204341,0000SET_000_DJI_1691.T
0.05736701352518031,0.20047258244551464,0.12405989191541977,0.05209548026105403,0.10240397931487329,0000SET_000_DJI_1701.T
0.057193926639136056,0.19894584799389575,0.12286394689144682,0.05337232596858094,0.10318850564462015,0000SET_000_DJI_1711.T
0.05706236089174839,0.19822969584822744,0.12250511851364171,0.05288825940994393,0.10580373048130995,0000SET_000_DJI_1721.T
0.05721179828890739,0.19858190548360885,0.1227532955499685,0.05319614528879138,0.10285491061880077,0000SET_000_DJI_1731.T
0.0572873252123722,0.1990537933152589,0.12310047326356988,0.05342421693910685,0.10318992463656038,0000SET_000_DJI_1741.T
0.05737309671788889,0.19967982157424907,0.12351532078496358,0.05372948410910857,0.10423008861331365,0000SET_000_DJI_1751.T
0.05741302136425088,0.20097243571813833,0.12444229421734877,0.05174802534091155,0.10267852328202057,0000SET_000_DJI_1761.T
0.057518545454227674,0.20262488909944804,0.12550816474459595,0.052789157093425944,0.10464140005449725,0000SET_000_DJI_1771.T
0.05480227188125303,0.21571641990958487,0.1268262768850212,0.09284995140497945,0.19327285245624967,0000SET_000_DJI_1781.T
0.05570768224795311,0.22240814626510075,0.12330856399682005,0.10075198679853094,0.19706514353639287,0000SET_000_DJI_1791.T
0.05797923699758233,0.22339401538555168,0.12407000886498655,0.10334890498746012,0.19921998266886032,0000SET_000_DJI_1801.T
0.058098019091705685,0.22390027537746837,0.12447721901868417,0.10180372105298899,0.20315730211968264,0000SET_000_DJI_1811.T
0.058257063737757436,0.22411653367079382,0.12470110127240236,0.09848785293767323,0.2038394638114604,0000SET_000_DJI_1821.T
0.058225761974584844,0.22170092352574572,0.12381154333371527,0.10047634232769909,0.20783091267335554,0000SET_000_DJI_1831.T
0.05828032531450156,0.22137481264250625,0.12355269788028364,0.09810499900542034,0.19588524000209886,0000SET_000_DJI_1841.T
0.05827227218150997,0.22030865951945805,0.1229285303017448,0.09638917103137072,0.20173176572036988,0000SET_000_DJI_1851.T
0.05825022014722418,0.21915952574710304,0.12227866795501827,0.09890751970118386,0.2070315662722684,0000SET_000_DJI_1861.T
0.05794604226600215,0.21803276349370904,0.12150919769098154,0.09726553013001948,0.19467231176269723,0000SET_000_DJI_1871.T
0.05794999908693346,0.21796410254601362,0.12139461224042149,0.09675705713143232,0.19491007454873066,0000SET_000_DJI_1881.T
0.058023434158559775,0.21783586478457143,0.12140120384977149,0.09661555031553368,0.19479370044946565,0000SET_000_DJI_1891.T
0.05815358420517447,0.21978016712238557,0.12240931683193076,0.09811640747026362,0.19747687736867528,0000SET_000_DJI_1901.T
0.05563131966976929,0.2149291364932138,0.1189022279840353,0.09285490970233072,0.18499122552067804,0000SET_000_DJI_1911.T
0.05446585938922455,0.20596824927852103,0.1272945862678102,0.051135521931921425,0.10720529089488279,0000SET_000_DJI_1921.T
0.05701925369033988,0.11928181889983873,0.11735940233925002,0.29386145803394115,0.2673782806620988,0000SET_000_DJI_1931.T
0.28690059969515347,0.3622039094750596,0.3899854270872362,0.45819776503437687,0.48965713293502866,0000SET_000_DJI_1941.T
0.23398643002318298,0.3155109840857828,0.36401259769383976,0.43420442339903736,0.4626654868078323,0000SET_000_DJI_1951.T
0.09272546237457395,0.24266577663641425,0.17618931594585624,0.3799134566907209,0.40931106735065914,0000SET_000_DJI_1961.T
0.05154770123765981,0.2238708366205625,0.13303402593046107,0.07760796633717441,0.15616260174967467,0000SET_000_DJI_1971.T
0.05927619844278373,0.1970256987950994,0.12479230046058411,0.05161795562170032,0.10207974869519781,0000SET_000_DJI_1981.T
0.058623076280080476,0.18932029591688798,0.12101853753501596,0.05121122688400312,0.10308271496850205,0000SET_000_DJI_1991.T
0.058444183301035756,0.1848703098393785,0.12417014944021097,0.05480900328094075,0.10046150557709513,0000SET_000_DJI_2001.T
0.05857866373596229,0.18455291099877263,0.12342721563127965,0.05441156730059178,0.10528591785597616,0000SET_000_DJI_2011.T
0.058761854202582176,0.18393187665517502,0.1229717196898978,0.05226824757731255,0.10565894790552585,0000SET_000_DJI_2021.T
0.05875782073888181,0.18415048772388368,0.1230880376594927,0.052567942617929526,0.10576879394594794,0000SET_000_DJI_2031.T
0.058700248785401886,0.18415759138943466,0.12308196064905386,0.05235205515580133,0.1056180527299241,0000SET_000_DJI_2041.T
0.05875766758744104,0.1843161043102174,0.12365264873367465,0.05383874749634478,0.10193221114492304,0000SET_000_DJI_2051.T
0.057630936848658554,0.18854348317769853,0.12157232598687032,0.04904592353652824,0.09858128287736637,0000SET_000_DJI_2061.T
0.05898011490054535,0.16422098972913018,0.12704732392132118,0.05246070244928544,0.10342155492851463,0000SET_000_DJI_2071.T
0.05878971808624435,0.1628869935745942,0.1253778588880163,0.026052725474368935,0.10393465068090568,0000SET_000_DJI_2081.T
0.059187454864207636,0.16498510295733856,0.12573728727594746,0.02595741235237147,0.10274034642173785,0000SET_000_DJI_2091.T
0.05906794838351291,0.1646779470516196,0.12505579409579276,0.026537952730164717,0.10563251646012647,0000SET_000_DJI_2101.T
0.059822583560134514,0.16770486494687453,0.12743790074953903,0.047123302959779026,0.09723353719960719,0000SET_000_DJI_2111.T
0.05855436489778668,0.16013875352740217,0.12193190920520676,0.025735814402308103,0.10426274994892074,0000SET_000_DJI_2121.T
0.05799207739428936,0.15668487407992904,0.12651586780687207,0.02615683897801483,0.10324108157433129,0000SET_000_DJI_2131.T
0.05828041333751166,0.1581868354014432,0.12674428367459567,0.02504406627566841,0.10195225808320577,0000SET_000_DJI_2141.T
0.058685641475397315,0.1611154855825257,0.12369017458146556,0.025776025646418226,0.10360509990072331,0000SET_000_DJI_2151.T
0.05909993458637161,0.16080408135834634,0.12435471481657369,0.02575684793474841,0.10211784886710536,0000SET_000_DJI_2161.T
0.058526998755925805,0.15768340334355424,0.12847347828071992,0.026610494306847973,0.1035348372225037,0000SET_000_DJI_2171.T
0.05842631801045743,0.15698550870480893,0.1277214138072369,0.027032432193866543,0.05320045840379491,0000SET_000_DJI_2181.T
0.05798916858700042,0.15540532670100915,0.12654666417964872,0.026766330158515813,0.05278637218959742,0000SET_000_DJI_2191.T
0.05805801060333092,0.15636752876983812,0.12657086593671257,0.025924626788764144,0.10141747456997169,0000SET_000_DJI_2201.T
0.05806976298721872,0.15623499870474894,0.12629129724940358,0.026692878445271552,0.05258319744297154,0000SET_000_DJI_2211.T
0.057963008503018595,0.15520391184484078,0.12500198355224187,0.026882564107646133,0.051504503266901036,0000SET_000_DJI_2221.T
0.057747937690927974,0.1533224702262314,0.12309168046920008,0.026006326143689425,0.05372215503392184,0000SET_000_DJI_2231.T
0.05788700862218672,0.15237819460606614,0.12815656117508858,0.02585518566247761,0.051213817183752626,0000SET_000_DJI_2241.T
0.05854210366979276,0.15239609930367332,0.12506859301510226,0.026325610887060476,0.05233356305028143,0000SET_000_DJI_2251.T
0.05914030087695733,0.1543215218222963,0.12194336905153247,0.02538916061356325,0.10025296718047529,0000SET_000_DJI_2261.T
0.057523784053021505,0.15496261044504012,0.12286798784693617,0.025536897477592947,0.10118735544946442,0000SET_000_DJI_2271.T
0.05911286970960683,0.1545093567801529,0.12212072504023735,0.025424598545298428,0.10043859196745955,0000SET_000_DJI_2281.T
0.05845252434336155,0.15226792249209653,0.12524911499875724,0.026377101530880975,0.05246398584213105,0000SET_000_DJI_2291.T
0.05751668340048248,0.1516244138012432,0.1274123274497021,0.025543802451023598,0.052852174582079255,0000SET_000_DJI_2301.T
0.05743618494017753,0.1528501416826894,0.1281321196541078,0.025809424266422264,0.053448200335344184,0000SET_000_DJI_2311.T
0.05744797378668834,0.15387424757264329,0.1241096448207051,0.026603327289734205,0.051257961972464613,0000SET_000_DJI_2321.T
0.05204078325321605,0.15346387318727345,0.11207081784697973,0.028186141189717934,0.06818932320860639,0000SET_000_DJI_2331.T
0.05847405722588521,0.15739696475906334,0.08637934754196325,0.0284716926964454,0.06432142115136674,0000SET_000_DJI_2341.T
0.04804023443120835,0.07710749505533478,0.060064664054700824,0.045330876654546104,0.057964163183946295,0000SET_000_DJI_2351.T
0.05885999964176431,0.17268855739347982,0.10412040090850744,0.06498672845076693,0.08676120961971308,0000SET_000_DJI_2361.T
0.055796697703722115,0.17272724411149432,0.10928595317870506,0.03842870630648361,0.09339221231424946,0000SET_000_DJI_2371.T
0.061322282598395575,0.19014526788706398,0.12059704269991717,0.05058194501107953,0.13537935205061574,0000SET_000_DJI_2381.T
0.09626116291912296,0.2018952409195668,0.1166450894541884,0.07374215617971769,0.10652424733072796,0000SET_000_DJI_2391.T
0.051125042601096266,0.18680302749820676,0.10651142886442626,0.061844973527331856,0.09362686628806052,0000SET_000_DJI_2401.T
0.055396902642579036,0.17529257980567128,0.10438581771663767,0.04132384448687659,0.11356562890430257,0000SET_000_DJI_2411.T
0.05469970275548697,0.1731203920764665,0.10288650849643764,0.04026768899334653,0.11260713316550224,0000SET_000_DJI_2421.T
0.05202500130377946,0.1703230436168482,0.09539625265279755,0.06807816723084602,0.09178885843113083,0000SET_000_DJI_2431.T
0.2540401485837595,0.3955312706329793,0.24659519308104227,0.16228711326440295,0.2559505825683287,0000SET_000_DJI_2441.T
0.053424517559521316,0.21963480867906832,0.12388447986545426,0.049733135348930604,0.09994236519095036,0000SET_000_DJI_2451.T
0.09183655708948116,0.2843320702819201,0.1664026381838946,0.08402913705899179,0.18269623866229023,0000SET_000_DJI_2461.T
0.09720091197633181,0.2747104572873857,0.15907170641815316,0.08005034391873392,0.17619212866174855,0000SET_000_DJI_2471.T
0.08683329796345028,0.24901420800220386,0.14453021426782392,0.0823383873818135,0.1809237108179646,0000SET_000_DJI_2481.T
0.1630594053187562,0.2559935948073546,0.15050434166435794,0.0717799887531791,0.16926780197857413,0000SET_000_DJI_2491.T
0.0516074962092781,0.222311522035473,0.12370568081252385,0.05318051543813147,0.10571258558023615,0000SET_000_DJI_2501.T
0.10553349759204302,0.23737707875828862,0.132133113952833,0.08911235801965489,0.19578536230091162,0000SET_000_DJI_2511.T
0.05747596238293374,0.21826785410903987,0.12600390414850693,0.08761014377050899,0.1981000578854429,0000SET_000_DJI_2521.T
0.053378774254873605,0.20149949815745255,0.11624902289070693,0.08793028770665944,0.17761380571420066,0000SET_000_DJI_2531.T
0.05969193784736005,0.18457985677790317,0.12543705914869557,0.07774365505094685,0.09162674839726204,0000SET_000_DJI_2541.T
0.05876614244151468,0.19459701761240827,0.12502447948626425,0.04107548622089803,0.08923419544516065,0000SET_000_DJI_2551.T
0.0588233951531994,0.16582705319951907,0.12485914181700516,0.02667711336200553,0.10619376754908658,0000SET_000_DJI_2561.T
0.030736237923618993,0.11280542774959645,0.07749811839990081,0.0375691718648638,0.13502842499360315,0001SET_000_DJI_2761.T
0.03178564857262496,0.11345156724978717,0.08066203465559246,0.07496972287677901,0.14079232605227815,0001SET_000_DJI_2771.T
0.037481390493954256,0.11787240361779595,0.07689788972884232,0.054523365132650284,0.1018727613159483,0001SET_000_DJI_2781.T
0.028259500220693776,0.11369486991618782,0.07456420218015325,0.04909962122995506,0.09640427354594365,0001SET_000_DJI_2791.T
0.03369645051174504,0.11124333646575427,0.07853776606221526,0.0373344551771817,0.13641247157973785,0001SET_000_DJI_2801.T
0.03507773007556711,0.11281869799410121,0.0783972287296744,0.06450703391596832,0.13358829164825203,0001SET_000_DJI_2831.T
0.030419139806533595,0.11757282502084399,0.07632207567880216,0.07132536066213335,0.1346158475612062,0001SET_000_DJI_2841.T
0.03082993272833069,0.10535157341232002,0.07775847157465887,0.03610899232497082,0.13622084157730652,0001SET_000_DJI_2851.T
0.04583145789728078,0.10674792885099202,0.07065055314927328,0.03731379674621677,0.0916118154309023,0001SET_000_DJI_2861.T
0.034193576418593774,0.10662169218874384,0.08062492649813982,0.07933383357842247,0.14496169462835098,0001SET_000_DJI_2871.T
0.03926012833245271,0.110218144577158,0.06606182024402685,0.04939143974188262,0.10366063200391964,0001SET_000_DJI_2881.T
0.03412190817954157,0.10801272634382086,0.07969743783804145,0.07600494110099351,0.14057754198772804,0001SET_000_DJI_2891.T
0.03411782482984085,0.10806579282785035,0.07970128145355335,0.07593953005734526,0.14103076951508575,0001SET_000_DJI_2901.T
0.03392801431238775,0.11116775407064063,0.0822816307507573,0.07570264901779919,0.13851297114587321,0001SET_000_DJI_2911.T
0.035218466930452365,0.11103793329966247,0.08232324296341478,0.07607547236065235,0.13872942889067408,0001SET_000_DJI_2921.T
0.033959999847796254,0.11082348349503665,0.0824958699370045,0.0765094801868991,0.13935649864627356,0001SET_000_DJI_2931.T
0.03358285446481914,0.10392513436027559,0.0791895999349826,0.03915975720792489,0.14119554253912625,0001SET_000_DJI_2941.T
0.033137820106048196,0.1050869381749055,0.0774277977266614,0.038214746882747584,0.13813520416419278,0001SET_000_DJI_2951.T
0.03240383455861834,0.10540121074121775,0.07854378345636837,0.03709773382149621,0.13864017613103718,0001SET_000_DJI_2961.T
0.03175725270839308,0.10455362945580181,0.08030911795116252,0.03832999422349331,0.14079467580725985,0001SET_000_DJI_2971.T
0.03247831514318115,0.10408981077929934,0.07831799511681364,0.037729935506873015,0.13933902141987153,0001SET_000_DJI_2981.T
0.031941850890094076,0.10525886942315171,0.07649607508900008,0.03664994431180532,0.13688206708016798,0001SET_000_DJI_2991.T
0.0319473004306311,0.10560135150716252,0.07651720364873481,0.03653510317139967,0.13670504953687077,0001SET_000_DJI_3001.T
0.032003318567680794,0.1056727512411498,0.07655421749525373,0.0365637794697016,0.1368398951040462,0001SET_000_DJI_3011.T
0.03206036722145641,0.10606879396155602,0.08058793102957326,0.03649446877746488,0.1366122094506305,0001SET_000_DJI_3021.T
0.03202125230149003,0.107171266760107,0.08037526041112461,0.038465342944257616,0.1407183515039374,0001SET_000_DJI_3031.T
0.03289467588749813,0.1099799558120442,0.07987392621385336,0.038017754474253415,0.13777592577467396,0001SET_000_DJI_3041.T
0.03522642208959341,0.11886292363620424,0.07724287196917018,0.07236680623776853,0.13074397575936397,0001SET_000_DJI_3051.T
0.03498267562971975,0.11487103313604279,0.07950544652307304,0.03809976674517413,0.1401099417843904,0001SET_000_DJI_3061.T
0.03609314377541567,0.11259694685127292,0.07842189983634928,0.03641386195550852,0.1344058310684874,0001SET_000_DJI_3071.T
0.036278146185781734,0.11407014278120281,0.07946304149752761,0.06656148359408934,0.1308266810351345,0001SET_000_DJI_3081.T
0.03665790615936025,0.11759147292282594,0.08211199735343666,0.06181991899340338,0.12637181131786546,0001SET_000_DJI_3091.T
0.036682568694588684,0.11717681558544096,0.07773996237918511,0.06280537926748252,0.12837799536704533,0001SET_000_DJI_3101.T
0.03573595310116428,0.11484272077117696,0.0760299710378898,0.05743205673802043,0.11925171173373961,0001SET_000_DJI_3111.T
0.035586335670395194,0.11476825481123298,0.07583643645113669,0.05721930475083192,0.11884756089567042,0001SET_000_DJI_3121.T
0.035631151706458725,0.11483034534796144,0.0759287503262541,0.05673632238094958,0.11778496871473049,0001SET_000_DJI_3131.T
0.035618368808364456,0.1150785993055824,0.07581645072810136,0.056425933750747316,0.11500613643404217,0001SET_000_DJI_3141.T
0.036714038319946574,0.11730138493608552,0.08205520560989303,0.06568174113485309,0.1308500750992548,0001SET_000_DJI_3151.T
0.036924870135555274,0.1173220128632173,0.08216894918287293,0.03555549503178566,0.13404398168800646,0001SET_000_DJI_3161.T
0.03673718611375111,0.11644858089282534,0.08178881628973014,0.03743283219153012,0.07041559391162375,0001SET_000_DJI_3171.T
0.035441961795737664,0.11623935717754166,0.08178336936890737,0.03859156311595435,0.07120249324708339,0001SET_000_DJI_3181.T
0.03556522461396271,0.11611157224523821,0.08196771612510681,0.03825377091732158,0.07051574002447553,0001SET_000_DJI_3191.T
0.03551356473495933,0.1160231244390397,0.08204176238500288,0.03830095478232842,0.07059162085827195,0001SET_000_DJI_3201.T
0.035351815345644216,0.11597021701025663,0.08192542900055397,0.03847114314830373,0.0710356945138344,0001SET_000_DJI_3211.T
0.035233396454490626,0.11593231909386773,0.08176667218234177,0.03855041132170852,0.06894711183137728,0001SET_000_DJI_3221.T
0.03386836248018009,0.1157581075920926,0.0814436562767354,0.03842082250720512,0.06894559544586068,0001SET_000_DJI_3231.T
0.03384502610930222,0.11509877375376526,0.08096364803812645,0.038087388955180185,0.07084351844212297,0001SET_000_DJI_3241.T
0.03381505111245292,0.11463926464189825,0.08065538011823017,0.037820829145181145,0.07048399021336141,0001SET_000_DJI_3251.T
0.03385344104993002,0.11486409027824515,0.08078164992032896,0.03794828309436685,0.07065242950681758,0001SET_000_DJI_3261.T
0.033914381816991565,0.11495542880734302,0.08079400259916356,0.037933172870454876,0.06805193588994778,0001SET_000_DJI_3271.T
0.03398700770395072,0.11437405011957967,0.08029825658624792,0.03747822724720461,0.06980206196076885,0001SET_000_DJI_3281.T
0.03351250900001815,0.11597806769369488,0.08158020108015555,0.03616620329695171,0.06899787718865655,0001SET_000_DJI_3291.T
0.03207248676377779,0.1128898180754982,0.07967219132365994,0.03678877545997183,0.06882339240825913,0001SET_000_DJI_3301.T
0.03062145827462993,0.11081542743953747,0.07878668027259675,0.03658349651552652,0.06865039998741206,0001SET_000_DJI_3311.T
0.029898716460120205,0.10758092305826554,0.07654905284450926,0.036917186210979336,0.06984990560248591,0001SET_000_DJI_3321.T
0.02976331667296677,0.103070687432219,0.07485042242102413,0.035215804276594626,0.06380142541250985,0001SET_000_DJI_3331.T
0.029828276957719294,0.10229274922913183,0.07794643734092996,0.03545764044640915,0.06690666321204528,0001SET_000_DJI_3341.T
0.0326392008042383,0.10486805855393921,0.07491484597404961,0.06434708193033103,0.0966793899207299,0001SET_000_DJI_3351.T
0.032667808041065616,0.0971201577562815,0.0675432289727485,0.05598141266773056,0.07978469447940542,0001SET_000_DJI_3361.T
0.02875980284160133,0.050995014681611286,0.037375911041760905,0.027501985766020358,0.03569953938802921,0001SET_000_DJI_3371.T
0.02413660528427293,0.03575713565354807,0.03097573293785896,0.015469324098622046,0.020721929956548132,0001SET_000_DJI_3381.T
0.025163484775118178,0.03548327611651784,0.03247054288657267,0.015330422489303528,0.02059906293535553,0001SET_000_DJI_3391.T
0.0322183530200288,0.038689286975658,0.03998587048926831,0.01330194147070331,0.03186951115724223,0001SET_000_DJI_3401.T
0.03286190606992673,0.042695158428812593,0.04275549376122617,0.014641601746118435,0.017930595033701435,0001SET_000_DJI_3411.T
0.03024060678256948,0.038069468238431145,0.041994075765194976,0.025204724756062447,0.024423353278136307,0001SET_000_DJI_3421.T
0.03297165918443004,0.050917276060723014,0.05283506248946958,0.02457377378625593,0.037086879726805855,0001SET_000_DJI_3431.T
0.030687126009910207,0.11054633986946978,0.07815625758930064,0.036845201971218336,0.13609889261047997,0001SET_000_DJI_3501.T
0.03171245741301992,0.11085083005830565,0.0776233469481114,0.0370586321686404,0.13656402987010993,0001SET_000_DJI_3511.T
0.031690969369631575,0.1112884725361131,0.07763786562532454,0.03700285974694621,0.13629296452956008,0001SET_000_DJI_3521.T
0.030751842894232093,0.11160885847946606,0.07780104028404256,0.036992569147477464,0.13620289358765636,0001SET_000_DJI_3531.T
0.030640964307362215,0.11143238013400648,0.07770891377061018,0.03695869467939231,0.13620211277618421,0001SET_000_DJI_3541.T
0.03170234456336593,0.11134790755269235,0.0776633177694894,0.03695467637475569,0.1360817218540493,0001SET_000_DJI_3551.T
0.03157078067637305,0.11124583090690407,0.07760756980740652,0.036935364075084506,0.13604924538640822,0001SET_000_DJI_3561.T
0.033883032671985946,0.11172571860315833,0.07819528180550708,0.037171211878586616,0.13677050356724516,0001SET_000_DJI_3571.T
0.03408837359162753,0.11224454460843213,0.07861784647146891,0.03727008634743871,0.13686376894971353,0001SET_000_DJI_3581.T
0.04388778859767682,0.11323949974953124,0.06989916494608353,0.06333481766213572,0.09028094924251501,0001SET_000_DJI_3591.T
0.04126810314149022,0.11330624588349208,0.06976946432372762,0.06585966676157855,0.09016704547326426,0001SET_000_DJI_3601.T
0.037416358614568615,0.1134073482344128,0.06978818270219425,0.042133908773622164,0.09030305069001547,0001SET_000_DJI_3611.T
0.037340146123084006,0.11310582115496008,0.06964250906858135,0.044721002988093145,0.09019612229327104,0001SET_000_DJI_3621.T
0.03985938392102324,0.113033422819354,0.0695620287482053,0.05764211260729749,0.08993886761222154,0001SET_000_DJI_3631.T
0.037392460713925595,0.11308929805930071,0.06965853209754821,0.044215409733893325,0.08923667357551465,0001SET_000_DJI_3641.T
0.027836092275351866,0.11192957202772738,0.0731053359368771,0.050643317917927526,0.11469975518515824,0001SET_000_DJI_3651.T
0.030331858144384896,0.11161355105504261,0.0770777206875976,0.06248751363120599,0.13515681302408136,0001SET_000_DJI_3661.T
0.03222788239566425,0.11174091352604897,0.07927513882455428,0.07106775464759141,0.1311888313800818,0001SET_000_DJI_3671.T
0.03118795054521563,0.11471750974812586,0.08649957383731666,0.07272553825017208,0.13363534779445027,0001SET_000_DJI_3681.T
0.03263792030379448,0.11674808129403476,0.09270492094353232,0.07351817537703983,0.13715196557195025,0001SET_000_DJI_3691.T
0.031301005493642134,0.11703432833060068,0.09419273890548316,0.07149376004208724,0.13206664017416847,0001SET_000_DJI_3701.T
0.03230907019705996,0.1161718324797808,0.09226719296129987,0.0756612747749125,0.13478946065301367,0001SET_000_DJI_3711.T
0.033164431049612086,0.11535314569110255,0.08950605539960726,0.07509006614395525,0.13608765397946854,0001SET_000_DJI_3721.T
0.03445723249413003,0.11501338167215454,0.08831407629801771,0.07647015762622458,0.14016558975273152,0001SET_000_DJI_3731.T
0.03445075390962406,0.11506293185572086,0.08848377641347815,0.07665166878685559,0.14053608634431086,0001SET_000_DJI_3741.T
0.03464992918243088,0.11529745368934341,0.08943885910236082,0.07819347703444415,0.14235516975286028,0001SET_000_DJI_3751.T
0.03349995376287328,0.11580803909551664,0.09132319281532593,0.07426058695471249,0.13969625466762664,0001SET_000_DJI_3761.T
0.03491824307920082,0.13320189538850602,0.08976425289487014,0.0937330447947397,0.11009863940527832,0001SET_000_DJI_3801.T
0.03156922230608293,0.13104196528222106,0.08903765206117628,0.06277689590629332,0.13519279507870877,0001SET_000_DJI_3811.T
0.0328899415269492,0.12944955226416355,0.08804750086754862,0.0723342633593836,0.13912816214012763,0001SET_000_DJI_3821.T
0.03438384494635002,0.12699180571551713,0.08696667048058318,0.07340657799374506,0.14256695766909408,0001SET_000_DJI_3831.T
0.0347635220366428,0.1277138844908209,0.08787992127678923,0.06954923611243954,0.14116294813800914,0001SET_000_DJI_3841.T
0.03491428844484968,0.13023889052929277,0.088594743968131,0.07455705499686273,0.14249077106662747,0001SET_000_DJI_3851.T
0.03214687973833481,0.13502014251272668,0.09060127029226987,0.08140270035424603,0.11248269682844382,0001SET_000_DJI_3861.T
0.03356246459292446,0.13733486196204012,0.09126063067332357,0.09406779220940083,0.11994556924627198,0001SET_000_DJI_3871.T
0.05508360929897513,0.13828217394713632,0.09191902338330386,0.0667919710603709,0.12200371984343247,0001SET_000_DJI_3881.T
0.04886005485971713,0.1399674228664033,0.0928746264890056,0.06833203138424232,0.12395757289605398,0001SET_000_DJI_3891.T
0.04909046195148984,0.1436923139664526,0.09439068310953264,0.07041947278715296,0.12934564256251804,0001SET_000_DJI_3901.T
0.03386695625341776,0.14535733719368166,0.09480395231974073,0.10425190262725409,0.13068705762500724,0001SET_000_DJI_3911.T
0.03245659057396259,0.15091189677291628,0.09569805191408862,0.06940831041464882,0.1302975402489154,0001SET_000_DJI_3921.T
0.032177506048033176,0.15837154085282576,0.0961992336100804,0.07785430379799897,0.12738677104056034,0001SET_000_DJI_3931.T
0.04934780630700543,0.15306431572278545,0.09525535752477253,0.06739846971648986,0.12886734014507997,0001SET_000_DJI_3941.T
0.03208891598687327,0.15129074011810817,0.09933386984491527,0.07577901601916644,0.13846154599300953,0001SET_000_DJI_3951.T
0.03446245786703343,0.15328232845527578,0.09728092569380893,0.07029958573457251,0.13119812983104626,0001SET_000_DJI_3961.T
0.06394949949797134,0.150411704168844,0.10232504493879674,0.10468731521283119,0.12491490006648967,0001SET_000_DJI_3971.T
0.03541215088115429,0.13986209486896667,0.09634564053618577,0.05378960982045049,0.11567152705222583,0001SET_000_DJI_3981.T
0.03207998403711329,0.14824168369352392,0.09276107340336535,0.07434658833483564,0.13444368118689098,0001SET_000_DJI_3991.T
0.03212144843827973,0.14794931418039675,0.092662418774804,0.0737610931320449,0.13372457562088547,0001SET_000_DJI_4001.T
0.03241846499092585,0.14864920573014978,0.09314745587860296,0.07510591865867325,0.13568375759350515,0001SET_000_DJI_4011.T
0.032370388113879926,0.14784998153386952,0.09302412268130278,0.07096127266683475,0.13446578749452215,0001SET_000_DJI_4021.T
0.032592618525910874,0.14481122619648218,0.09361744054066234,0.07047793964615863,0.13364791975179752,0001SET_000_DJI_4031.T
0.03265582283196676,0.1462391804017204,0.09411805409624541,0.06870824588661598,0.13566676360917268,0001SET_000_DJI_4041.T
0.03244586756918512,0.147799738900564,0.09307371630189884,0.07310443052496621,0.1350954897831294,0001SET_000_DJI_4051.T
0.03260711881254575,0.1462031012353333,0.09601776876115203,0.06347416399924707,0.13251518398587708,0001SET_000_DJI_4061.T
0.04992050047249756,0.1477558195083567,0.09544346366419021,0.0627186609401344,0.11823539329344324,0001SET_000_DJI_4071.T
0.03732123430798175,0.14832071494760446,0.09517634599138455,0.06358153167800429,0.11838852095705327,0001SET_000_DJI_4081.T
0.03242748724582378,0.14964759772035563,0.09353667818531243,0.07172973521068673,0.14111344173504625,0001SET_000_DJI_4091.T
0.033668892348427765,0.11804435686954805,0.08181766566045369,0.03888476053837736,0.1361324677904204,0001SET_000_DJI_4101.T
0.03351700858299021,0.11112813837648894,0.08102898375916813,0.0395304178334611,0.14146852626383122,0001SET_000_DJI_4111.T
0.03168098114813622,0.11269541470903444,0.07768100827908428,0.03891419975141728,0.1434560665032425,0001SET_000_DJI_4121.T
0.03221933592735378,0.1046735422219337,0.07846131820762511,0.05946344169586981,0.1152622086873829,0001SET_000_DJI_4131.T
0.033159912625847596,0.10014434978502844,0.0748978876893868,0.034863850084393,0.06311450334369051,0001SET_000_DJI_4141.T
0.031033469904896433,0.09212850787389928,0.07326291042669356,0.03347104425916039,0.05675067113630662,0001SET_000_DJI_4151.T
0.02978056785921476,0.0812351213502864,0.06539043897452784,0.030257956524168548,0.05034599049332952,0001SET_000_DJI_4161.T
0.02930783241165389,0.08123146257085251,0.06820380657893509,0.028647786633166018,0.049335341636062555,0001SET_000_DJI_4171.T
0.029610801920501577,0.08462684132182685,0.07439228792318667,0.03144480480810188,0.057556509245670545,0001SET_000_DJI_4181.T
0.03288405252255643,0.09682097160513851,0.07501942881512516,0.03637635967202894,0.06871063196305756,0001SET_000_DJI_4191.T
0.032113119445796943,0.08943563604161181,0.07395385183842379,0.034410815456198035,0.06487274208808695,0001SET_000_DJI_4201.T
0.03184465592536685,0.08560639856697685,0.0750955757800866,0.035541399817771796,0.06665381720426983,0001SET_000_DJI_4211.T
0.03179610225140064,0.08341685999704077,0.07701646992719435,0.034513257457263934,0.06439468716145717,0001SET_000_DJI_4221.T
0.03152036688874668,0.0776802627083493,0.06850033606551997,0.030296981363554423,0.05094631821526435,0001SET_000_DJI_4231.T
0.03082780207254656,0.04927518089144239,0.04798710696290553,0.029269798615874934,0.02882622252816449,0001SET_000_DJI_4241.T
0.031494558472278764,0.03745550529571187,0.04084620476593255,0.023810668039902318,0.023169306906600247,0001SET_000_DJI_4251.T
0.03138401268732771,0.03906687524267426,0.04168336043707198,0.020374947781649864,0.0242533939096328,0001SET_000_DJI_4261.T
0.02109465908312924,0.03443535411461695,0.030027265154318958,0.014724112772436088,0.01956954189656384,0001SET_000_DJI_4271.T
0.030475208058993494,0.04603437324360026,0.042511904174475784,0.011337836135071847,0.01499376629138385,0001SET_000_DJI_4281.T
0.03042779761259569,0.046301969809280016,0.04375126149180439,0.012998601914674156,0.016101553511395646,0001SET_000_DJI_4291.T
0.0259241399489265,0.030180855261496324,0.023894043485679885,0.01919038927554994,0.022898632429377723,0001SET_000_DJI_4301.T
0.028819709633563735,0.046982400383884966,0.04343823570448008,0.015340466264397279,0.01769384500767538,0001SET_000_DJI_4321.T
0.030067097526072097,0.03074458444634874,0.02294161661532538,0.014277241294751355,0.01808070861851351,0001SET_000_DJI_4331.T
0.02889730168042583,0.029044885373658028,0.02225941854907102,0.014448011304430663,0.01802202026994844,0001SET_000_DJI_4341.T
0.031085111501708583,0.028140638654711843,0.02300081024046547,0.01833381580771924,0.020480063605857347,0001SET_000_DJI_4351.T
0.033564336031892864,0.03542411464434636,0.034317504572480076,0.01825485270818211,0.0196764229145215,0001SET_000_DJI_4361.T
0.03559022407672912,0.037200362753747065,0.03586807573108831,0.02486773763401847,0.025543134267306596,0001SET_000_DJI_4371.T
0.03585829937351363,0.03747472573749887,0.03608585332829929,0.025058366947006867,0.02446370055417326,0001SET_000_DJI_4381.T
0.03561224130551246,0.038829064516423144,0.03717602452576585,0.02693794591236475,0.027066081674719293,0001SET_000_DJI_4391.T
0.03546541513332394,0.03683901466634702,0.03551187102853488,0.02690555083561949,0.025918771101062887,0001SET_000_DJI_4401.T
0.03514407070872021,0.03679205282926325,0.03550980613340028,0.025030472460479257,0.024264809869519666,0001SET_000_DJI_4411.T
0.03507885643455382,0.03677371428970993,0.034171549197298756,0.024100090928969663,0.024270287390547412,0001SET_000_DJI_4421.T
0.03546625478288029,0.03859835306585256,0.03700683331712518,0.026909823676730615,0.02699947354366017,0001SET_000_DJI_4431.T
0.03438522586251197,0.0356132631402066,0.033329562648381605,0.019337675134813825,0.020676772757057798,0001SET_000_DJI_4441.T
0.03923010628149354,0.029788130570627323,0.036806059379414696,0.014863020354386195,0.019933106154070006,0001SET_000_DJI_4451.T
0.026246750457791013,0.033527502881929266,0.032349484951711,0.014288967962653136,0.01874588722522149,0001SET_000_DJI_4461.T
0.029618641319991604,0.04256829810121569,0.039279259793452904,0.020187638789717126,0.023707687663970217,0001SET_000_DJI_4471.T
0.0313145010795256,0.04426324418774376,0.0457481041436274,0.01456376901781651,0.018910052003936365,0001SET_000_DJI_4481.T
0.03282006308162674,0.04679010307733212,0.049299313963080016,0.035946998313791,0.033042784461287195,0001SET_000_DJI_4491.T
0.03437719639286578,0.04287365508796314,0.046694840574674545,0.025459561168842404,0.02771738708742854,0001SET_000_DJI_4501.T
0.0363790435986308,0.07652926062819984,0.06980665349020046,0.03900640521710785,0.04968048635352361,0001SET_000_DJI_4511.T
0.03576086260307393,0.10069040147131522,0.07483374756504292,0.036894666609464596,0.06622386021333689,0001SET_000_DJI_4521.T
0.06548537310389,0.0982089994761298,0.06924036684223377,0.04766219248458281,0.07723200772444437,0001SET_000_DJI_4531.T
0.0676118234456185,0.10748768474740772,0.07258587511461725,0.04582933514451718,0.08051417572784096,0001SET_000_DJI_4541.T
0.03095354650313327,0.08910171235080902,0.07452862642358207,0.03160413194622887,0.06112554848106494,0001SET_000_DJI_4551.T
0.03109177804214423,0.08948820434524851,0.07478907887353473,0.03151254909852311,0.060939959540842185,0001SET_000_DJI_4561.T
0.03469206881783218,0.08954550187535787,0.07376835338484668,0.04331309849491598,0.054472284286284686,0001SET_000_DJI_4571.T
0.07279642215745216,0.13012224077335854,0.08591436780391327,0.059727172074277426,0.10396705186148292,0002SET_000_DJI_4731.T
0.0725773440268902,0.11786707797553791,0.08616201657464487,0.11381529291013237,0.12630094699890537,0002SET_000_DJI_4741.T
0.02979692226608904,0.11467196690464924,0.07373585147494847,0.03554562772635683,0.12896510187973542,0002SET_000_DJI_4761.T
0.02993398926842629,0.11502781408302423,0.07392416027162019,0.03564885977344569,0.12932433138696614,0002SET_000_DJI_4771.T
0.05031917260754521,0.04541656126961707,0.035164163063456,0.0344492401756028,0.03923159010619258,0002SET_000_DJI_4781.T
